file,freqbin_6,freqbin_17,freqbin_18,freqbin_19,freqbin_20,freqbin_21,freqbin_22,freqbin_23,freqbin_25,freqbin_26,freqbin_27,freqbin_28,freqbin_30,freqbin_31,freqbin_32,freqbin_34,freqbin_35,freqbin_36,freqbin_37,freqbin_38,freqbin_39,freqbin_40,freqbin_43,freqbin_44,freqbin_46,freqbin_47,freqbin_49,freqbin_50,freqbin_52,freqbin_53,freqbin_54,freqbin_55,freqbin_57,freqbin_58,freqbin_60,freqbin_62,freqbin_63,freqbin_64,freqbin_65,freqbin_66,freqbin_67,freqbin_68,freqbin_69,freqbin_70,freqbin_71,freqbin_72,freqbin_73,freqbin_74,freqbin_75,freqbin_77,freqbin_78,freqbin_79,freqbin_81,freqbin_83,freqbin_84,freqbin_85,freqbin_86,freqbin_87,freqbin_89,freqbin_90,freqbin_91,freqbin_92,freqbin_93,freqbin_94,freqbin_95,freqbin_96,freqbin_97,freqbin_98,freqbin_99,freqbin_101,freqbin_102,freqbin_103,freqbin_104,freqbin_105,freqbin_106,freqbin_107,freqbin_108,freqbin_112,freqbin_113,freqbin_114,freqbin_115,freqbin_117,freqbin_120,freqbin_121,freqbin_122,freqbin_123,freqbin_124,freqbin_125,freqbin_126,freqbin_127,freqbin_129,freqbin_131,freqbin_132,freqbin_133,freqbin_135,freqbin_136,freqbin_137,freqbin_138,freqbin_139,freqbin_140,freqbin_141,freqbin_142,freqbin_143,freqbin_144,freqbin_145,freqbin_146,freqbin_147,freqbin_148,freqbin_149,freqbin_150,freqbin_152,freqbin_155,freqbin_156,freqbin_157,freqbin_158,freqbin_159,freqbin_160,freqbin_59,freqbin_14,freqbin_100,freqbin_119,freqbin_29,freqbin_153,freqbin_16,freqbin_154,freqbin_33,freqbin_45,freqbin_48,freqbin_111,freqbin_151,freqbin_116,freqbin_80,freqbin_15,freqbin_24,freqbin_8,freqbin_128,freqbin_56,freqbin_51,freqbin_7,freqbin_130,freqbin_134,freqbin_82,freqbin_110,freqbin_9,freqbin_61,freqbin_41,freqbin_3,freqbin_12,freqbin_10,freqbin_109,freqbin_88,freqbin_118,freqbin_42,freqbin_76,freqbin_13,freqbin_5,freqbin_11,freqbin_2,freqbin_4,freqbin_1,freqbin_0
sid4173-anchor-COSINE-5534-F_close_177.wav,30.79123,27.965553,17.700356,10.360191,19.763971,19.637278,6.845793,1.4233987,13.643049,18.043343,12.573782,0.29217038,4.8833146,12.0857525,10.684247,2.5897899,-5.885212,-4.481863,-1.9326144,-3.9837499,-8.557107,-9.598437,-7.096085,-7.8958225,-10.585818,-11.3762665,-9.93889,-9.382655,-11.0892725,-12.041277,-9.810887,-6.6110682,-8.251394,-10.150842,-9.336077,-7.9124284,-7.01936,-8.823075,-5.969589,-4.470287,-4.2810345,-6.197572,-6.6364713,-3.7754273,-2.6379335,-3.1860852,-6.11862,-6.477838,-4.9728246,-4.62405,-5.6706467,-7.186307,-7.1546264,-7.020998,-6.394055,-7.040614,-8.559238,-8.956441,-8.637933,-8.957487,-10.057142,-11.983088,-13.421636,-13.712564,-14.073994,-16.489704,-18.139149,-18.765804,-18.96575,-20.906046,-21.933668,-21.977554,-22.535831,-24.123934,-25.986034,-25.945284,-26.285238,-26.540665,-27.747087,-28.113897,-28.030817,-28.171713,-29.066048,-29.120676,-28.783958,-28.70413,-29.236528,-29.21982,-29.405819,-29.68404,-29.615372,-29.638,-29.595156,-29.799173,-30.446781,-30.323238,-30.003277,-30.02375,-30.613457,-30.930302,-30.751608,-30.761314,-30.668114,-31.008703,-31.768267,-31.030672,-30.983446,-31.551342,-31.699924,-31.973856,-31.875792,-31.741371,-32.075268,-32.197117,-32.261642,-32.00215,-32.31561,-32.535698,-32.949184,-32.70997,-32.306446,-32.5592,-32.8786,-33.079964,-32.936634,-32.832832,-32.850777,-33.402065,-33.309895,-33.14221,-33.01945,-32.913147,-33.526794,-33.13335,-33.502056,-33.584133,-33.49168,-33.541454,-33.43289,-33.50445,-33.726246,-33.664097,-33.633972,-33.70501,-33.885185,-34.18953,-33.979607,-34.171593,-34.251167,-34.71254,-34.818264,-34.963566,-35.098686,-35.21434,-35.300186,-35.31855,-35.315517,-35.335407,-35.334724,-35.328907,-35.351013
sid4757-anchor-COSINE-7000-F_close_113.wav,17.770027,15.757872,7.7263,2.4280694,11.983285,20.702374,19.9628,17.395193,18.516775,20.717066,22.5012,18.44106,9.733993,4.7911053,6.1588135,9.392277,7.452932,3.0829241,-0.26521358,-0.03366826,3.0534053,2.4773033,-0.9479248,-5.3905225,-4.628301,-0.78031904,-2.1964254,-5.1562047,-6.7523336,-3.4294734,-0.19482823,-2.8529909,-6.529965,-7.080921,-0.88808155,3.678869,0.16330326,-5.1877522,-5.796371,-2.8323877,-0.6938872,-4.151418,-7.938447,-9.672619,-7.776163,-4.99402,-6.9228487,-9.691826,-9.897705,-8.2285,-6.87355,-8.910636,-11.112423,-10.9069395,-7.8891134,-6.414665,-8.765267,-12.064895,-12.081032,-10.101614,-8.667076,-10.519548,-13.793858,-15.830754,-14.458,-13.424391,-15.63463,-18.117903,-18.764746,-16.808262,-15.860416,-18.235521,-21.387274,-22.027605,-19.681103,-18.352245,-21.26237,-24.811132,-25.332706,-22.32112,-21.599102,-24.770947,-26.747684,-26.988052,-24.19361,-22.706566,-24.370106,-26.947739,-26.8276,-24.251453,-23.893717,-25.534582,-27.899933,-28.491455,-26.795727,-26.189365,-27.42344,-28.87231,-28.79614,-27.845537,-27.874071,-28.681,-29.2996,-29.87828,-28.528566,-28.943274,-29.160414,-30.241869,-30.869091,-30.433655,-30.895155,-30.780954,-30.333673,-31.268175,-31.049252,-30.892853,-30.312357,-30.943907,-31.034214,-30.495787,-30.376114,-30.994318,-31.798164,-31.558855,-30.833473,-30.50412,-30.319988,-31.18192,-31.71089,-30.997,-30.526876,-30.030457,-31.580553,-31.94719,-30.84196,-31.063194,-31.13455,-32.262367,-31.653862,-30.907867,-30.999842,-31.674988,-31.856384,-33.003475,-31.427362,-31.767658,-31.501217,-32.27024,-33.344093,-32.61656,-34.97446,-35.689636,-36.395668,-37.45379,-37.446922,-37.495342,-37.526047,-37.557663,-37.55426,-37.549637,-37.56093
sid3359-anchor-COSINE-3904-M_close_153.wav,20.11444,17.02493,18.980934,23.529434,21.79853,20.774399,19.990917,17.030567,15.598298,11.793805,10.366348,11.676109,10.296792,10.054651,8.254439,5.6545997,5.2304506,3.0067854,3.214736,3.7363017,0.41829205,0.10835919,0.46988502,-1.6634022,0.5130681,2.669633,2.203243,1.1346784,0.21574682,-0.060086254,0.2608016,-0.20238908,-0.8557851,-1.3304192,-1.534054,-1.575514,-1.9824802,-3.9412255,-4.6484675,-3.8881173,-4.5918317,-5.27159,-4.789634,-4.5286684,-4.5251474,-4.5552845,-3.4987829,-3.893757,-4.881576,-5.946104,-6.330082,-7.190361,-8.947471,-9.682063,-10.716678,-10.969254,-12.215565,-13.485936,-13.105544,-13.675907,-13.440233,-12.628748,-12.142895,-11.896307,-11.845321,-12.314571,-12.965469,-13.604871,-13.857967,-14.860135,-16.164682,-17.508001,-19.38594,-20.828894,-20.816597,-21.761173,-23.10279,-24.548706,-24.58229,-24.516281,-25.362017,-25.213219,-25.084621,-25.834696,-26.55751,-26.232527,-26.396704,-26.343582,-26.431538,-27.147827,-26.965366,-27.652302,-27.63338,-27.426006,-28.207016,-28.684536,-28.473747,-28.704807,-28.54574,-28.376333,-29.13333,-29.182243,-29.711283,-29.645317,-29.437466,-30.042416,-30.338022,-30.212622,-30.279781,-31.037462,-30.792042,-30.641815,-30.761925,-31.47794,-31.105501,-30.818739,-31.213388,-32.063457,-31.808735,-31.903124,-31.858517,-32.169388,-32.608105,-32.137077,-31.700487,-33.217857,-32.278103,-32.792915,-32.845947,-32.71747,-32.971962,-32.82354,-33.43402,-32.575394,-32.54971,-33.04943,-33.15084,-32.914143,-33.095356,-33.11318,-33.640244,-32.943363,-33.157112,-33.61373,-33.317856,-33.242115,-33.247166,-33.68113,-34.636177,-34.964535,-35.546375,-36.297318,-36.783142,-37.025562,-37.189884,-37.256866,-37.24568,-37.276985,-37.262115,-37.275715,-37.26689
sid5417-noisy-COSINE-7408-M_array1_76.wav,29.688103,26.500902,17.063902,10.253511,5.3714037,3.089957,0.61752176,-1.2785306,-0.5275359,-0.59246814,2.0319054,4.3964176,4.1985664,3.1186872,0.89503634,-1.5712342,-3.3363345,-5.156893,-4.7921066,-4.7301383,-3.8214035,-3.4226928,-6.08895,-7.6819515,-9.290824,-9.068018,-9.448479,-10.911949,-12.769036,-14.7296095,-15.274939,-15.749104,-15.6664095,-15.401403,-14.679073,-14.663479,-14.0246315,-14.544983,-15.402525,-16.323841,-17.429207,-17.309029,-17.6881,-17.265882,-16.68681,-17.064445,-17.025415,-18.08162,-17.678633,-18.85338,-19.341337,-18.857876,-18.512222,-18.866655,-18.722536,-18.912983,-19.307795,-19.153542,-19.66455,-19.194733,-19.553965,-19.734158,-19.326946,-18.999802,-18.114798,-18.4102,-17.575922,-17.24213,-17.12482,-16.901247,-17.197895,-16.411148,-15.147148,-15.457676,-16.569109,-16.656927,-15.361758,-16.429583,-16.120846,-17.287989,-17.386295,-18.279669,-19.305489,-20.226887,-20.068592,-20.251019,-19.23601,-18.982294,-19.238735,-18.841297,-18.698484,-18.160732,-17.752584,-17.329832,-17.91699,-17.278435,-16.443626,-16.834805,-17.245945,-16.646404,-17.82694,-18.511889,-19.3844,-19.35167,-19.304424,-19.838942,-21.111338,-21.225838,-21.266438,-21.497334,-20.6091,-20.733929,-22.07499,-22.26485,-21.805193,-21.870182,-22.272444,-22.257116,-22.867416,-23.439991,-23.046541,-24.320164,-23.237455,-23.4552,-24.490194,-24.16236,-24.677307,-24.767548,-25.706905,-26.081438,-27.018341,-28.46502,-28.045544,-28.094032,-28.61813,-29.236301,-29.20935,-29.785698,-29.72583,-29.508684,-29.8642,-30.77901,-30.936295,-30.925982,-31.226397,-31.860144,-31.934988,-32.99163,-33.69333,-34.83699,-35.735764,-36.53401,-37.28748,-37.812958,-38.069923,-38.1406,-38.12686,-38.15372,-38.151848,-38.157566,-38.15574
sid4331-clean-COSINE-5897-F_close_166.wav,14.20443,13.408094,8.478626,6.240918,18.050486,25.08251,22.425844,12.925114,8.009518,14.613186,18.998724,17.623966,12.873021,10.164188,12.752308,13.435922,13.604515,13.543289,10.033972,5.2456503,2.7966056,2.613877,4.8344126,6.995037,5.162458,0.75265586,-0.23343445,1.143071,1.4081333,1.0884093,-0.5721322,-2.062154,-0.44253337,1.5279095,1.6847217,-0.43827206,-2.4365153,-2.9582763,-0.6119697,-0.51033753,-3.2657883,-4.8978767,-5.6922455,-5.013117,-4.2515235,-5.9221535,-6.6898637,-6.128347,-6.042284,-6.0699177,-6.658927,-6.7063866,-5.7277384,-4.419442,-3.4801638,-4.209899,-5.2506022,-4.446388,-3.968538,-4.1662617,-5.004201,-7.144458,-8.677997,-9.007878,-8.873111,-8.668357,-9.547449,-10.307679,-9.807446,-8.62727,-8.485774,-7.3643823,-6.578922,-6.726277,-6.792116,-6.713729,-5.986079,-5.5533004,-7.023092,-8.600602,-9.338211,-10.087661,-10.122639,-11.183051,-11.962472,-12.244881,-11.807146,-11.9444065,-12.518854,-12.854673,-13.827237,-14.688958,-15.0272255,-14.338221,-13.610798,-14.403965,-15.133485,-16.1292,-16.19655,-16.604267,-16.233429,-16.510174,-16.794092,-16.897453,-17.07484,-16.881239,-17.546547,-16.78228,-16.576078,-16.324255,-16.415976,-17.337196,-16.848389,-17.127043,-17.758718,-17.197979,-17.32229,-18.616957,-19.16183,-18.887358,-17.916615,-17.581652,-18.409517,-19.082844,-18.274649,-18.185116,-17.361929,-17.397835,-18.303946,-18.426046,-18.054363,-17.337114,-17.01639,-17.685854,-18.18096,-17.762087,-18.134228,-18.054905,-18.622742,-19.102524,-18.60236,-18.4753,-18.267387,-18.727087,-19.09967,-19.984293,-19.711374,-19.73451,-20.694016,-22.633835,-25.247679,-27.83091,-30.106937,-33.137695,-35.484146,-36.288994,-36.43884,-36.55542,-36.550232,-36.578087,-36.538063
sid2144-noisy-COSINE-2828-M_array1_82-truncated.wav,31.171436,27.78801,17.471584,12.5303955,11.172438,15.58435,17.780277,16.5506,16.100616,14.198216,14.970427,14.831932,14.698392,13.030077,8.8293495,7.5855775,6.682324,6.024925,3.8767843,2.805491,1.5175866,1.6055868,0.45257038,-0.56813395,-0.18981513,-0.13712563,-0.052662283,0.044690337,0.2676397,0.26064387,-0.85410166,-1.0596138,-2.8950284,-5.012545,-4.6846094,-6.258095,-6.483284,-7.350892,-7.671809,-7.5309825,-8.502786,-8.81977,-8.34714,-8.1336155,-6.9714193,-6.0544205,-5.578573,-4.4544873,-3.5997846,-3.5535626,-3.8799481,-4.7125587,-5.932309,-7.2510242,-8.158943,-8.812762,-9.93893,-10.566027,-11.098317,-11.09528,-10.96554,-10.238104,-9.794112,-9.836113,-9.796944,-9.40427,-9.337757,-9.373174,-8.878225,-9.211759,-8.691239,-8.541344,-8.408278,-8.926615,-10.042211,-10.496863,-10.52024,-10.290221,-10.5294075,-11.242773,-12.506542,-13.246165,-13.084775,-12.49926,-12.586052,-12.726306,-12.980456,-13.662457,-14.146528,-14.771635,-15.4202795,-15.497588,-16.311092,-16.34607,-16.04473,-17.205301,-17.060024,-17.710299,-18.1108,-18.130018,-19.079567,-19.352842,-19.993034,-19.824028,-20.691462,-21.77647,-22.114052,-22.076637,-21.608202,-22.080933,-22.08339,-21.692656,-22.557241,-22.627943,-23.602848,-24.580467,-24.739681,-25.051697,-25.513638,-25.80388,-25.652742,-25.294674,-25.555105,-25.833672,-25.748909,-26.385406,-26.35377,-26.028503,-26.360683,-26.823917,-26.586048,-26.564972,-26.870916,-26.77249,-26.800743,-26.508205,-26.9676,-26.977596,-26.931194,-26.489487,-26.294128,-26.240036,-26.959873,-27.572634,-27.584663,-28.235514,-28.132246,-28.887829,-29.37738,-30.409954,-31.505733,-32.94677,-34.12137,-34.687294,-35.3337,-35.48892,-35.472073,-35.529076,-35.495583,-35.533897,-35.50851
sid5534-clean-COSINE-7551-F_close_96.wav,15.250214,12.970543,3.6269555,4.425978,11.253461,13.396305,12.927456,8.768217,6.4771976,3.5184455,-1.7388935,3.1591108,7.7196527,5.784711,-0.5404688,-2.9340425,-3.2828789,-5.003142,-7.062188,-7.2970767,-9.033721,-11.725621,-14.235254,-16.821285,-13.832598,-13.024181,-15.027124,-16.864098,-17.529575,-16.445692,-14.309367,-11.002654,-11.106625,-11.907154,-13.165447,-14.534755,-12.81557,-9.817764,-10.827946,-13.308582,-14.287121,-15.176708,-15.212967,-12.229005,-10.603332,-11.868837,-15.308114,-16.393597,-14.624222,-12.951293,-13.121184,-15.515365,-17.491608,-17.826923,-18.430342,-17.545628,-16.737297,-18.279295,-18.640587,-18.090046,-16.840914,-17.781021,-19.802769,-20.944431,-21.387022,-22.01188,-21.838758,-22.060188,-22.57991,-23.452585,-23.619184,-23.437346,-22.72651,-22.040445,-22.508614,-23.123178,-23.679483,-22.392347,-21.040257,-20.809673,-20.026064,-20.371838,-21.002926,-21.032658,-21.9502,-22.710175,-22.467432,-22.675587,-22.11227,-22.663042,-23.391804,-24.482412,-25.10955,-25.024721,-25.797043,-27.143534,-28.27716,-29.119108,-29.402172,-28.942997,-29.488232,-28.82972,-29.51223,-28.73743,-29.592058,-30.646088,-30.901335,-29.511606,-28.928303,-27.65298,-27.268429,-27.442295,-28.24503,-27.617561,-27.380234,-27.49749,-28.160162,-29.071632,-29.332886,-28.852211,-27.998425,-27.435165,-27.090744,-27.966965,-27.316883,-27.12032,-26.891756,-26.325644,-25.60165,-24.619423,-25.105602,-26.20684,-26.27961,-26.479301,-26.096516,-26.498756,-26.453455,-27.042477,-27.204319,-27.13224,-27.586344,-28.47432,-28.178177,-27.728241,-26.685314,-26.644745,-26.562405,-27.943626,-29.13646,-30.793684,-32.734272,-36.100716,-38.260094,-41.56612,-43.46837,-44.4581,-44.749737,-44.84134,-44.860188,-44.911797,-44.922676
sid2565-clean-COSINE-3231-F_close_65.wav,19.859661,18.397697,11.15526,4.9535604,10.261681,17.485802,17.589424,12.317289,5.960332,8.8195,13.344811,12.781927,10.783095,8.958661,10.635916,9.43205,4.581632,2.3860595,7.0993752,9.562318,6.072859,4.777175,4.1658106,0.6110667,2.412607,0.8626108,-3.2927296,-3.0888314,1.4295578,2.9451694,1.2573714,-1.3862723,-2.0291927,-1.0032202,-2.0732532,-1.852929,-0.6310663,-2.2597165,-4.2079287,-4.5550714,-5.371938,-6.919208,-6.7061133,-8.3900175,-10.943348,-10.881287,-8.611857,-7.7503853,-9.423117,-11.616863,-11.0921335,-9.37307,-8.839996,-10.568491,-11.095373,-10.9223385,-10.583761,-9.040144,-8.316286,-7.6892567,-7.499266,-8.818895,-12.035791,-13.485736,-11.99514,-10.4896145,-11.542856,-14.555864,-16.922958,-17.53976,-16.850151,-15.076305,-13.680302,-13.922434,-14.886417,-15.2963295,-15.837846,-15.773407,-12.640065,-11.758984,-14.481953,-16.388271,-15.418135,-14.652164,-14.487558,-15.128612,-14.964486,-14.951254,-15.332157,-16.592628,-16.249302,-15.547813,-16.85675,-16.398523,-16.299799,-17.14243,-16.424826,-15.630209,-16.453321,-17.354996,-15.997249,-16.37148,-16.928295,-17.413214,-19.30916,-20.555626,-21.018326,-20.683918,-19.601444,-19.803387,-20.34787,-21.973001,-22.352146,-22.599752,-21.719378,-20.568455,-20.770409,-21.177425,-21.459976,-22.606552,-23.645847,-22.676012,-22.542898,-22.567482,-23.108465,-24.378347,-24.414454,-23.90045,-23.230576,-24.239283,-24.196838,-24.672192,-24.14193,-23.403082,-23.612558,-24.715424,-23.65328,-23.379086,-23.784254,-23.432245,-24.320524,-24.628,-24.913162,-24.742882,-24.826736,-25.537586,-26.379028,-26.927017,-27.520655,-28.377739,-30.578773,-32.71664,-35.129948,-37.165733,-38.633797,-39.044735,-39.23307,-39.252583,-39.263058,-39.25287,-39.298008
sid3543-clean-COSINE-3904-M_close_91.wav,15.600501,11.867878,15.027289,22.428318,21.353094,18.21408,19.165848,19.327793,19.079044,17.141834,14.168881,12.96816,13.477148,15.132657,16.172112,15.140074,11.470657,8.361729,10.372484,10.061909,6.1656466,5.707988,6.4761896,4.4316034,1.7079996,1.8446119,2.3199322,2.1410277,3.1959434,4.390937,4.4110246,2.6573696,2.2535253,3.7186418,3.0083785,1.7103596,1.2313814,0.5670123,0.052195676,-0.83290064,-0.5966838,-0.8995571,-0.5318826,0.1422994,0.92557937,0.9422029,0.72525114,0.8943759,0.90473384,-0.21091074,-1.5923476,-2.7218652,-3.9170983,-5.233428,-6.658156,-8.068529,-8.762825,-8.815033,-9.445259,-10.103169,-10.021605,-9.918081,-9.596654,-9.1428795,-8.69445,-8.606026,-7.5408516,-7.4325294,-7.321043,-6.3426886,-5.3061514,-5.369314,-6.2350945,-6.897848,-7.233851,-6.65071,-6.148913,-6.8913264,-7.159777,-6.7581086,-7.274256,-7.8213935,-7.5253797,-7.4082336,-8.124845,-7.87107,-7.891044,-8.175454,-8.5373745,-8.749874,-9.575519,-10.2550125,-11.196714,-11.005505,-11.458366,-11.018833,-12.167677,-11.907988,-12.532359,-12.9532,-13.5550785,-13.878561,-14.473224,-14.951296,-16.230564,-15.510878,-15.083661,-14.657902,-14.724149,-14.46411,-14.595842,-14.273215,-14.54329,-14.201738,-14.760393,-14.629708,-13.43541,-13.884943,-14.444212,-13.399626,-13.766547,-14.630648,-15.280117,-15.07843,-15.069658,-15.954353,-16.970325,-16.836594,-16.781284,-16.93429,-18.106634,-18.496582,-18.115189,-18.928844,-18.763601,-18.371704,-18.147331,-17.791748,-18.204723,-18.909048,-19.82698,-19.781643,-19.90806,-20.676191,-20.588694,-20.6841,-21.513988,-21.848051,-23.291172,-24.079054,-27.137499,-29.662922,-32.483715,-35.29117,-36.016624,-36.641624,-36.64062,-36.671955,-36.702152,-36.694744,-36.688076
sid0876-clean-COSINE-1399-F_close_260.wav,20.707935,18.007538,17.232782,25.759651,22.87699,11.805873,18.698898,18.97564,10.984019,13.368039,16.829567,13.294004,11.405769,14.0420065,12.62127,9.702052,11.227411,9.814538,6.557009,6.542335,5.0179806,2.7034247,3.1050587,2.1196067,0.8869631,1.5534122,1.5972798,0.4047699,0.8006046,0.5010124,-1.8381321,-2.0638444,-2.431017,-3.4212425,-3.5629597,-2.8382206,-2.5960948,-2.6124825,-2.0219345,-2.1101415,-2.7354195,-3.2473922,-4.7609205,-5.929894,-6.0955124,-6.5244694,-6.4704714,-6.1340103,-6.166432,-6.1655483,-7.0982075,-7.8528547,-7.1212473,-7.876649,-8.49074,-7.639616,-7.551639,-8.4243145,-9.332249,-9.245981,-9.806491,-11.904584,-13.347424,-13.861045,-14.659396,-15.303973,-15.611698,-15.821608,-16.176004,-16.094477,-16.084784,-16.413795,-16.018314,-15.736127,-14.903748,-14.415901,-13.698036,-13.622959,-13.859358,-13.656498,-13.255009,-13.461266,-14.346409,-14.722339,-15.148644,-16.100767,-17.443111,-17.758287,-18.034937,-18.199945,-17.29387,-17.3387,-17.315111,-15.565563,-15.379371,-15.4288435,-15.095121,-14.754834,-14.577031,-15.274739,-15.332923,-14.419247,-14.573324,-16.202784,-16.457813,-16.193,-17.9021,-18.240469,-17.348806,-18.187296,-19.110546,-18.718021,-19.037338,-20.094278,-20.209694,-20.191023,-21.120747,-21.248674,-21.036215,-21.494175,-21.821632,-21.950542,-21.488092,-21.706877,-22.705341,-21.601898,-22.288452,-23.10141,-23.352442,-22.706612,-23.85398,-24.061308,-23.064083,-23.449944,-23.595991,-23.589226,-23.815945,-24.272923,-24.100182,-25.119102,-25.59357,-24.94921,-25.094576,-25.354078,-25.03729,-25.081518,-26.080395,-27.054497,-27.4334,-28.65986,-30.248192,-32.71919,-34.288532,-35.292355,-36.366684,-36.388264,-36.469116,-36.481365,-36.502544,-36.48773,-36.499943
sid5659-noisy-COSINE-8112-F_array1_59.wav,27.449688,23.076582,10.966328,9.103156,13.709712,11.497696,10.041903,17.77603,21.60653,18.789299,13.427049,18.653084,20.103874,17.608273,17.068565,15.295514,14.658216,13.515539,10.31546,9.489702,9.397104,7.6421404,4.7516656,4.5269914,4.847818,4.0258503,3.452323,3.4434783,2.876756,1.6643857,-0.13386688,-0.4454212,-0.65705067,0.24641186,-0.73483765,-1.2806362,-0.24765533,2.2654283,1.7525603,0.30690035,1.8572514,1.5847582,0.9321398,1.404557,1.4305844,2.8072188,2.2350721,1.8222609,2.866694,5.1911216,6.1608715,5.815601,5.303166,3.9730034,5.162211,6.220012,6.4240546,4.9435134,2.573913,3.3117704,3.795168,2.2721977,-0.25487792,-1.3274286,-0.62250024,-1.6142027,-1.52484,-2.1775212,-2.2853715,-3.240523,-3.905828,-4.5238333,-4.6693664,-4.47291,-5.2469606,-4.8005257,-5.6195707,-5.811325,-6.0024114,-5.5807724,-5.6146107,-6.952534,-6.84824,-6.9926386,-7.5223823,-8.264513,-8.134596,-8.372539,-9.197134,-8.414929,-8.838364,-9.775892,-11.760141,-11.648376,-11.605484,-12.764883,-13.859604,-14.753822,-14.589628,-15.036491,-17.015034,-17.038092,-17.510756,-17.829084,-17.614655,-18.232838,-18.914896,-19.265015,-18.964462,-19.574001,-19.423477,-20.093464,-20.831842,-20.278463,-20.055502,-20.852638,-21.578714,-21.511627,-21.477276,-21.775389,-21.913368,-22.19968,-22.240904,-22.678448,-22.539385,-22.486946,-23.086197,-22.88377,-22.869423,-22.888353,-24.020346,-23.829926,-24.25249,-23.179731,-23.99291,-24.00858,-24.071762,-23.894997,-24.072515,-24.50634,-24.653719,-24.808128,-25.075401,-24.784847,-24.812605,-25.30425,-25.337736,-25.690552,-26.697628,-28.267067,-30.128712,-31.480501,-32.972187,-34.210663,-34.673634,-34.962757,-34.987816,-35.028397,-35.04924,-35.031586,-35.02782
sid5793-anchor-COSINE-9472-F_close_7.wav,27.837801,25.17493,14.361359,6.846848,14.777026,21.290033,17.918888,7.449141,3.8326952,9.489887,14.151267,12.450819,7.0996356,5.27621,3.2508316,8.118656,9.570339,6.1887574,2.5535126,0.48125714,2.4238305,2.9616218,-1.2059815,-7.092257,-9.253437,-7.9687686,-7.035084,-8.8251,-11.17206,-11.547357,-8.314442,-7.096548,-6.602333,-6.4156504,-6.5149803,-5.021449,-4.0956073,-5.7809305,-5.296912,-5.3257236,-5.903144,-5.8397474,-7.4010477,-6.7969947,-6.3586717,-7.824009,-10.425882,-11.728037,-11.52279,-9.180507,-8.952568,-10.045718,-10.854468,-9.963161,-9.015756,-9.385847,-10.060562,-10.519621,-10.104139,-9.135474,-8.785638,-8.732456,-9.5694065,-10.7609215,-11.126846,-12.022429,-12.88683,-14.944069,-17.20936,-18.816343,-20.557297,-20.98088,-22.54801,-24.318878,-26.24984,-26.957943,-25.963081,-27.424238,-27.9492,-29.082888,-29.086035,-27.53593,-28.121853,-28.938816,-29.525826,-30.303326,-29.04678,-28.274649,-29.164236,-29.728386,-30.775337,-30.118786,-28.967144,-29.717539,-30.389378,-30.878717,-31.21534,-29.730743,-30.112764,-30.877483,-31.390327,-31.334393,-30.759724,-30.498844,-31.264545,-31.609547,-31.950184,-31.318197,-31.255457,-31.920967,-31.744652,-32.82433,-32.297657,-31.579008,-32.027714,-32.415077,-32.809696,-32.74003,-32.534573,-32.38398,-32.718155,-32.65036,-33.469017,-33.000328,-32.72473,-32.944946,-32.923576,-33.903217,-33.470947,-33.198227,-33.276745,-33.636654,-33.722218,-33.633442,-33.594048,-33.48557,-33.687614,-34.01158,-34.035027,-33.713787,-33.96713,-33.723064,-34.17563,-34.73454,-33.92993,-33.85469,-34.181038,-34.504784,-34.797783,-34.43928,-35.030426,-34.99306,-35.54414,-35.484802,-35.526997,-35.521843,-35.541046,-35.536045,-35.54731,-35.540215,-35.5467
sid0853-anchor-COSINE-1399-F_close_234.wav,15.721253,12.384872,8.877117,21.66473,25.99405,22.31987,17.095264,19.048843,20.564144,18.683746,17.709684,16.353195,13.634686,12.392334,11.162579,7.358267,4.8286834,4.8506827,2.7041035,0.9981025,0.89000964,0.27754572,-1.299869,-2.3187861,-1.1762161,-1.2033551,-2.2409415,-3.2039893,-3.0336642,-3.0457149,-2.7364922,-2.2823837,-2.4393091,-2.8113153,-1.8361915,-1.4860024,-1.3912561,-0.20000526,1.0481472,0.7820271,-0.28974932,-0.83845866,-1.8519448,-2.605873,-3.145197,-4.1077414,-4.1909122,-3.4706476,-3.0111723,-3.7235677,-3.9548693,-3.876257,-2.6071754,-2.2015724,-4.1397753,-5.3400064,-4.4937506,-4.6461816,-6.127761,-6.9269676,-7.88328,-7.829662,-8.542805,-10.536329,-12.181687,-12.148695,-13.888649,-15.562191,-15.947056,-15.678233,-16.583294,-17.82872,-18.618141,-19.009571,-19.478327,-20.790272,-20.792656,-20.983807,-21.06063,-22.032434,-23.133917,-22.69405,-22.111843,-23.076326,-23.614513,-22.772175,-22.926643,-23.62928,-23.17195,-22.791542,-23.577446,-23.984737,-23.310879,-23.254238,-24.015202,-24.402588,-24.197315,-23.87644,-24.04463,-24.919851,-24.968544,-24.507912,-24.399273,-25.120491,-25.64529,-25.063257,-24.95832,-26.116089,-25.88057,-25.409174,-26.012888,-27.149952,-27.369974,-26.443712,-26.575375,-28.018478,-27.532732,-26.726414,-27.141277,-27.92569,-28.069391,-27.667944,-27.860327,-28.269491,-28.394848,-28.789112,-29.14415,-28.780514,-29.177845,-29.124294,-28.859186,-29.246529,-29.755806,-29.855078,-29.323435,-29.76473,-30.324818,-30.000587,-29.40048,-30.068342,-30.155878,-30.583666,-30.342028,-30.285662,-29.946323,-30.174969,-30.656895,-31.342255,-32.013805,-32.568954,-33.38404,-34.578384,-35.25016,-36.194305,-36.14341,-36.304134,-36.36348,-36.36048,-36.362072,-36.364075,-36.366806
sid1464-clean-COSINE-2406-F_close_103.wav,18.301077,15.341922,7.9475904,18.368832,26.038383,23.257843,13.097278,15.825672,20.018751,18.993698,16.083458,16.86312,16.439089,13.166494,10.227922,10.112014,9.070679,8.268169,8.058411,5.400634,2.8362088,2.0589595,1.1003861,-0.8625603,-1.3245783,-1.5621579,-1.9251995,-0.9026722,0.6945801,0.6763422,0.70156085,0.86859405,1.144497,0.3781986,-0.8288478,-3.1032405,-2.7953222,-2.370319,-2.9218235,-4.335696,-4.996736,-4.378057,-5.8950133,-7.5013824,-7.084153,-6.1575894,-7.627248,-9.20442,-7.907231,-6.0409384,-6.8920155,-8.134834,-7.8739333,-6.808903,-6.4383526,-5.4827504,-5.2994914,-6.029442,-6.473427,-4.6545568,-5.129011,-6.964347,-7.875486,-7.291116,-8.433087,-10.25276,-11.010223,-10.038548,-10.698448,-12.029247,-12.244101,-11.661529,-11.5252695,-11.301094,-10.108734,-9.283832,-9.138745,-8.846261,-7.924785,-8.223782,-8.108318,-7.6780796,-7.6102977,-8.459774,-9.102999,-9.460104,-10.159131,-10.593749,-10.8013525,-10.612783,-11.728902,-11.8511505,-11.765541,-11.672346,-12.521338,-13.316641,-13.841815,-13.842078,-14.355162,-15.06462,-14.899474,-14.72849,-15.573204,-15.686626,-15.246504,-15.161106,-14.81778,-14.634237,-14.0793915,-13.32244,-13.478924,-14.100617,-14.398653,-14.978807,-15.434448,-16.059326,-15.852434,-15.163948,-15.4352665,-15.489595,-15.874762,-15.716276,-16.918552,-16.074955,-15.108371,-16.052486,-16.19995,-16.640017,-16.875166,-15.038437,-15.001646,-16.498562,-17.598698,-17.06462,-17.36394,-17.970507,-18.159025,-18.691141,-17.62244,-16.30302,-17.276352,-18.810099,-18.499756,-18.898638,-19.63537,-19.360268,-19.658718,-20.420841,-21.612679,-23.623909,-25.67326,-28.600206,-31.04719,-34.131542,-35.52661,-36.243023,-36.414093,-36.50244,-36.51448,-36.516846,-36.516155
sid0018-noisy-COSINE-0100-M_array1_116.wav,21.815346,20.70042,16.197989,11.499476,8.352908,6.9903283,5.406479,6.3259306,7.684519,6.583264,3.9350045,5.121317,2.25695,-2.4543042,-4.3833838,-7.4247885,-10.101519,-11.248821,-12.212454,-14.504863,-13.27067,-14.111362,-14.6784,-14.696812,-15.561243,-16.701096,-16.391657,-17.057611,-15.294305,-13.572427,-14.2618065,-12.0231,-10.83267,-11.511163,-9.935426,-9.656261,-11.119707,-10.442074,-11.91193,-12.819859,-12.977296,-13.072191,-12.72018,-12.985672,-13.380152,-14.080362,-15.555743,-15.104715,-15.201522,-16.133205,-15.160838,-15.289892,-15.824527,-15.702396,-16.768608,-16.670776,-15.923178,-15.874289,-16.086023,-15.775749,-15.613506,-15.082329,-15.005123,-14.762244,-14.247851,-13.662846,-14.337395,-13.871789,-13.694981,-15.4461775,-15.938204,-17.234264,-18.297537,-17.823244,-17.747835,-18.778385,-18.288336,-19.075083,-18.904408,-19.200878,-20.09263,-21.419518,-21.436823,-21.351711,-23.72834,-25.098412,-24.890108,-25.410816,-26.549095,-26.923061,-26.752518,-25.835836,-26.75561,-27.901829,-28.858078,-29.401936,-29.53325,-29.464485,-29.36095,-29.656122,-29.374153,-28.784418,-28.444891,-28.833538,-28.700108,-28.644554,-29.236282,-28.85045,-28.005465,-28.803669,-28.027727,-29.71282,-29.448833,-29.699564,-30.761608,-30.35854,-31.418564,-32.933792,-33.78744,-34.01192,-35.372192,-35.11163,-36.21031,-37.136654,-36.96122,-37.233734,-38.131615,-37.37413,-38.020836,-38.608006,-38.234673,-38.957733,-38.49372,-38.530666,-39.77029,-39.282383,-39.245773,-39.68811,-38.93371,-39.86987,-40.16925,-39.800564,-40.49624,-40.784874,-41.312523,-40.79078,-41.44046,-41.596066,-41.794754,-42.225018,-42.174675,-42.85652,-42.96657,-43.077908,-43.285416,-43.221622,-43.38558,-43.34944,-43.36439,-43.458496,-43.34713
sid4928-clean-COSINE-7000-F_close_88.wav,19.635044,18.694695,12.146836,9.26289,18.067324,22.493534,21.927069,18.386684,15.158245,15.955854,14.849843,14.082557,16.372364,13.994217,9.946148,7.1712055,3.2587137,6.1527805,11.847247,11.370215,3.72431,-2.0465944,-2.5684717,0.3083585,3.5791607,3.81477,-1.4384972,-3.6615303,-2.315139,-2.1207013,-2.5578797,-3.2732124,-4.4916735,-5.0432725,-4.070712,-4.3242865,-5.088374,-5.385854,-6.2186804,-7.2597356,-8.568899,-8.88354,-6.0607834,-4.026156,-5.923252,-8.957893,-8.81048,-7.4338074,-7.0069833,-5.654533,-4.5788083,-6.277217,-8.279491,-9.113891,-7.7533493,-7.455472,-6.182068,-6.974497,-8.740284,-9.586233,-9.859725,-10.526277,-10.561625,-11.380392,-10.4525795,-11.003462,-13.735052,-14.818668,-14.019869,-12.778649,-12.928848,-14.03165,-14.175245,-14.423492,-13.094204,-12.674684,-13.244497,-12.951044,-12.025198,-11.279851,-10.847435,-10.884119,-12.545724,-12.958193,-11.59477,-11.850384,-12.411546,-13.045673,-13.168749,-13.670551,-14.121555,-14.128265,-13.148185,-12.509733,-13.343813,-14.068579,-14.763678,-13.9523325,-13.5106945,-13.121647,-13.365546,-13.771383,-14.314713,-15.014416,-14.904099,-15.608885,-14.377769,-13.695935,-15.271577,-15.774051,-15.469749,-16.716415,-15.243634,-15.056838,-15.5309,-16.10872,-16.148981,-16.50086,-16.313906,-17.289177,-16.713879,-16.488918,-18.200972,-18.097795,-18.335146,-17.79279,-18.497566,-18.552559,-17.27372,-15.630962,-17.04035,-19.000332,-18.995022,-17.299328,-18.207304,-18.174284,-18.007292,-17.99783,-18.04576,-17.864765,-18.337654,-18.770622,-19.621742,-19.203554,-19.255465,-20.614004,-21.318737,-22.225353,-23.925474,-25.426004,-26.981504,-28.98872,-32.210705,-33.924595,-35.341583,-36.078033,-36.213028,-36.23281,-36.25495,-36.26839,-36.26641
sid1434-anchor-COSINE-2145-F_close_75-truncated.wav,24.228168,22.09156,16.53791,9.371378,16.249226,22.91568,21.428486,15.934565,12.842721,14.755712,15.370689,14.378981,13.677,11.308078,12.533499,13.559312,12.227093,12.196882,12.495058,8.363229,0.69319016,-0.05559109,3.0170183,2.6491306,0.8869903,-1.5473305,-2.7860804,-1.0607041,0.0069408775,-1.0594051,-1.1631465,-1.6390973,-3.2029161,-3.4993567,-2.9191012,-3.8121734,-4.3985643,-4.3853807,-4.680274,-4.676308,-4.356156,-5.8037558,-7.1638255,-7.611953,-8.014297,-6.8402534,-5.829855,-5.6499786,-5.6888094,-6.802113,-7.2040243,-6.9495163,-7.890578,-9.01215,-9.866577,-9.170996,-9.573909,-10.2794075,-10.978638,-13.012537,-13.472749,-13.562849,-13.57573,-14.817128,-15.144606,-14.999956,-16.615923,-16.678398,-17.455036,-19.06833,-18.69526,-18.491207,-19.94147,-19.789255,-20.54413,-22.795109,-23.274033,-23.157799,-23.320538,-24.16999,-25.230322,-25.438393,-25.077652,-23.736963,-24.340458,-25.593792,-26.08989,-26.256487,-26.568932,-25.805412,-26.228386,-26.25347,-25.752508,-26.118813,-26.57565,-26.458519,-26.999832,-27.851524,-28.094957,-27.815048,-27.771807,-27.181778,-27.738586,-27.993925,-28.539507,-28.212341,-28.3518,-28.359695,-28.334501,-28.933075,-29.340952,-29.22783,-28.813124,-29.302925,-29.107784,-29.459023,-29.667458,-29.411999,-29.680897,-29.818306,-29.658106,-30.25179,-30.152882,-30.060894,-30.384333,-30.42403,-30.596405,-30.533161,-30.81032,-30.677473,-30.747974,-30.676178,-30.49778,-30.98593,-30.94051,-31.199497,-31.301186,-30.902187,-31.034267,-31.146553,-31.385265,-31.187656,-31.2278,-31.450611,-31.32242,-31.853226,-31.760023,-32.34,-32.377537,-33.525,-34.293125,-34.938385,-35.470573,-35.894787,-36.03812,-36.115463,-36.130394,-36.142128,-36.129852,-36.153706,-36.1308
sid2677-anchor-COSINE-3277-F_close_45.wav,16.73382,16.57756,11.284037,12.602343,17.054731,18.576248,18.756153,18.06085,12.99102,14.817986,16.657053,13.824425,9.692639,11.607128,15.138622,11.592599,2.5453548,-2.0222454,-0.9368488,-0.59794825,-0.53789514,0.881451,-1.0196002,-5.061284,-5.688554,-5.0928545,-3.7783792,-0.31272346,3.8354068,2.0687587,-1.9334852,-1.8084035,-1.3255377,-0.35204178,1.6910768,3.9068816,5.6833954,5.675685,2.6541803,0.25354785,-1.550402,-2.8179934,-2.8692687,-3.4302378,-3.7679098,-4.397303,-3.6978543,-4.163819,-3.6434665,-3.0214276,-2.871747,-2.1620207,-1.6018285,-2.4718978,-2.554085,-3.0411706,-3.8707209,-4.558612,-6.0296726,-8.216129,-8.812467,-8.31021,-7.9944487,-7.5800266,-7.2645836,-7.328762,-8.392533,-9.5092325,-9.071799,-8.311308,-9.026512,-9.902053,-10.913065,-13.2704935,-15.927974,-18.792152,-19.336105,-19.708033,-21.288895,-22.765442,-22.79359,-24.215328,-24.132935,-23.652765,-23.296432,-24.172773,-23.63801,-23.586996,-24.163975,-25.930462,-24.94959,-24.350603,-24.423546,-24.215677,-24.802883,-26.04804,-25.550203,-25.054562,-24.156391,-23.265648,-24.010618,-26.784718,-26.367123,-25.71517,-25.05397,-25.589705,-27.376587,-27.946918,-26.841526,-26.368633,-27.509546,-28.773357,-28.431665,-28.470201,-27.14708,-27.18451,-27.891169,-29.042995,-27.802956,-26.771568,-28.194563,-28.899614,-29.079021,-29.770395,-30.298126,-30.77728,-29.973362,-30.064274,-29.908367,-28.847551,-28.97276,-29.603703,-29.643986,-29.556534,-29.73267,-30.041563,-29.115875,-30.116732,-30.00092,-30.037666,-30.56419,-29.81646,-29.973047,-28.987885,-30.050518,-31.589136,-30.836609,-30.814676,-31.572008,-31.649605,-33.73115,-35.654694,-36.79738,-37.66491,-38.209724,-38.19505,-38.27126,-38.291313,-38.288605,-38.303482,-38.308357
sid2882-anchor-COSINE-3792-F_close_150.wav,17.786325,15.313884,10.696644,20.697134,25.741508,20.638123,12.628105,16.862326,20.120258,18.883615,15.632387,15.109669,16.66983,16.140297,12.9614725,11.117741,11.478419,13.276777,11.432867,9.674841,10.679148,10.024246,6.6084437,4.407843,5.566544,4.7784777,3.6782005,3.257936,2.2090106,3.42028,3.945891,1.914683,1.4747047,3.180923,2.4274375,0.7561881,0.4726596,0.5836127,-0.51080865,1.6177862,1.7425959,-1.1170672,-5.3830667,-2.3433285,0.54657555,-2.307131,-7.2990637,-4.7003217,-1.7890015,-2.725828,-5.000198,-2.8921714,-0.41189566,-0.61241966,-2.2041633,-3.0403476,-2.962913,-2.7934713,-4.327536,-6.5322065,-7.5227065,-6.3128986,-7.798996,-10.114184,-11.009247,-10.070013,-11.49402,-14.103954,-14.352919,-12.64641,-13.686834,-16.598022,-17.314526,-14.2220745,-14.613394,-17.744839,-19.491636,-16.538057,-15.735702,-18.75177,-20.417473,-18.212183,-17.054441,-18.390879,-19.950596,-19.359495,-18.7552,-19.102797,-19.805195,-19.541824,-19.639996,-20.134232,-19.774624,-19.316887,-20.121693,-20.738152,-20.425514,-19.81169,-20.419693,-21.422728,-21.25146,-20.523422,-21.112154,-21.774376,-21.966093,-21.616697,-21.993227,-22.006845,-22.468203,-22.59598,-22.505486,-23.520735,-23.898218,-23.345736,-22.941883,-24.436165,-24.826714,-24.358606,-24.225761,-24.876823,-26.1076,-24.986141,-25.297792,-25.45143,-27.052723,-26.380625,-25.422588,-26.643337,-26.62715,-26.848375,-26.94154,-26.791685,-26.738579,-27.088383,-27.63578,-27.361917,-26.981201,-27.135197,-27.272167,-27.68148,-27.422977,-26.922256,-27.316473,-27.540731,-26.960562,-27.175888,-27.698324,-28.14569,-28.33968,-29.60656,-30.693743,-33.051533,-33.838684,-35.03798,-35.551064,-35.650314,-35.73869,-35.722885,-35.739326,-35.73805,-35.72973
sid4646-noisy-COSINE-6463-F_array1_296.wav,30.269451,30.011814,25.300999,18.957584,14.213162,10.352503,7.105173,5.93503,7.582286,8.081375,7.321433,4.724314,3.7265348,6.303095,7.3466163,7.04814,4.8010287,1.9769468,0.752221,-1.2001214,-2.5595937,-4.4693713,-4.4861712,-5.120976,-5.1179643,-5.7928905,-7.2422433,-8.377095,-9.841473,-10.496763,-9.687885,-9.339958,-10.4906845,-10.176869,-9.524801,-10.943014,-11.554644,-11.304668,-11.667491,-12.928862,-13.964241,-15.007472,-15.320774,-14.953024,-15.143346,-17.417402,-18.803923,-19.013437,-18.770245,-19.96983,-20.661104,-21.050322,-21.414658,-22.218662,-22.465542,-22.689453,-23.296295,-22.868607,-24.060162,-25.18449,-25.487423,-25.59226,-25.84757,-26.401802,-27.123924,-27.167992,-27.734968,-27.505985,-27.674486,-27.927616,-27.965595,-28.089039,-28.219994,-27.913948,-28.058624,-28.156672,-28.299084,-28.984543,-28.66568,-28.6817,-28.466125,-28.294235,-27.983803,-27.76846,-27.858341,-27.485619,-27.988356,-28.591984,-28.549726,-29.421562,-29.208035,-29.253616,-29.195122,-29.334066,-29.907604,-30.41288,-30.862888,-30.790794,-31.142519,-30.970232,-31.00952,-31.272457,-30.803917,-31.194702,-30.762241,-31.001461,-30.907349,-30.5579,-30.706066,-30.897713,-30.609758,-30.61927,-30.144674,-30.41224,-30.25671,-29.681274,-29.705145,-29.131433,-29.79068,-30.871603,-31.113476,-31.697193,-31.080761,-31.361656,-31.079409,-31.656199,-31.478355,-31.257914,-30.76625,-30.751415,-30.981104,-30.893576,-31.142015,-30.316063,-30.077303,-30.217594,-30.52389,-30.829943,-30.665493,-30.949366,-31.338306,-31.294636,-32.319263,-32.201405,-32.60131,-33.014824,-32.79649,-33.105885,-33.379177,-33.89672,-34.421333,-34.95903,-35.135044,-35.368492,-35.305504,-35.366264,-35.3677,-35.409054,-35.37973,-35.40982,-35.37982
sid3769-anchor-COSINE-5219-M_close_54.wav,25.82663,23.52044,26.369953,23.156452,19.523628,19.077982,15.195747,15.883466,12.466372,14.70674,13.209206,13.350358,11.788076,9.304355,5.4091954,2.9937491,1.5831758,1.6887624,0.9373754,1.4713323,-0.89606196,0.96867335,0.31341162,-0.08779441,-1.4421338,-3.1840706,-4.690163,-5.343816,-5.39815,-4.9138155,-4.4940743,-5.227923,-5.5488977,-6.2554193,-7.304391,-6.7217207,-7.0098763,-6.8389745,-6.908298,-8.227767,-7.3832345,-9.491495,-8.687794,-9.217133,-9.291655,-8.451195,-7.1754766,-6.6046906,-7.542055,-7.5588126,-9.806486,-10.035566,-11.3207855,-12.476932,-13.091058,-13.855153,-14.91065,-15.855604,-15.736048,-16.328325,-15.767677,-16.84305,-16.240162,-16.706799,-15.643515,-16.169178,-16.498087,-16.807503,-17.234037,-16.482378,-17.230389,-17.165688,-19.112976,-19.72484,-21.270214,-22.090847,-22.774572,-23.57278,-23.822773,-25.123158,-24.562376,-26.196022,-25.486828,-26.48433,-26.28743,-26.839355,-27.101889,-26.931303,-27.273102,-27.193766,-27.579716,-27.58373,-27.965511,-27.55869,-28.042751,-27.848507,-28.089752,-28.175838,-28.336628,-28.553883,-28.262157,-28.762882,-28.567114,-29.032646,-29.04094,-29.068665,-29.249062,-29.097368,-29.24466,-29.326372,-29.8754,-29.510948,-29.601624,-30.056124,-29.69452,-30.150597,-29.756681,-30.15293,-30.142984,-30.386833,-30.174398,-30.677794,-30.480024,-30.538612,-30.793934,-30.614635,-31.033852,-30.6562,-31.319437,-30.858902,-31.124718,-31.088345,-31.363632,-31.303194,-31.566793,-31.561148,-31.910778,-31.791677,-31.83692,-32.22028,-31.994167,-32.327145,-31.946472,-32.466362,-32.351227,-32.657745,-32.437004,-32.89411,-33.35899,-33.735813,-34.804718,-34.86315,-35.34918,-35.590008,-35.622395,-35.685352,-35.684593,-35.68953,-35.690502,-35.69276,-35.700756
sid4469-anchor-COSINE-6463-F_close_12.wav,21.774895,18.686026,14.8562565,20.719166,21.18109,16.813816,16.585827,17.055395,14.558658,12.335306,11.714769,12.076463,11.011602,8.24456,8.127512,8.730452,5.2430654,2.2182257,0.09851824,-0.9346416,-2.2208877,-4.6451316,-4.315175,-4.287813,-5.7343507,-5.841639,-4.715777,-5.407396,-6.1532907,-4.579421,-3.5989752,-5.5607767,-5.892498,-4.182465,-4.3052955,-5.989339,-5.548268,-4.932641,-6.2890377,-7.8480177,-6.9475102,-6.5619297,-8.27434,-9.334868,-8.96675,-9.657033,-10.603167,-10.861162,-11.206497,-11.465767,-11.927033,-12.095666,-11.901894,-12.085501,-12.620642,-12.848102,-12.91911,-13.522882,-13.68209,-13.84037,-14.140526,-15.811932,-16.20237,-15.392059,-16.500668,-18.259224,-17.710918,-17.91498,-19.334454,-19.602612,-19.297739,-20.438768,-21.28789,-21.811687,-22.432177,-23.370733,-23.622416,-24.426285,-24.907858,-25.201225,-25.044167,-25.481722,-25.811987,-26.33197,-26.719019,-26.264324,-26.382292,-27.929499,-28.398714,-27.492048,-27.675009,-28.374775,-28.42621,-28.797302,-29.05719,-28.57338,-29.232233,-28.75206,-29.342125,-28.64456,-28.860783,-29.487305,-29.639341,-29.207417,-28.85366,-29.239384,-29.151134,-29.471325,-30.77057,-30.384525,-30.603031,-31.03647,-30.900764,-30.457882,-31.845043,-31.111858,-30.179853,-30.507048,-31.887491,-31.647776,-31.4274,-32.36447,-31.678904,-31.665857,-32.05863,-32.18823,-31.827028,-31.835274,-32.79102,-31.974064,-32.00195,-33.019302,-32.7582,-32.56397,-32.36819,-33.324387,-33.053574,-32.56623,-32.703484,-32.795517,-33.5423,-33.13449,-32.665573,-32.713505,-33.31974,-33.36932,-33.540092,-33.696503,-35.03148,-35.000694,-36.25438,-37.24053,-38.059853,-38.408543,-38.844753,-38.87229,-38.8813,-38.91017,-38.907505,-38.90834,-38.91543
sid2753-anchor-COSINE-3381-F_close_21.wav,26.704294,23.235107,10.454477,9.138729,23.00972,25.857738,18.758865,6.2330112,10.16927,16.86502,15.965072,11.649333,6.5790415,3.9428318,5.0504584,3.5940533,1.2562157,0.78999114,-2.676147,-5.163306,-6.3034053,-7.119526,-5.8003883,-6.3113475,-7.402796,-9.102104,-10.635489,-9.692055,-9.10672,-9.537798,-9.749269,-7.8321786,-7.4990106,-5.6659656,-5.049686,-6.3864255,-6.6212373,-6.4767456,-5.053601,-4.680768,-4.6531205,-6.5710125,-8.27247,-8.785141,-8.920375,-8.179942,-8.330219,-9.526967,-10.639559,-11.569499,-12.793628,-11.4728365,-10.915446,-11.38585,-11.555652,-9.856304,-8.8977,-9.397692,-10.0359955,-11.081966,-11.469308,-10.531052,-11.501918,-13.273157,-14.851838,-16.079506,-15.849381,-16.231674,-17.8108,-19.180687,-20.114735,-21.408585,-21.636623,-22.49628,-24.71531,-25.50205,-26.498844,-26.8293,-26.6589,-27.239754,-28.047947,-28.09313,-28.304346,-28.228798,-28.268238,-28.63815,-28.86264,-28.660992,-29.827484,-28.868137,-29.365244,-29.217283,-29.324001,-30.190357,-29.993015,-29.76894,-30.209198,-29.905176,-30.356716,-30.637661,-30.066927,-31.179394,-30.78224,-30.755554,-31.2026,-30.85934,-31.102722,-31.832304,-31.43047,-31.641445,-31.709814,-31.52248,-32.386013,-32.160515,-31.924574,-31.80373,-31.948673,-32.62841,-32.499947,-32.338177,-32.235977,-32.590183,-32.38993,-32.796402,-32.62459,-32.65504,-33.0436,-32.55114,-32.915607,-33.14905,-33.19825,-33.237682,-33.27873,-32.959923,-33.183315,-33.6642,-33.525177,-33.520603,-33.08968,-33.195156,-33.888622,-33.62886,-34.19184,-33.19597,-33.25641,-33.844147,-34.422386,-34.353077,-34.494865,-34.306942,-35.094017,-35.703667,-35.6085,-35.853138,-35.90609,-35.907455,-35.91683,-35.91564,-35.90827,-35.923904,-35.937077
sid3031-anchor-COSINE-3792-F_close_49.wav,27.040913,24.550842,14.520956,14.238273,18.997152,17.763594,13.907024,13.584975,13.775579,11.852006,12.134235,12.970207,10.074302,7.040406,9.073868,7.2595496,4.731826,4.523663,5.331806,3.8466072,1.267602,1.8110206,2.4415638,1.1930363,0.42853448,0.35987052,-1.8676268,-1.8126231,-0.6617073,-2.1378717,-4.6356325,-3.2415109,-3.0685709,-6.291323,-8.421394,-6.304295,-4.229577,-6.3819766,-9.36788,-9.352439,-7.664136,-8.32457,-10.235076,-11.805166,-11.5346775,-10.218576,-10.777236,-11.354006,-10.209975,-9.138201,-8.529527,-9.516414,-10.4747715,-9.207487,-8.089153,-8.820362,-10.235687,-12.671338,-13.511105,-12.677785,-12.659691,-13.822731,-14.923702,-15.971122,-17.513582,-19.062044,-20.37631,-22.643658,-24.277075,-24.112362,-24.447042,-25.986567,-27.492943,-27.155666,-26.85199,-28.365543,-30.063238,-30.980637,-30.611492,-30.549026,-30.751753,-31.763828,-31.590555,-31.344109,-31.51766,-31.949657,-31.379843,-31.766418,-31.534899,-32.12338,-32.139126,-32.47413,-32.422417,-33.39856,-32.636696,-32.68575,-32.9988,-33.596043,-33.31919,-33.555332,-33.316322,-33.50448,-33.840782,-34.343708,-33.716587,-33.865337,-34.064186,-34.323925,-34.42101,-34.389683,-34.632324,-34.28031,-35.1114,-34.538017,-34.8336,-34.772026,-34.737785,-34.918835,-34.921883,-35.06805,-34.99733,-34.96248,-35.204384,-35.62749,-35.875095,-35.187096,-35.573063,-35.46351,-36.70533,-35.53533,-35.379936,-35.33187,-35.962303,-35.799057,-36.239143,-35.97825,-36.01086,-35.981514,-36.316074,-36.235374,-36.191086,-36.29106,-36.291534,-36.4993,-36.170906,-36.231503,-36.45543,-36.31105,-36.810364,-37.09101,-37.018944,-37.426025,-37.585205,-37.601925,-37.676033,-37.679783,-37.687428,-37.685814,-37.696022,-37.6938,-37.700214
sid1539-anchor-COSINE-2406-F_close_184.wav,18.919836,17.5009,11.628334,17.175442,24.352299,22.661938,13.261699,15.050978,19.752335,20.274809,16.78941,14.891311,11.906663,7.474999,7.5498686,6.209926,1.0311093,-3.1585116,-1.7740583,-0.49602407,-2.1780307,-2.2723744,0.30630064,0.12012749,-4.0856204,-5.2552958,-5.212338,-7.280696,-7.923059,-7.3805137,-9.694423,-11.055624,-9.398923,-8.721513,-9.555334,-10.861589,-10.380636,-9.362149,-10.524617,-11.362749,-10.831033,-10.044804,-10.125151,-10.073733,-9.839676,-8.5882635,-7.4473867,-8.7548275,-10.628731,-12.056734,-11.029989,-10.568805,-12.259233,-13.464586,-12.729982,-12.034496,-12.394677,-12.3493805,-11.584965,-11.217841,-11.749167,-11.378483,-11.970085,-12.0891,-12.310169,-12.870228,-14.49169,-15.887661,-16.448023,-18.30866,-20.298965,-21.476614,-21.54669,-22.701324,-24.527988,-24.923182,-25.29418,-24.786634,-25.664999,-26.048195,-26.584328,-26.720325,-26.58686,-27.555244,-28.102505,-28.945017,-28.153824,-28.204582,-28.274437,-29.05587,-29.423712,-28.91494,-28.812103,-29.671211,-29.500645,-30.273626,-29.269012,-29.316143,-29.80449,-31.039274,-30.507923,-29.670324,-30.27702,-30.676462,-31.061275,-30.363316,-30.331404,-32.01091,-31.918789,-30.691616,-31.122559,-31.32179,-32.419617,-31.64027,-30.649609,-31.966228,-32.33523,-32.647583,-31.312237,-32.05359,-32.68438,-33.094498,-31.830647,-31.842808,-32.021202,-33.06624,-33.37975,-31.898155,-32.570587,-33.15676,-33.60785,-32.786755,-32.92316,-33.120667,-34.156555,-33.334793,-33.371544,-33.48165,-33.97419,-33.723236,-33.30116,-33.51812,-33.900143,-33.955063,-33.920166,-33.96005,-34.060017,-34.386593,-34.75427,-34.952694,-35.389103,-35.83909,-36.115353,-36.35621,-36.36728,-36.40783,-36.41405,-36.41851,-36.418747,-36.419754,-36.420444
sid3683-noisy-COSINE-5068-F_array1_35.wav,17.078867,11.918776,-0.5671751,-2.8473666,4.215642,8.916606,9.334323,9.417037,15.0275755,21.325188,21.896257,19.576204,18.228394,14.424114,15.797165,15.965667,13.308497,11.548664,8.73242,5.6810694,4.750012,4.5252156,3.3952422,3.5465283,2.7632494,-0.33566326,-4.506816,-6.4596806,-2.4790244,-1.0220621,-3.1269283,-5.240035,-5.632765,-5.6694913,-3.1587303,-2.75795,-5.7109795,-8.745011,-8.336194,-5.364393,-3.660169,-5.480197,-6.253043,-6.356687,-6.2839575,-3.2861133,-2.9203482,-4.1781454,-4.918679,-6.0428762,-7.336717,-6.8927135,-7.037578,-6.6983805,-7.2415905,-7.246973,-6.340828,-7.5171347,-10.001009,-10.431365,-11.231828,-12.640973,-13.21702,-12.506296,-13.958922,-14.651682,-14.8035345,-15.261755,-14.043251,-13.369509,-13.949343,-14.684048,-15.036479,-15.246336,-15.544266,-15.578729,-16.880524,-17.43106,-17.541561,-18.549047,-19.100605,-20.486431,-20.457497,-19.76158,-18.964281,-19.132235,-21.206701,-22.733578,-22.627718,-22.873384,-23.490921,-23.551804,-23.890358,-24.328287,-23.907463,-24.745378,-25.062649,-25.00666,-25.191776,-25.329956,-25.971415,-25.395727,-25.16597,-25.662148,-25.662497,-26.011065,-25.68944,-25.400229,-26.154202,-26.669739,-26.40649,-26.412567,-26.165958,-26.677803,-26.699875,-26.48343,-26.803104,-26.532928,-26.75932,-26.706362,-26.901283,-26.719475,-26.637629,-27.279253,-25.880188,-25.92321,-26.720139,-26.829042,-27.35614,-27.753336,-27.115305,-26.705511,-27.163057,-28.150217,-28.145485,-27.50064,-27.083931,-28.029348,-27.613438,-27.367687,-27.461971,-26.539194,-27.050995,-28.19293,-28.43046,-28.502455,-27.890387,-28.77755,-29.888887,-31.436613,-33.021282,-33.89205,-35.72359,-36.582825,-37.035583,-37.28474,-37.31941,-37.33989,-37.345917,-37.353977,-37.338833
sid5337-clean-COSINE-7408-M_close_152.wav,26.428501,24.462015,19.78078,22.290384,17.792576,14.371588,18.633846,14.514913,9.799508,15.377952,14.254368,9.642572,12.885633,10.917765,6.657958,7.13177,5.872263,2.0327117,1.5266865,2.6257267,0.55727774,0.31281736,0.56172717,-1.278007,-1.792907,-0.67272514,-0.72627556,-0.70991206,-2.1750782,-4.576618,-3.4174438,-4.638425,-5.321781,-2.4015143,-3.5787525,-5.6995397,-4.2041044,-4.3893814,-6.856476,-7.1542506,-7.964201,-9.901275,-8.756811,-8.926999,-8.913043,-6.691517,-7.440749,-6.9730854,-5.469162,-8.189942,-10.500755,-8.535336,-10.05195,-12.200946,-10.430875,-11.308014,-14.748648,-14.011166,-13.376154,-14.681856,-13.744835,-11.9083805,-12.629656,-11.888313,-10.38796,-10.860964,-10.995815,-9.128619,-9.946541,-8.556303,-6.132155,-7.464853,-6.863971,-4.121614,-6.643376,-8.173983,-6.323043,-9.24906,-9.489804,-8.048286,-10.266169,-11.341614,-11.667256,-13.363124,-13.293264,-13.3563385,-15.295278,-15.610451,-15.353805,-16.67101,-17.080196,-16.402405,-16.564331,-17.297417,-16.797024,-17.411715,-18.278244,-17.333372,-17.119268,-17.782528,-18.566307,-17.283686,-16.67182,-16.901983,-17.187737,-17.148777,-16.543076,-15.541431,-16.19628,-18.22269,-17.172575,-16.488787,-16.117004,-16.536469,-14.481402,-15.395366,-15.050238,-15.735962,-16.937946,-16.904676,-16.963776,-16.725924,-17.772081,-17.009138,-17.265488,-17.295326,-17.264622,-18.431684,-18.460587,-17.921356,-18.24938,-18.528261,-17.76717,-17.46813,-17.61582,-19.30578,-18.727953,-18.719387,-18.118269,-18.424162,-18.478706,-17.672039,-18.707367,-19.247253,-19.754652,-20.176922,-21.097326,-21.525753,-22.824423,-25.968948,-27.592094,-28.914356,-32.10611,-33.879826,-35.409874,-36.08562,-36.261993,-36.261635,-36.254917,-36.257698,-36.25001
sid3330-clean-COSINE-3904-M_close_12.wav,24.938396,20.612127,17.410435,24.359999,22.30567,17.850002,19.69788,17.510609,13.4171715,11.42289,10.949861,9.678059,11.521746,12.781669,9.415869,7.346923,9.414882,9.337108,6.8221445,4.318591,3.6743422,1.629463,-0.26274845,-0.022317503,-0.84152055,-2.3969626,-2.1374712,-1.910354,-1.0775522,-0.5915176,-1.592711,-3.2339108,-2.522264,-4.0943394,-7.2335577,-8.078413,-6.866092,-7.534723,-8.505192,-8.101651,-7.8090997,-7.5426316,-7.9661016,-6.858782,-7.3702755,-7.9849167,-7.8607373,-7.9500747,-7.048894,-7.797714,-9.852185,-9.124886,-9.8533535,-10.311178,-11.234684,-11.087984,-10.842265,-12.245714,-12.886695,-13.788055,-13.48675,-13.162789,-14.3808565,-13.497295,-12.717242,-12.857452,-13.951176,-12.057795,-11.01936,-11.839331,-10.715752,-10.302811,-10.475174,-9.981646,-10.612169,-11.104554,-10.45145,-11.4681635,-12.097046,-11.882276,-12.138902,-12.800367,-12.976057,-13.511606,-13.995881,-14.324148,-15.084183,-15.044649,-15.0956335,-14.977298,-15.148729,-15.325893,-15.581181,-15.417777,-15.657122,-16.42976,-16.85134,-16.260748,-16.029242,-15.63426,-16.054493,-16.433304,-15.653416,-16.119036,-15.628733,-15.032201,-14.132644,-14.078541,-13.451463,-14.046307,-15.4521675,-13.730956,-12.98102,-12.241677,-12.475038,-11.751707,-12.004744,-10.445012,-10.796631,-11.179462,-10.624958,-11.383108,-10.573164,-9.789113,-10.044223,-9.39015,-9.860864,-10.297783,-10.776939,-11.597228,-13.579256,-14.201702,-13.142343,-12.739778,-11.766429,-10.711695,-10.283653,-11.990481,-11.153798,-10.643827,-11.722594,-11.597414,-11.567503,-11.574435,-11.143218,-12.117104,-12.032829,-11.765953,-13.460139,-16.283817,-18.616158,-20.162678,-25.397903,-28.361412,-31.938782,-34.689903,-36.007156,-36.0701,-36.1327,-36.16924,-36.170353
sid0361-noisy-COSINE-0622-F_array1_200.wav,27.584259,24.473797,12.852268,2.553315,3.3790574,2.0767274,-2.9919813,0.925087,7.0635347,6.436539,5.020529,14.501319,20.407164,19.404163,16.670242,16.380264,17.025282,17.40836,14.456386,9.502948,8.15791,7.2856417,5.6197124,5.955978,7.104811,7.3749666,5.579652,2.939204,3.0927088,4.67025,4.1968446,1.9466727,1.2254379,-0.6025805,0.6367091,3.2603738,0.9993762,-4.133291,-5.05484,-4.226174,-5.263553,-6.106415,-6.7530894,-7.5164013,-10.061146,-11.156771,-8.36527,-6.63826,-9.00384,-12.278292,-10.976691,-7.902393,-7.8346443,-9.660267,-9.786678,-9.015798,-9.797373,-11.274155,-9.45258,-7.761015,-8.716876,-10.859449,-10.56843,-8.390299,-7.5462146,-9.474752,-10.628809,-10.347048,-10.14596,-10.401606,-10.810225,-11.625485,-12.795943,-13.093121,-12.990613,-13.463403,-13.404813,-12.875708,-12.523094,-13.415802,-13.497291,-12.083468,-11.641235,-13.944669,-16.03425,-16.318514,-16.530056,-16.874063,-17.504074,-18.758152,-19.257267,-20.80769,-20.918734,-20.564615,-20.501404,-22.024044,-22.867931,-23.271978,-23.399082,-22.764545,-24.109184,-23.709988,-23.39198,-23.052216,-23.887257,-23.509157,-23.675127,-23.87315,-24.377987,-24.907206,-24.751455,-24.102013,-23.763754,-24.366745,-25.049162,-24.30212,-24.319244,-23.291416,-24.115925,-24.14506,-24.209705,-24.844799,-24.803352,-25.40662,-25.220795,-25.436405,-26.314686,-26.187267,-24.971773,-24.209375,-25.27587,-24.879807,-24.986778,-25.655432,-25.696758,-25.710373,-25.961872,-25.726093,-25.32932,-26.37574,-26.372736,-26.093811,-26.894152,-26.161882,-25.622814,-25.8087,-25.900028,-26.74413,-27.886993,-29.85367,-30.748861,-32.608734,-34.24711,-35.789024,-36.171913,-36.507736,-36.58303,-36.60934,-36.60582,-36.61341,-36.614014
sid1815-anchor-COSINE-2734-M_close_90.wav,19.202652,18.07296,25.397076,26.558073,18.369873,19.526571,20.83347,18.139755,16.233307,17.546772,15.317789,11.749039,12.7286825,8.237317,4.498679,2.8783407,0.9239792,2.629623,1.9473519,-0.05201955,-3.0647645,-0.67008966,-2.3162298,-3.1754422,-1.237344,-3.4752088,-1.8889709,-1.837985,-4.049037,-3.7566805,-2.84794,-3.670724,-6.0822515,-5.7522106,-5.94055,-7.2248363,-7.9834123,-7.809444,-8.358144,-8.882271,-8.119909,-8.871548,-10.579617,-9.013187,-10.620659,-13.1435,-12.122128,-11.353319,-11.93276,-10.921311,-10.265574,-11.903628,-11.256474,-10.992385,-13.255528,-10.9806385,-10.706168,-12.549037,-11.42811,-10.863411,-12.388082,-12.069634,-10.397539,-11.922711,-11.809501,-9.818779,-11.686079,-12.382402,-12.662793,-14.702927,-17.40577,-19.402319,-21.115803,-22.21307,-22.338837,-22.998827,-23.20567,-23.528292,-24.272623,-24.039278,-24.143524,-24.605595,-24.083567,-24.399157,-24.557617,-24.729174,-25.22588,-24.941658,-25.524193,-25.224583,-25.65387,-26.087858,-25.567389,-26.129189,-26.387644,-26.158817,-26.386204,-26.663036,-26.356848,-26.947441,-27.08583,-26.630499,-27.566425,-26.973454,-27.363895,-27.839659,-27.336329,-28.199879,-27.924488,-27.781433,-28.127209,-28.300398,-28.279638,-28.611233,-29.0576,-28.582474,-28.981106,-29.339306,-29.413788,-29.02852,-29.793758,-30.276657,-29.338915,-29.89058,-30.31976,-29.466192,-30.39358,-29.939686,-30.580881,-29.819511,-30.240786,-31.011387,-30.332205,-30.714825,-31.513174,-30.951021,-30.839413,-31.368282,-31.36213,-31.467361,-31.16618,-31.75472,-31.609278,-31.660236,-31.715405,-31.93825,-32.030552,-32.867996,-33.08802,-33.739365,-34.672005,-35.609325,-35.94875,-36.215485,-36.310753,-36.40391,-36.371685,-36.373688,-36.37901,-36.398056,-36.39999
sid1816-anchor-COSINE-2734-M_close_91.wav,21.708626,20.233444,20.657734,24.810165,20.611935,18.248116,18.884346,16.376461,16.754263,17.715033,14.791956,9.424158,8.934683,8.047901,3.761251,1.7851378,-0.016556386,-3.5097747,-4.7309847,-4.5526357,-3.5817065,-3.0965924,-4.377547,-5.738124,-5.7399406,-4.109082,-4.007991,-5.8890314,-4.917999,-4.746194,-6.8246937,-7.3279333,-6.959317,-8.421294,-9.7494,-9.214201,-8.723579,-8.542975,-9.075687,-8.845382,-9.15105,-10.11343,-10.558433,-11.207914,-11.876591,-12.193128,-12.631861,-12.080143,-10.1742115,-9.79138,-9.049812,-8.4969225,-8.653608,-8.923808,-10.517392,-12.628914,-14.710488,-15.941547,-16.233252,-15.654201,-14.975695,-14.127148,-14.14097,-14.38818,-13.397911,-12.074863,-12.142681,-12.5164795,-13.659558,-14.411198,-15.691079,-16.720964,-18.916004,-20.134293,-20.837334,-21.946072,-22.859585,-23.237568,-24.596758,-25.159931,-24.532091,-25.670908,-26.413498,-25.919275,-26.338968,-27.052044,-26.668022,-27.143036,-27.630962,-26.968872,-27.097204,-27.754143,-27.390625,-27.879986,-27.953424,-28.030838,-28.198982,-28.380573,-28.41881,-29.104147,-28.527014,-29.206572,-29.221565,-29.113314,-29.772182,-29.1214,-30.020159,-29.888601,-29.618063,-30.276276,-30.45563,-29.931984,-30.03122,-31.14954,-29.91764,-30.64532,-30.97385,-30.030497,-30.673391,-31.182728,-30.966404,-31.311407,-31.29734,-31.368675,-31.038452,-31.984703,-31.478062,-31.475794,-32.24202,-31.593885,-32.223648,-32.49003,-32.379364,-32.18457,-32.353886,-33.28504,-32.34132,-32.535564,-32.629036,-32.74984,-32.13228,-32.936333,-32.76565,-33.16333,-32.417763,-32.77323,-32.79193,-33.905342,-33.66515,-34.44104,-35.006233,-36.54304,-36.61158,-36.957153,-37.062943,-37.050957,-37.05691,-37.106102,-37.06497,-37.086937,-37.104946
sid0961-noisy-COSINE-1399-F_array1_350.wav,6.7607517,2.7921975,3.6223876,8.6730585,4.482253,13.007738,17.981655,12.559589,14.872531,17.50285,12.979665,18.363487,20.477562,17.126984,19.62312,17.934858,14.5335655,16.154438,13.675428,12.238377,13.033996,9.699262,7.182207,5.372308,3.1131544,2.7956119,3.1484432,0.21676286,-0.12082677,1.1297159,-0.6933427,-1.4311967,-1.0010431,-2.4912848,-2.0967903,-1.6194351,-1.8856838,-1.6186347,-1.7019845,-1.7138932,-1.9051349,-2.205957,-3.1321235,-3.4554944,-3.3719902,-3.1413836,-3.8772955,-4.099349,-3.3566518,-3.4769888,-3.8628101,-3.5314555,-3.4800634,-3.9924634,-4.425591,-4.743181,-4.9121056,-4.938467,-4.618874,-4.8377934,-6.904108,-9.309393,-10.850521,-12.589364,-13.308218,-14.216551,-14.782555,-14.330561,-14.761963,-15.379995,-14.547192,-15.849189,-16.97408,-15.574522,-16.115253,-16.501955,-15.583771,-15.654093,-14.888844,-14.647335,-14.784141,-14.574885,-14.131045,-14.738588,-14.480499,-15.134083,-15.384695,-15.576411,-16.531666,-17.836138,-18.907421,-19.597855,-20.203321,-20.409548,-20.515781,-21.174086,-21.528133,-21.43811,-21.690212,-22.040071,-22.029993,-21.987724,-21.485767,-21.626226,-21.764172,-22.48924,-21.707703,-21.692991,-21.637936,-22.425858,-22.125526,-21.66323,-21.606384,-21.192844,-20.754726,-21.079884,-20.113441,-20.606443,-21.616917,-20.908424,-22.087833,-22.36686,-22.232777,-22.20927,-22.455294,-21.998512,-22.186626,-22.801105,-22.560905,-23.112738,-23.864319,-23.861265,-25.185772,-24.582403,-25.040903,-25.074512,-25.047878,-24.132507,-24.778088,-24.585716,-24.260296,-24.36556,-24.387312,-24.405748,-25.241146,-25.550652,-25.79504,-26.708752,-27.693348,-29.960308,-31.541956,-33.181534,-35.580265,-36.747505,-37.668194,-38.38788,-38.35573,-38.39202,-38.399376,-38.4001,-38.415874
sid5333-noisy-COSINE-7408-M_array1_149.wav,29.012547,25.286734,18.088886,14.578657,13.132904,14.436559,11.00102,10.875294,11.201915,13.630272,13.159649,12.97966,13.495955,14.682178,16.30504,17.066082,15.446661,12.944698,11.531752,10.838775,10.267037,9.5690155,9.125918,9.449718,9.840166,9.46274,7.8854437,4.364914,2.9166927,2.745221,4.0249386,4.75548,5.1679745,4.9904943,4.8304515,5.455123,5.9358397,5.890167,4.102017,4.048862,3.8598533,3.7551177,3.5648947,3.048911,2.7563977,2.9774456,1.8455772,1.6488659,1.1480914,-0.37496954,-0.9953985,-0.89286953,-1.6607027,-1.882928,-1.5479126,-1.9898698,-2.4791732,-1.9078631,-1.5047003,-1.8873476,-2.5303552,-2.5471797,-2.7757385,-3.359918,-3.8507447,-3.6132202,-3.4799397,-2.9009876,-3.2559848,-2.6526296,-2.6117694,-2.4765048,-2.2050319,-2.532283,-3.652208,-4.0547366,-4.5660157,-6.842187,-6.400297,-6.61304,-7.237212,-7.9083915,-9.240928,-8.441783,-8.604021,-8.6042,-8.748892,-9.29299,-10.080349,-9.802913,-9.507044,-9.680908,-10.363234,-10.064734,-10.778818,-11.394396,-11.64454,-11.687532,-12.21311,-12.85082,-12.571725,-13.19951,-13.8543215,-13.690115,-13.4450245,-14.0100155,-13.965345,-15.15998,-15.315203,-15.388945,-15.273172,-16.367893,-15.828136,-16.159437,-16.294134,-15.651316,-16.986725,-17.301937,-17.378193,-17.853006,-17.99006,-17.454945,-17.58184,-18.182337,-18.08665,-18.171612,-17.957905,-18.583076,-19.040518,-19.46478,-19.645891,-19.457003,-19.491879,-19.622023,-19.806776,-20.45071,-21.171549,-21.33238,-21.293312,-21.177435,-21.924011,-22.042257,-22.011364,-21.810116,-21.168343,-21.899414,-22.744543,-23.287745,-25.384373,-26.462494,-28.486404,-30.846245,-32.60404,-34.314114,-35.707085,-35.954205,-36.110195,-36.137535,-36.14303,-36.139645,-36.148403
sid4445-anchor-COSINE-5897-F_close_96.wav,23.560469,22.702572,16.983707,15.007528,21.942371,23.647255,16.425621,5.141089,11.424022,15.147208,17.467329,17.292177,11.420256,8.680421,10.3250265,8.658887,4.709911,3.78111,1.3387492,0.061249252,1.3303046,3.291836,-0.8278233,-5.2476397,-6.578373,-7.846232,-5.479128,-4.6403947,-6.049326,-8.532835,-10.214353,-9.503983,-6.655352,-4.338858,-4.7934575,-8.875865,-9.5909395,-7.581418,-3.8842967,-3.6783147,-6.1360354,-5.176896,-2.7689047,-3.6611443,-6.09694,-8.791824,-9.088185,-10.426268,-10.749761,-11.948533,-10.370303,-9.866016,-11.055827,-11.941642,-12.423124,-11.37455,-10.972749,-10.3299885,-10.156595,-7.9608374,-7.679592,-7.98186,-8.303772,-8.135869,-10.749758,-13.418667,-15.053762,-15.867425,-16.913073,-18.54803,-20.399155,-21.664965,-21.142452,-21.846447,-22.291538,-25.181824,-25.757095,-25.381977,-24.639872,-25.325615,-26.217567,-26.76859,-27.03576,-27.348965,-27.783413,-26.813896,-27.050945,-27.08871,-29.18481,-29.196682,-27.331562,-26.724049,-29.14727,-29.73443,-29.555971,-27.453394,-27.449377,-29.372513,-30.362453,-29.476734,-28.692953,-27.503574,-29.131758,-30.528091,-30.09808,-29.370308,-29.252195,-29.447538,-29.891989,-30.508495,-30.450678,-30.401817,-30.397133,-30.598614,-30.853992,-30.916286,-30.71677,-31.521358,-30.709644,-31.14516,-31.076134,-31.340006,-32.51095,-31.628685,-32.145557,-31.086952,-31.675522,-33.09833,-32.763832,-31.250563,-30.965889,-31.796658,-33.097786,-32.46327,-31.633846,-31.387585,-32.234108,-33.009228,-32.79061,-32.333477,-31.883926,-32.179874,-31.745941,-33.0825,-32.48133,-32.167145,-33.09884,-32.284454,-33.472336,-34.313374,-34.716705,-34.764572,-35.571648,-35.599407,-35.729195,-35.798832,-35.76728,-35.778923,-35.785362,-35.78664,-35.782345
sid3114-clean-COSINE-3826-M_close_132.wav,18.359634,17.970427,23.754803,22.510221,24.450657,24.713728,21.201653,21.356426,19.423817,17.992355,16.530212,12.657782,7.9723854,4.432788,3.865557,3.4150376,1.8797793,1.0022883,0.476883,-1.5889074,-2.7187524,-3.1688967,-4.5422416,-5.005968,-5.908957,-6.493429,-6.7063293,-7.0194335,-8.806437,-7.7183523,-7.0825806,-6.4036894,-5.3976545,-3.2774606,-3.0459838,-3.884533,-5.2222133,-7.167359,-6.690498,-6.440268,-6.993767,-8.002505,-7.9978647,-8.401851,-7.7891846,-6.7050953,-6.2260838,-7.3972106,-8.165901,-9.286345,-11.017574,-12.281311,-14.423242,-16.34391,-17.076769,-17.679016,-18.407803,-18.419973,-19.391901,-18.689388,-19.176022,-19.349125,-18.933165,-18.577396,-18.562761,-17.594046,-16.080744,-15.119692,-13.917298,-13.491848,-12.900835,-12.128209,-12.369757,-11.616341,-12.125398,-12.38202,-12.4252205,-11.400056,-10.781379,-11.757729,-12.357001,-12.770287,-14.068422,-15.271684,-15.028585,-15.088639,-14.710691,-14.281616,-14.258348,-14.538496,-15.055566,-15.05273,-15.980081,-16.313543,-16.88352,-18.341343,-18.945717,-19.755133,-21.08091,-20.773018,-20.829128,-21.081932,-20.860733,-20.484901,-20.598982,-20.16164,-19.948711,-20.073832,-20.029354,-19.919556,-18.803787,-18.826233,-18.904932,-19.67064,-19.655817,-19.720688,-20.298458,-20.019243,-19.839848,-19.782547,-20.014717,-19.863287,-19.431543,-19.670366,-19.247755,-18.653471,-18.752153,-18.06301,-17.537605,-18.637503,-18.037378,-18.547972,-18.479507,-18.561367,-19.799044,-21.117466,-21.691275,-21.7649,-22.594719,-22.832186,-23.692238,-22.742283,-22.231289,-21.06839,-22.402039,-22.52405,-22.751926,-22.778656,-24.025192,-26.137302,-28.478897,-30.817099,-32.83674,-34.42746,-35.758892,-36.128517,-36.12602,-36.18837,-36.198,-36.20709,-36.18975
sid4685-anchor-COSINE-6463-F_close_34.wav,24.795847,23.013767,15.993567,18.857786,22.861498,17.37239,11.807043,17.559807,18.226234,11.466418,6.1032605,5.335564,2.9170082,1.0565698,1.5159345,3.0939941,2.8440738,0.041724104,-1.2244962,-1.1045083,-3.5245373,-6.1625714,-7.2608685,-6.875722,-7.157579,-8.777259,-9.154207,-8.52069,-9.009289,-10.666668,-9.262971,-6.7401657,-7.151515,-9.664074,-9.385502,-8.647907,-8.32224,-7.9143553,-8.29019,-9.94378,-12.271633,-13.316624,-12.703566,-13.077467,-14.459724,-15.08308,-14.440175,-13.836281,-13.394796,-14.058114,-14.323988,-14.826319,-14.286059,-14.131907,-14.239053,-13.641554,-14.172469,-14.047728,-13.813604,-14.449305,-15.811325,-17.081932,-18.082264,-18.679676,-19.510366,-20.850534,-21.79617,-22.527008,-23.570175,-24.81614,-25.460205,-26.285053,-27.526676,-29.046787,-28.924711,-29.956684,-30.974855,-32.079796,-31.68436,-31.740063,-32.540936,-33.076874,-32.681805,-32.627254,-33.3534,-33.32505,-33.428413,-33.37947,-33.694336,-33.86986,-33.653214,-33.890835,-34.31699,-34.496037,-34.10537,-34.43838,-34.54285,-34.920242,-34.428944,-34.647335,-34.948204,-34.95093,-34.932312,-35.195953,-35.222744,-35.116806,-35.041317,-35.69349,-35.344917,-35.672703,-35.226692,-35.64138,-35.63734,-35.771305,-35.536705,-35.755928,-35.95316,-35.94254,-35.752567,-35.892834,-36.000458,-36.001427,-35.764664,-36.167244,-36.023167,-36.23992,-35.9949,-36.17784,-36.043873,-36.46683,-35.939342,-36.210007,-36.39499,-36.25131,-36.18754,-36.411053,-36.57099,-36.287712,-36.269676,-36.57014,-36.561703,-36.57123,-36.324905,-36.659565,-36.60709,-36.724434,-36.720413,-36.65298,-37.001633,-36.90148,-37.175537,-37.20093,-37.278774,-37.343864,-37.34863,-37.36766,-37.367393,-37.373787,-37.370583,-37.380226,-37.363346
sid4551-noisy-COSINE-6463-F_array1_204.wav,29.311237,26.071424,15.707465,10.143627,10.077764,8.873719,12.533502,16.475769,15.47639,13.764408,17.198412,18.706615,17.12607,15.341128,13.817385,12.947178,10.65114,8.120042,7.520316,7.386011,6.356346,5.0893173,5.5494375,5.1687374,3.3221624,2.712259,2.651954,1.9583696,1.4013535,1.087134,0.70401406,0.75001776,1.2859071,0.8632474,-0.15228906,-0.9702592,-0.324548,-0.19350997,-0.9514933,-2.1305642,-1.2490575,-1.1868448,-2.402983,-3.4018815,-3.367855,-4.7763023,-6.35262,-6.860371,-7.246718,-8.674989,-9.002846,-9.195753,-9.297686,-9.61466,-10.149342,-11.193394,-12.042711,-12.098711,-12.450804,-13.090366,-13.168545,-13.073777,-12.941827,-13.001301,-13.679611,-13.9369955,-13.802305,-14.2837515,-15.07835,-15.350789,-15.442314,-16.029177,-17.156532,-17.646194,-18.308657,-18.635754,-18.901178,-18.816278,-18.90145,-18.948063,-19.02548,-18.791899,-18.627018,-18.736584,-19.048193,-18.50753,-19.087227,-19.370317,-19.357004,-19.229128,-19.275644,-19.685677,-19.4609,-20.195965,-20.759737,-21.461304,-21.227768,-21.73578,-21.870056,-21.687717,-21.11971,-21.184034,-21.095852,-20.885744,-20.5289,-19.828915,-19.902637,-20.449139,-20.461712,-20.169415,-20.817924,-20.85676,-20.94603,-19.957172,-20.045338,-19.752563,-20.478481,-20.039423,-20.666557,-21.002085,-21.072311,-21.711672,-22.219135,-22.517017,-22.281988,-22.489012,-21.62024,-20.477905,-19.932116,-19.63779,-19.328077,-19.77409,-20.510109,-20.04108,-19.711239,-18.447163,-18.55908,-19.320356,-20.180407,-20.568794,-20.85105,-21.369347,-22.087029,-22.445778,-22.890995,-22.841652,-22.9799,-24.462128,-24.878569,-26.185171,-27.924501,-30.223787,-32.57534,-34.07625,-35.11432,-35.492455,-35.551895,-35.60207,-35.613106,-35.617207,-35.619564
sid0557-anchor-COSINE-1278-F_close_151.wav,21.457157,16.782804,5.962822,4.7129927,19.568216,25.013456,20.463621,8.413437,12.916439,20.308517,20.735767,16.940792,9.588802,10.251776,13.168642,14.729534,11.916405,5.068483,3.337552,2.5061765,1.0936394,1.7093349,2.5562315,-0.5881892,-4.3765187,-4.0559044,-2.1395228,-1.0228308,-3.6826172,-5.8856306,-4.0527005,-1.0940443,1.6390066,0.202747,-0.8625648,1.7234039,5.1093855,6.5248766,3.4443755,3.8955379,6.0631466,5.683799,4.7731075,2.3348641,1.8000383,1.2068568,-0.14619787,0.058205355,-0.59428906,-0.968346,-1.4668096,-3.87835,-3.756268,-1.6122729,-0.22195897,-0.6634143,-2.0175016,-2.0778198,-1.7456995,-1.6164225,-1.7869586,-3.333497,-4.5706754,-3.720052,-3.446572,-4.4323425,-7.665682,-9.658223,-9.684155,-9.466148,-11.318502,-14.21879,-15.444612,-15.619593,-15.56258,-16.415531,-18.293783,-19.335533,-19.618252,-18.73769,-18.711346,-20.591927,-21.056057,-20.979452,-21.05688,-21.083275,-22.036121,-22.428522,-22.581318,-20.707005,-20.657541,-22.508184,-22.87481,-23.34858,-20.44606,-19.603117,-22.167349,-22.83389,-23.203814,-20.952843,-19.807428,-22.204082,-23.27259,-23.176497,-22.297928,-21.078724,-23.308065,-24.527052,-24.562262,-23.825005,-23.667185,-24.85606,-25.718239,-26.3019,-25.870735,-24.993103,-24.785652,-25.55754,-26.295517,-25.76206,-25.053701,-24.458511,-25.197752,-26.634247,-25.690708,-25.18306,-24.824438,-25.329569,-26.778147,-26.200703,-25.844267,-25.750439,-26.430477,-27.569614,-26.760227,-26.511328,-27.923143,-27.949463,-28.407661,-27.206175,-27.448256,-28.428898,-28.281311,-28.595144,-27.912052,-28.14714,-28.275192,-29.017065,-29.585073,-30.57952,-32.5447,-33.318977,-35.014683,-35.833363,-36.54521,-36.558613,-36.63075,-36.62072,-36.608635,-36.64036,-36.61996
sid0101-clean-COSINE-0100-M_close_202-truncated.wav,26.994322,24.952671,22.03644,19.513954,18.039381,20.186752,15.536737,16.078495,16.256325,13.285604,14.460157,13.596946,8.930248,6.5362124,2.638793,-1.6760917,-2.5774896,-5.1536207,-6.2938232,-7.116141,-7.4182696,-7.9587,-9.055222,-9.320771,-10.281056,-9.951676,-11.393193,-11.456337,-11.953371,-12.706051,-11.952067,-12.356206,-10.151605,-9.43321,-8.416839,-7.2741227,-6.9828234,-7.880005,-8.548609,-10.455136,-11.3962,-11.153179,-12.071386,-12.328468,-12.966437,-12.046129,-12.399159,-12.7729225,-12.3133135,-12.008707,-11.009724,-11.10271,-10.937801,-11.713734,-13.004378,-13.409517,-14.900959,-15.705934,-15.663809,-15.944877,-15.807496,-15.740251,-15.505944,-14.666365,-14.23668,-13.552374,-12.524008,-12.298649,-11.347578,-11.044707,-10.376146,-10.044945,-10.000969,-10.461933,-11.003918,-10.8435135,-12.380237,-13.147919,-13.963574,-15.0799265,-15.660382,-16.701443,-17.179878,-17.866804,-18.98688,-19.443554,-19.848593,-20.141993,-20.896566,-21.209194,-21.684711,-21.899536,-22.098011,-22.322544,-22.597649,-22.790028,-23.059631,-23.085133,-23.30317,-23.319633,-23.093678,-22.818813,-23.031252,-23.7661,-24.158459,-23.932426,-23.823563,-24.848345,-24.477026,-24.622784,-24.998863,-24.699585,-25.04501,-24.65933,-25.60624,-25.875635,-26.555954,-26.775612,-26.454489,-26.41177,-27.109173,-27.454212,-27.419151,-27.69563,-28.23903,-28.439758,-28.163475,-28.711073,-28.525293,-28.73435,-29.224388,-29.291283,-29.623253,-29.459993,-29.271433,-29.325247,-29.57466,-29.84463,-29.966785,-30.218548,-30.481949,-30.3983,-30.703392,-30.87484,-30.998669,-30.96325,-31.54196,-32.351357,-33.168995,-33.569485,-34.636425,-35.40441,-36.171593,-36.45271,-36.672054,-36.685863,-36.72618,-36.704712,-36.737667,-36.71027,-36.74318
sid1857-clean-COSINE-2794-M_close_132.wav,23.099878,20.380476,18.553183,24.257729,19.387205,15.405559,21.19993,18.40718,12.663375,16.66084,15.817469,11.772869,14.260325,16.144918,15.05638,10.719996,8.6849,10.032249,4.857207,2.3337095,5.94633,3.247126,1.6705744,6.854549,5.167566,2.127361,4.9559884,3.0177948,-0.19201458,0.21649824,-1.7466497,-3.3887553,-2.7810702,-4.20795,-3.0678616,-0.644349,-0.8541211,-1.5324795,-3.131354,-4.0705957,-3.6705022,-4.4431205,-4.957225,-4.852787,-5.535826,-6.5787735,-5.5075555,-5.304432,-5.5951996,-7.062864,-7.218748,-7.4945645,-7.9837475,-7.929437,-7.8139615,-9.60486,-10.35178,-10.248798,-12.1142025,-13.765994,-13.104706,-13.786949,-15.02407,-14.91338,-13.941679,-15.450176,-14.818857,-13.135717,-13.404848,-13.513777,-11.218129,-10.470829,-10.841967,-8.813188,-7.63148,-8.892176,-9.094643,-8.025629,-8.816529,-9.018679,-8.302676,-7.941433,-7.974004,-8.018843,-8.879845,-8.917531,-9.229262,-10.376902,-9.642027,-9.460524,-10.946455,-10.719663,-10.901779,-12.652726,-14.152804,-14.175394,-14.127597,-15.099077,-15.0473175,-15.344944,-15.711881,-17.013788,-18.561155,-18.339226,-18.10802,-17.725851,-17.450686,-17.673958,-17.875235,-18.450977,-18.29699,-16.939842,-16.933598,-17.683725,-17.27217,-17.985046,-18.451054,-18.038113,-17.722033,-19.124008,-19.30284,-18.167557,-19.384386,-20.8094,-21.377337,-20.831867,-21.305214,-21.778835,-21.987303,-22.238752,-22.240032,-21.32447,-22.189613,-22.224045,-20.906433,-21.279114,-21.780634,-21.379906,-20.940168,-20.566036,-21.194195,-20.868744,-20.829393,-21.432293,-21.708164,-22.223795,-22.496893,-24.395609,-24.742548,-26.394722,-28.69548,-31.517866,-33.512848,-35.848988,-36.19323,-36.728977,-36.688686,-36.76783,-36.736073,-36.77721,-36.744923
sid3179-clean-COSINE-3826-M_close_199.wav,14.409514,16.092842,20.117706,20.93026,22.775106,18.725721,19.640413,18.434292,22.094944,23.49576,18.401821,11.507999,11.726111,7.1986175,4.012734,1.0641296,-2.2148,-1.0275118,-0.14272624,-2.0874069,-3.319515,-2.76675,-1.1870407,-2.2131298,-4.535284,-2.9317727,-1.531471,-1.4491755,-1.3908272,-0.9978449,-2.710049,-2.7106266,-1.8129255,-4.782179,-4.375169,-4.6217265,-5.9108167,-6.649436,-7.7926636,-9.059526,-8.358561,-8.284422,-9.626364,-9.446695,-8.931746,-8.219081,-7.0975347,-7.0596323,-5.542689,-4.244174,-5.140881,-6.470331,-9.136054,-11.199513,-12.761989,-14.4138,-15.407114,-16.61168,-16.126566,-16.645262,-17.919485,-17.667686,-17.047497,-16.39387,-15.956728,-16.44626,-15.051881,-15.263157,-13.62775,-11.699068,-11.50666,-11.559504,-11.215248,-11.564036,-11.492279,-11.18671,-12.658244,-13.416099,-14.951214,-16.591648,-16.31234,-17.0351,-18.234856,-18.174868,-18.485378,-18.901825,-18.696274,-18.784878,-19.864132,-20.594103,-21.141108,-21.119806,-19.469074,-19.63905,-19.118717,-17.59289,-19.220922,-20.128296,-20.29481,-20.973091,-21.158047,-22.626595,-22.465027,-20.987534,-20.817238,-20.772491,-19.566618,-18.543764,-17.967876,-17.67278,-17.893747,-17.872503,-17.358585,-17.63531,-18.25049,-17.982962,-18.46532,-17.88218,-17.145348,-17.141994,-18.399605,-18.253838,-17.540464,-16.175816,-15.61736,-16.295425,-16.500164,-16.464632,-17.477186,-17.53443,-17.697048,-17.668842,-18.29948,-20.662252,-20.774052,-20.594557,-21.989983,-22.39335,-24.356804,-24.123821,-23.208258,-23.744076,-23.617685,-22.059132,-21.918695,-21.71944,-21.68153,-22.293083,-23.913212,-25.593912,-27.384205,-30.203524,-33.249004,-35.091293,-36.74087,-36.721363,-37.08476,-37.043846,-37.093414,-37.04596,-37.119774
sid1453-anchor-COSINE-2145-F_close_93.wav,30.15548,29.106245,22.192324,12.800189,15.7714615,16.011093,8.112121,0.4489094,3.499395,6.6986103,2.9799585,-2.1733294,-0.65299207,0.87540174,-2.1717927,-6.356392,-7.7265735,-7.6076465,-9.493784,-12.979588,-14.025375,-12.177528,-13.896551,-16.675285,-17.917908,-16.87684,-17.14968,-18.28563,-19.286308,-17.94312,-16.435036,-17.880365,-17.571024,-15.7031,-15.032618,-16.57941,-16.322197,-14.85753,-14.445835,-15.811438,-18.1014,-19.360373,-18.448635,-19.33316,-20.06316,-20.33391,-21.429485,-20.915215,-20.742636,-20.56643,-20.668257,-21.641695,-21.447496,-21.9239,-22.515831,-23.82446,-24.04028,-24.918596,-25.98722,-26.213076,-25.807474,-27.374214,-26.709904,-27.098305,-27.15685,-27.958487,-27.5154,-28.34446,-28.216194,-28.868902,-30.213129,-30.289099,-31.02697,-31.536161,-31.878765,-32.2032,-32.345154,-32.548912,-32.801285,-32.68157,-32.818447,-32.934727,-33.023937,-33.025677,-33.34551,-33.229744,-33.53292,-33.370995,-33.500916,-33.550167,-33.721775,-33.739628,-33.816795,-33.81552,-34.04708,-33.925663,-34.064964,-34.097694,-34.22913,-34.250217,-34.340603,-34.379105,-34.398468,-34.492943,-34.553375,-34.597084,-34.670303,-34.674355,-34.800144,-34.716618,-34.83189,-34.840317,-34.98496,-34.96012,-35.038948,-35.060635,-35.06896,-35.137096,-35.11502,-35.238163,-35.201992,-35.297867,-35.27474,-35.33518,-35.3811,-35.41677,-35.413662,-35.489895,-35.531475,-35.51134,-35.544567,-35.580475,-35.617558,-35.64362,-35.63868,-35.742767,-35.67303,-35.72562,-35.724422,-35.808567,-35.743134,-35.81186,-35.828922,-35.83127,-35.85485,-35.878162,-35.836708,-35.89629,-35.923637,-35.99024,-35.962326,-36.041103,-36.03257,-36.078003,-36.09268,-36.099743,-36.12673,-36.11362,-36.134773,-36.117302,-36.141678
sid3308-clean-COSINE-3826-M_close_99.wav,16.826551,16.94824,23.477425,22.337158,22.927721,23.947388,18.833744,20.202417,19.273933,18.950777,16.056715,11.80955,7.1306615,1.7010142,0.27529797,-0.93469745,-1.4285758,-3.1511137,-3.9877295,-4.714727,-5.0864086,-4.1432614,-6.5980425,-5.8158154,-6.4546685,-6.22864,-4.9189453,-5.1631474,-2.9309936,-4.0087233,-4.1637635,-5.129974,-5.1295576,-4.882303,-6.822448,-7.316206,-9.618671,-12.935007,-13.60902,-14.492813,-13.434796,-13.057565,-14.40405,-15.149929,-15.329585,-14.345148,-12.554711,-11.82486,-10.086435,-10.136852,-12.284919,-12.129722,-14.135239,-16.469181,-17.394035,-19.2122,-19.52957,-20.643549,-20.752089,-21.169975,-21.694136,-20.87287,-21.665634,-20.859468,-20.809946,-21.654871,-20.619638,-21.0404,-20.98225,-21.409657,-21.01255,-20.692999,-18.92997,-18.658054,-16.863913,-16.982983,-18.689732,-18.555452,-19.080284,-18.852041,-20.321514,-20.403896,-21.00855,-20.801208,-20.642677,-19.672829,-19.67458,-19.830988,-20.253826,-20.02654,-19.699776,-20.296257,-20.132221,-19.045351,-19.465569,-19.85558,-19.898857,-19.774736,-19.616049,-19.567238,-19.500128,-20.18183,-19.23062,-18.800446,-17.019728,-15.974111,-16.362429,-14.993821,-15.313597,-15.656082,-15.558677,-17.637394,-18.418085,-18.308998,-19.004768,-19.988653,-20.92968,-20.462769,-20.713879,-21.180363,-21.014988,-21.187168,-20.151636,-20.235168,-20.571812,-21.008247,-21.235075,-20.150074,-20.185276,-19.786255,-18.864153,-19.169374,-19.353264,-18.886824,-20.11671,-20.530985,-20.990372,-21.509094,-21.853088,-22.219446,-22.987463,-23.758278,-23.556519,-23.1518,-22.847605,-23.310951,-23.70005,-25.423313,-25.732487,-27.369349,-30.267921,-31.53308,-33.74035,-35.271908,-36.22655,-36.654453,-36.639027,-36.712456,-36.720764,-36.716145,-36.730724
sid2219-anchor-COSINE-2898-M_close_156.wav,18.62385,15.661079,19.644075,26.359575,21.01826,15.726514,22.10225,19.595098,16.774633,21.009865,20.192142,16.032612,14.130842,13.2809305,9.657625,3.9079103,1.8185899,0.6075231,-1.1667436,-1.8003032,-2.5299242,-2.492538,-3.032302,-4.043743,-2.9162457,-1.8202457,-3.1908033,-2.4624414,-0.8338198,-1.3867381,-0.6557581,0.834908,-0.8093761,-1.8340733,0.18775202,-0.60651076,-4.545105,-2.3875759,-1.709106,-5.6423206,-5.9704456,-4.9905877,-6.3296647,-6.2526965,-5.80204,-5.7879477,-5.367714,-5.0298176,-4.71072,-3.0236843,-2.989943,-3.013661,-2.0028112,-2.830317,-3.4337134,-2.9458885,-4.679541,-7.0110755,-7.6125565,-8.526001,-8.994614,-9.034108,-8.420033,-8.371824,-9.002789,-8.847925,-8.468255,-9.421513,-8.429994,-8.134184,-10.479292,-11.087156,-11.360892,-14.584912,-16.369987,-15.916101,-17.671543,-18.949879,-18.223036,-19.086535,-20.398014,-19.551245,-19.855042,-20.992008,-20.623089,-20.707027,-21.577337,-21.782885,-21.70766,-22.297863,-22.03284,-22.109077,-22.324253,-22.127583,-22.671873,-22.710592,-22.255041,-22.999653,-22.754795,-22.682533,-23.265142,-23.80497,-23.346619,-23.590248,-24.423088,-23.614296,-23.798168,-24.433382,-24.07722,-24.395576,-24.565048,-25.221079,-24.559134,-24.872616,-25.84705,-25.184593,-25.478668,-26.225098,-26.150143,-26.079397,-26.362991,-27.240051,-26.246078,-26.63066,-27.674725,-27.082859,-27.436401,-27.561108,-28.106274,-27.741535,-28.218689,-28.292639,-28.30862,-28.159866,-28.603352,-28.904549,-29.127144,-28.693457,-29.403193,-29.05818,-29.048908,-29.29168,-29.174269,-28.93958,-29.159824,-29.603327,-29.686907,-30.04915,-31.342945,-31.813776,-33.301113,-34.755512,-35.674156,-36.096123,-36.42434,-36.46889,-36.51342,-36.50717,-36.509613,-36.51378,-36.512672
sid3611-anchor-COSINE-4174-F_close_54.wav,19.156607,17.744398,10.33811,6.9008403,13.336826,17.856714,16.594507,12.958839,12.355295,9.55545,8.451177,10.898353,9.92069,5.710015,2.58565,3.9081798,3.1765246,0.27126545,-2.9223344,-6.494154,-6.629184,-6.315613,-5.0848794,-5.100299,-8.3095665,-9.915007,-8.908524,-9.851379,-11.757636,-11.734771,-8.443583,-7.3315945,-8.221215,-8.313996,-6.374331,-4.974574,-5.6237817,-5.8685184,-6.7236085,-7.492518,-8.557716,-6.8289194,-5.9127035,-7.0585127,-9.538189,-11.361643,-10.5459795,-9.368274,-9.027615,-8.941785,-9.490088,-8.795296,-7.6981144,-8.601459,-8.860549,-8.196662,-7.5861764,-8.206214,-9.299057,-11.354781,-11.782581,-12.0110855,-14.266785,-14.919919,-15.597555,-17.189474,-17.357563,-18.982857,-20.185127,-20.759476,-21.604612,-22.751522,-24.036407,-25.095581,-27.189926,-29.25832,-30.867147,-31.712498,-34.130974,-35.688675,-36.382305,-36.928154,-36.761032,-37.017456,-37.030758,-37.197918,-37.513664,-37.306133,-37.76806,-37.73719,-37.713516,-37.644535,-37.989697,-37.8954,-38.067764,-37.981323,-38.144463,-38.27638,-38.316586,-38.41964,-38.4476,-38.562485,-38.47159,-38.79259,-38.77546,-38.676205,-38.8205,-38.82858,-38.944183,-38.990482,-39.07582,-39.198265,-39.17808,-39.349983,-39.264614,-39.335518,-39.433388,-39.37113,-39.501057,-39.41951,-39.592995,-39.573284,-39.54675,-39.77925,-39.54406,-39.823624,-39.74053,-39.85025,-39.877186,-39.797977,-39.905914,-40.1397,-39.94869,-40.00019,-40.115353,-39.961597,-40.258423,-40.056854,-40.097164,-40.233276,-40.03509,-40.387188,-40.084705,-40.225822,-40.265182,-40.33795,-40.188984,-40.31932,-40.310555,-40.461693,-40.35091,-40.43818,-40.47558,-40.48458,-40.492725,-40.505165,-40.508556,-40.51765,-40.510372,-40.519085,-40.519505
sid5365-noisy-COSINE-7408-M_array1_23.wav,31.28304,26.12276,19.66246,17.493807,12.330973,13.446184,9.792646,6.91793,7.832815,8.42068,9.595654,6.127054,6.253903,6.924508,2.128168,0.72760534,-1.8800566,-4.3540745,-3.8594623,-5.0895553,-4.3611717,-5.139938,-7.204319,-8.342903,-8.969436,-10.20303,-9.273668,-9.12408,-8.423384,-8.396954,-9.466919,-8.250948,-9.073926,-9.288808,-8.804718,-9.390322,-9.364076,-8.956324,-8.952175,-9.293476,-9.832321,-11.15868,-11.410991,-12.32135,-12.1571455,-11.475543,-11.665969,-10.823927,-10.087461,-10.552855,-10.370195,-11.03875,-12.022541,-13.158788,-14.610897,-15.073233,-15.6669035,-15.737873,-15.980664,-16.98875,-16.503521,-16.346666,-17.290333,-16.118536,-16.586218,-15.671532,-15.183078,-15.142859,-13.339101,-13.234745,-12.988724,-12.284919,-13.414648,-12.109195,-11.863951,-12.229767,-11.069073,-12.697599,-11.745653,-10.90899,-12.199131,-12.8446045,-13.786765,-11.587549,-11.836337,-14.180799,-14.534035,-14.587422,-11.694984,-12.215874,-11.863314,-11.925378,-12.32382,-11.615438,-11.379405,-13.694637,-14.539957,-10.842017,-12.059427,-13.898846,-13.201563,-13.872097,-14.979686,-15.865227,-15.377259,-15.840596,-15.957333,-15.68594,-15.694008,-17.559841,-17.819689,-19.18044,-19.960611,-18.783047,-19.459017,-20.676214,-20.916416,-20.797497,-20.576134,-21.295746,-21.70522,-22.343176,-21.96014,-21.205334,-20.59716,-20.144337,-20.67345,-20.798643,-20.528885,-21.431213,-22.740633,-22.468033,-23.57499,-23.522697,-25.28198,-25.18071,-24.052298,-24.382462,-25.760134,-26.574432,-26.413174,-25.796759,-26.458286,-26.985771,-27.282848,-27.545126,-27.37902,-27.668163,-28.588411,-29.737148,-33.20762,-35.07759,-36.309254,-37.575653,-38.02107,-38.327003,-38.259834,-38.321873,-38.2969,-38.319977,-38.33244
sid4443-anchor-COSINE-5897-F_close_94.wav,22.006044,19.897701,10.602768,14.215913,23.327854,22.621794,12.524139,9.910291,18.921696,20.098066,16.433874,11.397106,9.859773,8.024297,2.57329,2.4066684,6.2521286,7.2061467,1.1860152,-3.7933934,-0.5614023,0.30863932,-4.382072,-9.30931,-4.1392145,-1.961009,-5.716385,-10.541736,-9.395953,-3.8590899,-3.839859,-8.105759,-10.461583,-8.507796,-5.463917,-6.137765,-9.595493,-10.799852,-9.289698,-9.028181,-9.861977,-10.625574,-11.789234,-10.380043,-8.579552,-8.633694,-9.688493,-9.024494,-7.573707,-5.748918,-5.6523256,-8.142002,-8.700066,-7.9530516,-7.052803,-7.772625,-8.457736,-8.15381,-7.115869,-7.015175,-7.492991,-7.9322205,-8.616162,-9.763208,-11.456227,-13.73609,-15.149766,-16.620129,-15.956631,-16.427628,-17.028358,-18.604996,-19.346603,-18.189253,-19.248852,-20.200428,-20.454357,-19.837376,-19.35926,-20.86797,-22.360077,-22.485235,-21.508543,-21.689957,-23.805721,-25.282429,-24.69189,-23.375587,-24.471148,-25.386837,-25.995214,-24.904158,-23.978651,-24.386211,-26.271456,-25.467417,-25.596859,-25.040491,-25.264854,-26.04982,-26.156544,-26.716127,-26.113132,-26.032745,-26.081676,-26.698914,-26.79689,-25.944542,-25.750317,-26.265089,-27.505074,-26.588156,-26.725008,-26.982134,-27.279503,-27.208769,-27.8373,-28.30051,-28.54537,-27.682535,-28.202282,-28.79604,-29.072136,-28.54448,-28.885334,-28.580853,-29.488962,-29.44314,-28.955507,-29.90262,-29.866013,-29.698975,-28.221409,-29.630259,-30.334694,-30.0198,-29.685074,-29.796158,-30.64579,-30.922716,-30.262455,-30.274935,-30.652256,-30.846453,-31.286423,-31.47805,-31.204601,-31.40398,-32.86076,-34.45338,-34.796738,-35.413887,-36.634422,-37.26298,-37.624916,-37.67935,-37.689987,-37.70687,-37.69997,-37.72204,-37.698673
sid2579-noisy-COSINE-3231-F_array1_81.wav,13.854709,15.215042,11.631212,4.0269604,0.19708453,4.9211736,8.829415,7.4486237,6.169463,4.675864,11.433098,15.583206,17.034588,16.056635,14.722055,18.797306,19.611952,15.339008,12.80961,14.186323,15.928267,14.259051,10.663442,9.61463,10.902546,12.249795,11.913905,9.314701,7.0477295,7.740842,11.25091,11.625366,9.657641,7.8054338,4.2106614,2.7660272,3.5154252,2.4983497,1.3665591,0.46905416,1.307969,1.0277404,-1.9748158,-3.0646822,-3.1884093,-2.2609444,-0.4963201,-1.8263704,-4.4143147,-5.758615,-5.846409,-4.705206,-5.0772786,-6.22573,-7.1376157,-6.2395096,-5.3327456,-5.5705934,-6.1693645,-6.265544,-5.9235244,-6.637893,-7.446051,-7.5163074,-8.279272,-7.0622597,-5.9303284,-7.3171277,-9.136251,-9.833677,-6.983742,-5.381608,-6.4556623,-9.232514,-11.739246,-11.555288,-9.848842,-9.549147,-11.371632,-12.814781,-12.026243,-11.203444,-11.020974,-12.658882,-14.693163,-15.006969,-13.929958,-13.83686,-14.481935,-15.678973,-16.36352,-16.018772,-16.027891,-16.332838,-16.371363,-16.93146,-16.974909,-17.238016,-17.829739,-18.128017,-17.91391,-18.710907,-18.759645,-19.78942,-20.40757,-20.03085,-20.71299,-20.225069,-19.757019,-21.003868,-21.39577,-20.440136,-20.08218,-20.690643,-21.669828,-22.028189,-22.21978,-22.543896,-21.493452,-21.304554,-21.516808,-20.918373,-21.089506,-20.734995,-22.288784,-23.216644,-22.575008,-22.748596,-23.047127,-23.798046,-24.218384,-24.476433,-24.456272,-24.013422,-24.220057,-24.50771,-24.897942,-24.724503,-24.132412,-24.256933,-24.293911,-25.16405,-25.464619,-25.338394,-25.304104,-25.479504,-24.596739,-25.70982,-26.887903,-28.442041,-30.72961,-32.585373,-34.436737,-36.789772,-37.368988,-37.752537,-37.85657,-37.83514,-37.867905,-37.85238,-37.87161
sid5319-anchor-COSINE-7408-M_close_135.wav,21.268993,18.517483,19.728012,26.483646,25.946098,20.825941,18.493002,16.058788,14.764466,12.42835,10.838139,12.666389,14.129863,10.570621,8.615278,8.613246,5.9358864,2.9865086,1.6043162,1.3440647,2.5038362,0.9918624,-1.6835111,-1.3424058,-1.5672468,-2.039376,-0.5880241,1.0362663,1.6346447,-0.22525465,-2.1719065,-0.86301434,-1.613229,-2.4262676,-1.1804366,-1.4761207,-3.8063521,-4.0326576,-4.225269,-5.1928654,-5.2272243,-5.955884,-7.2257137,-5.765108,-6.181694,-5.948511,-4.8395844,-4.742536,-4.7652073,-5.1122236,-5.8234572,-6.441014,-7.0929427,-7.8860188,-9.958379,-12.153573,-13.267599,-13.689384,-15.007622,-15.488407,-15.173199,-14.802584,-15.010904,-15.126113,-14.33419,-12.945203,-14.318729,-15.802736,-15.358344,-16.332094,-17.376081,-17.7859,-19.665207,-20.943436,-22.093159,-24.263027,-24.996513,-25.097412,-26.37133,-27.56081,-26.7912,-26.276001,-27.830198,-28.217083,-27.650824,-27.10176,-28.45828,-29.166986,-28.07374,-28.023928,-28.95956,-28.850082,-29.184217,-28.890478,-29.101913,-29.555521,-29.525063,-29.881525,-29.563358,-29.993822,-30.666864,-29.952019,-30.078707,-30.83902,-30.667498,-30.463478,-31.012365,-31.18888,-30.791172,-31.280128,-31.330387,-31.259884,-31.892271,-31.514996,-31.699669,-31.94117,-31.979084,-32.167744,-32.06913,-32.41071,-32.45257,-32.39852,-32.509495,-32.856277,-32.243046,-32.712074,-32.914173,-32.85481,-32.859665,-33.087814,-33.323154,-33.096653,-33.2666,-33.392273,-33.347736,-33.564896,-33.66873,-33.287197,-33.494854,-33.73133,-33.781227,-33.358887,-33.866657,-33.987804,-33.60018,-33.88844,-34.28891,-34.19244,-34.669197,-35.0304,-35.839165,-36.060837,-36.330513,-36.60289,-36.64843,-36.712116,-36.71546,-36.717148,-36.724983,-36.72808,-36.7255
sid1295-clean-COSINE-1892-M_close_65.wav,31.42609,28.836744,21.793266,15.377886,18.276964,12.906804,10.261321,7.7722893,7.9237294,9.123833,12.027779,12.860834,10.596941,5.6996965,0.7341733,-1.9208564,-2.1314814,-3.1812766,-2.6041734,-6.047191,-6.1648126,-6.658135,-6.050451,-5.763738,-6.05315,-8.582903,-8.2142,-8.852097,-8.571102,-8.509666,-7.2693706,-6.3412285,-5.860271,-6.5026183,-7.317409,-9.4847145,-10.665406,-11.7273035,-13.029032,-12.410151,-13.910684,-14.510752,-13.675684,-13.379769,-14.861449,-16.90634,-17.690132,-17.25824,-17.620396,-17.898998,-18.604385,-19.680618,-19.949179,-20.257015,-20.362568,-21.018261,-21.524973,-22.077091,-22.92421,-22.860497,-23.057926,-23.637848,-24.844776,-24.504488,-24.801384,-24.935854,-25.809864,-25.734098,-25.898949,-26.439056,-25.556383,-25.405258,-24.768248,-25.12988,-24.3541,-24.08759,-23.421314,-24.669058,-25.336266,-24.697664,-24.279736,-25.123861,-24.459248,-24.705303,-24.45053,-24.90631,-25.188522,-24.858181,-25.59655,-25.599945,-26.488003,-27.28342,-26.71827,-26.967077,-27.010328,-27.742376,-28.310108,-28.837818,-29.556787,-30.006245,-30.706072,-30.372505,-30.61967,-30.5861,-30.93484,-30.8166,-31.26318,-31.265776,-31.064081,-30.528318,-30.416508,-30.591078,-30.61507,-30.993362,-30.62733,-30.640274,-31.328192,-31.128044,-30.95669,-31.073193,-31.24551,-30.892159,-30.641788,-31.2011,-31.22468,-31.730701,-32.285976,-32.028175,-31.986847,-32.020115,-32.446377,-31.97464,-32.24171,-32.549736,-32.579803,-32.868084,-33.59213,-32.830303,-32.606083,-32.94774,-32.915516,-32.946987,-32.93796,-33.101776,-32.882538,-33.26123,-33.025272,-33.91072,-33.390675,-34.11644,-34.51783,-34.961082,-35.137917,-35.27048,-35.314396,-35.337036,-35.346275,-35.341072,-35.356277,-35.339195,-35.357124
sid4073-anchor-COSINE-5289-F_close_73.wav,27.163525,24.2524,14.645775,14.184499,15.57896,11.938293,12.273292,15.766064,15.289393,12.8894005,14.441935,13.233063,11.4448595,10.591941,10.210033,11.374208,9.248985,5.4825206,5.943334,4.5818205,2.1638026,3.1192815,3.612091,1.6137972,0.6380118,0.89241576,1.334542,-0.09840952,-0.72034717,-0.0971346,1.2749205,3.1099868,4.0216823,4.304771,2.4363294,1.9224381,2.265343,0.6674132,-0.15028189,-0.60168713,0.03941037,-1.9794286,-5.0421767,-6.107841,-6.816639,-6.196131,-6.2070208,-5.9563255,-5.04825,-5.624799,-5.9344125,-5.1884227,-5.8445973,-7.522452,-8.26927,-6.881859,-5.498677,-6.65497,-8.089655,-9.71322,-8.855774,-8.182066,-9.352337,-11.38043,-12.479787,-12.996102,-12.317428,-13.04991,-15.660475,-16.800745,-16.065489,-16.485409,-17.839235,-19.957945,-20.909286,-23.003422,-22.272738,-22.551888,-24.35212,-23.35679,-22.468893,-24.653244,-25.012072,-24.094828,-24.148952,-25.041971,-25.375559,-24.97114,-25.377035,-26.701376,-26.79663,-25.126392,-25.440653,-26.485176,-26.612196,-27.392052,-26.882092,-26.754692,-26.918133,-26.120255,-27.50763,-28.815361,-27.184809,-27.399277,-28.061531,-28.215588,-28.850977,-27.85597,-29.498531,-29.41792,-28.122137,-28.211287,-28.983501,-29.541605,-29.298843,-29.462238,-29.739876,-29.52077,-28.754263,-30.780428,-30.919693,-29.876757,-29.861595,-30.004913,-30.764408,-30.271675,-30.036926,-32.13612,-31.510477,-30.39421,-31.016178,-30.886215,-32.17673,-30.876476,-31.47439,-31.509237,-30.766191,-31.771164,-32.238754,-31.457195,-31.077492,-31.280922,-32.244278,-32.785114,-32.13552,-31.505219,-31.868773,-33.295742,-33.25464,-34.29244,-35.081364,-35.393833,-36.55482,-36.970474,-36.897667,-37.083042,-37.093193,-37.081863,-37.10249,-37.099403,-37.090485
sid0621-noisy-COSINE-1278-F_array1_216.wav,20.925348,16.272032,5.328964,5.283943,11.963907,12.538108,8.786087,12.803241,17.850937,16.516634,15.537391,14.362722,15.733861,17.865805,15.211172,19.722084,19.839043,16.662449,9.878909,7.026937,12.972337,13.100403,5.0334954,0.84005785,7.8500137,11.80076,7.9150457,2.5644393,3.000355,7.1207237,8.263344,6.3865604,4.417075,7.5539513,7.99226,7.265978,7.7120185,5.159709,4.1875973,0.83692527,2.454521,7.2872686,7.5381303,4.4441547,-0.59605056,0.57830167,5.5771646,4.3666215,1.3408124,-0.051403437,1.1815103,3.5362992,1.4341475,1.1408486,4.0104237,2.9928246,1.320508,1.1345004,0.7949277,2.0556757,2.0779665,1.1825703,-0.4755323,-1.994767,-2.9882047,-3.0305066,-2.4479504,-4.712366,-6.0102324,-6.2923975,-8.091525,-7.5568347,-8.538596,-10.28759,-9.082337,-8.332042,-6.494074,-8.663172,-11.898493,-12.172731,-10.34597,-8.3773365,-10.850915,-13.074664,-11.445336,-11.103289,-10.591728,-11.702639,-12.98059,-13.282572,-13.282629,-12.263067,-12.471118,-12.713436,-13.639789,-14.068385,-13.111748,-13.838535,-14.560345,-16.281157,-15.497184,-14.063005,-14.127288,-14.925366,-17.6513,-17.282503,-16.898518,-17.154037,-15.659943,-16.431679,-17.568972,-17.106472,-17.376108,-17.180197,-17.525356,-17.673412,-18.095173,-16.856949,-17.538853,-18.464415,-19.345518,-17.977242,-16.370008,-18.509594,-19.126204,-19.489681,-18.041862,-17.705318,-19.512457,-18.62522,-19.235838,-19.756737,-19.555466,-20.999264,-20.70679,-19.940117,-20.231148,-19.307564,-20.693798,-20.381084,-20.44305,-20.640724,-19.069143,-20.29275,-20.296375,-21.08836,-21.587954,-21.553858,-23.224173,-25.39029,-26.897934,-29.207264,-31.876364,-34.79059,-35.827385,-36.317146,-36.624775,-36.61414,-36.660343,-36.66465,-36.698635
sid5916-clean-COSINE-9987-F_close_216.wav,18.999695,16.470161,8.662243,18.40214,23.090876,17.388094,10.447311,18.287066,20.20681,15.056736,15.611873,19.99355,19.128498,13.970866,12.579073,11.667141,8.519508,7.572323,8.017543,8.541692,8.012432,5.2752757,2.6193385,2.8983555,3.9724803,2.7135105,1.6354991,2.9468293,3.754107,1.6794919,2.3147564,4.7544765,4.339015,1.7624878,0.98065346,2.4972708,3.3141186,2.4033778,1.3718532,0.8364711,1.4376634,1.7142603,0.82744634,0.43461543,1.1508998,1.9292146,0.82820225,-0.22507983,0.66724443,0.34676743,-0.65262806,0.7091257,2.2605033,1.7913761,1.617743,3.489304,3.9728224,3.319036,3.6671615,3.9717233,3.204451,1.6464077,0.9640348,0.3114109,-0.07362488,-0.64744705,-0.64806783,-0.6073923,-0.5601079,-0.27169865,0.26795495,0.64547074,0.78448236,1.5409373,1.4123656,0.045194052,-0.6564778,-1.2655098,-1.847576,-3.5609612,-3.2695296,-2.8150163,-3.580066,-4.647382,-5.470255,-5.154586,-4.9985914,-5.5372696,-5.6267576,-4.9798307,-5.0403233,-5.4333725,-5.8144407,-5.9399085,-7.0852323,-8.56443,-9.032758,-8.941755,-10.276846,-10.375128,-10.736619,-10.635969,-10.578278,-10.524449,-10.731706,-10.691338,-10.092777,-10.177699,-10.002663,-10.381126,-11.036867,-10.125841,-10.436472,-11.406914,-11.279692,-10.805841,-10.444945,-10.920324,-11.8873825,-11.117063,-11.222854,-11.52298,-11.694059,-11.535315,-12.15654,-12.286487,-12.254765,-12.255581,-12.619093,-12.425032,-12.412294,-12.59515,-13.260669,-13.047732,-13.327768,-12.304312,-12.179953,-13.078284,-13.52296,-12.350349,-13.168819,-13.844943,-13.972149,-13.7760725,-13.868861,-14.785503,-15.8689165,-16.421812,-17.317635,-19.602703,-23.095789,-24.960033,-28.055492,-32.08213,-34.622547,-36.172325,-36.441208,-36.58217,-36.597755,-36.59431,-36.610054
sid5975-noisy-COSINE-9987-F_shoulder_74.wav,11.997307,17.228172,15.978657,12.972242,13.463136,15.732693,17.604263,19.683535,21.180313,22.237244,19.311546,15.784682,14.999819,15.675305,15.912057,13.400277,10.833081,11.185402,12.615775,10.756778,5.2429824,3.598444,5.093049,6.6623507,5.075616,3.0039139,2.451165,3.7303548,4.610515,2.4943776,1.4235852,2.0001702,1.9182223,0.3772746,-1.5642577,-2.005329,-2.528768,-2.7806723,-4.0366797,-6.193414,-8.269616,-7.4923525,-7.285842,-7.9857206,-8.525139,-8.347799,-8.081871,-7.926979,-7.835343,-8.705079,-9.5127735,-7.996314,-6.4753656,-6.7877383,-7.871682,-8.41641,-7.678127,-8.058157,-8.309112,-10.761452,-11.120153,-10.3476515,-9.849801,-10.047914,-10.5737705,-10.655638,-10.78915,-11.196972,-11.823687,-13.920544,-13.210106,-13.311938,-13.33836,-14.143211,-15.514853,-15.604307,-15.593504,-15.783349,-15.554786,-15.71063,-14.72934,-14.071817,-13.402826,-14.915566,-15.194851,-14.780041,-15.3078985,-16.152922,-17.043674,-17.878445,-17.924208,-18.027327,-18.842196,-18.82934,-18.963419,-18.82969,-19.745806,-20.41376,-20.19681,-20.906998,-21.152895,-20.914228,-21.573307,-22.639729,-22.377235,-22.044193,-21.778244,-22.13543,-22.81584,-23.06752,-23.843832,-23.558807,-22.906883,-23.804104,-23.952614,-24.399338,-24.904488,-25.214403,-24.484377,-24.158766,-24.84364,-25.658344,-25.894905,-26.334246,-25.639595,-25.598835,-25.944462,-25.6478,-26.080551,-25.874092,-26.539913,-26.06244,-26.19946,-25.744423,-26.666212,-26.895893,-27.299019,-27.633799,-27.251747,-27.512142,-27.464582,-28.021372,-28.680431,-28.168974,-28.258059,-28.467762,-28.593636,-29.087526,-30.591413,-31.47975,-33.10005,-33.923073,-35.142227,-36.386925,-36.50559,-36.670002,-36.674202,-36.75856,-36.672836,-36.77877,-36.66976
sid2528-anchor-COSINE-3231-F_close_27.wav,17.811321,15.751539,7.7060103,9.379094,19.728893,21.869478,15.729088,8.046989,12.940125,18.33003,17.46422,12.885296,10.983868,11.367145,10.739941,8.208164,5.7824473,6.026006,5.9040327,5.127473,2.7900994,2.0006416,2.7210398,2.7172682,2.1814563,1.5124586,1.5986202,2.1443949,3.1504364,3.701716,2.6086066,1.9738696,2.470757,2.433884,2.9140296,4.527509,4.795146,1.5192087,-0.8248698,-0.41454035,1.1296949,-0.90322995,-1.8987304,-2.353326,-2.5361843,-1.6505644,-1.4308542,-1.8692933,-0.9946234,0.5373738,-0.6324016,-2.9684024,-4.04211,-3.0360193,-3.5452552,-5.702217,-7.145566,-7.291951,-7.9272184,-9.361385,-10.708938,-11.500887,-12.245269,-12.229002,-12.2445,-11.194239,-12.209856,-13.7583275,-13.767044,-13.8966255,-13.937677,-14.375254,-15.198078,-17.025167,-17.758986,-17.524355,-16.920048,-18.632128,-21.017544,-20.391367,-18.007622,-17.545841,-20.622158,-22.477772,-21.089743,-18.935572,-18.623837,-19.740074,-20.957588,-20.431236,-20.06198,-20.37492,-20.407372,-20.232374,-20.478493,-20.809864,-21.532215,-21.112576,-21.14426,-21.195,-21.57853,-22.500748,-21.92009,-22.161762,-22.246721,-22.736902,-22.940836,-23.182241,-23.307373,-23.27604,-24.175285,-23.844315,-24.225342,-24.86767,-25.373474,-25.86169,-26.177309,-25.948734,-26.416122,-27.722965,-26.836712,-27.128828,-27.169308,-28.78475,-28.829803,-27.749817,-27.0907,-28.2508,-28.544197,-28.246185,-27.500187,-27.6208,-28.64272,-29.23543,-28.406704,-27.885378,-27.312195,-27.974224,-28.070408,-28.352003,-27.838142,-28.655493,-27.691128,-27.802738,-28.509037,-28.211998,-28.487415,-29.074715,-30.259083,-31.291761,-33.323483,-34.308792,-36.69265,-38.5007,-38.90474,-39.27748,-39.32456,-39.395916,-39.351696,-39.38389,-39.37135
sid1992-noisy-COSINE-2794-M_array1_47.wav,29.103077,26.259935,16.893494,12.068089,14.760742,10.015003,10.143097,16.599438,16.773626,14.826389,17.204954,18.270824,13.737044,12.744612,15.272063,12.924233,8.536577,7.9161816,8.483102,4.665482,0.07353225,0.9129507,0.83286965,-1.4496984,-2.6146107,-0.83095145,-1.6414149,-4.559684,-4.7243843,-4.252114,-5.7324686,-5.712791,-3.4375224,-3.1003296,-4.3659177,-1.9257412,-0.81604964,-2.7060628,-4.70237,-4.453293,-4.6195664,-6.617742,-7.99536,-7.66755,-8.927457,-10.906755,-10.514954,-9.873157,-11.459041,-12.009939,-11.451118,-12.374603,-12.641405,-11.601676,-10.522697,-11.52581,-11.936928,-11.3316965,-12.517387,-13.722851,-13.346473,-12.976466,-13.14888,-13.1826,-12.824222,-13.014866,-13.581598,-14.276337,-14.950219,-15.100752,-15.032604,-14.899215,-15.896987,-16.120768,-16.581099,-16.817604,-16.87695,-17.232445,-16.248922,-15.360523,-15.849731,-15.946647,-15.094251,-14.496004,-13.996825,-12.946395,-12.365427,-12.741965,-11.921769,-12.119861,-12.772428,-14.047443,-14.23438,-15.457524,-15.827585,-15.167903,-15.457968,-16.234674,-16.397327,-16.901564,-17.992275,-19.172781,-18.504784,-18.596458,-20.240114,-20.012264,-20.5396,-21.213154,-21.113451,-20.652601,-20.685001,-20.89567,-22.298735,-22.515009,-21.599682,-21.863775,-22.63002,-21.375406,-20.920553,-21.182766,-21.589645,-20.922813,-20.468708,-20.018517,-19.990137,-19.606525,-19.76957,-19.510426,-19.630203,-20.201424,-20.10792,-18.680984,-19.286892,-19.797184,-19.454556,-18.553478,-19.090536,-19.398449,-19.528824,-19.683123,-19.34643,-18.87688,-18.704018,-19.024412,-18.29465,-18.60452,-19.961742,-20.486523,-21.187927,-22.680012,-23.582504,-26.566734,-30.101154,-33.027283,-34.860077,-35.67655,-35.844578,-35.899483,-35.901535,-35.919807,-35.916
sid1188-anchor-COSINE-1892-M_close_105.wav,31.05017,29.800438,23.308174,16.452135,16.180084,10.040999,6.4957952,5.0980306,5.0302067,7.5001335,7.182152,7.422079,5.310424,1.7804778,-1.4997392,-4.6053452,-6.104145,-7.9584723,-7.4115696,-9.380988,-10.168146,-10.751003,-11.412869,-10.243736,-10.433363,-9.427187,-10.452446,-9.302031,-9.1006365,-8.923485,-10.53244,-12.314162,-13.690858,-14.573853,-14.927351,-14.797906,-15.043421,-15.347294,-15.973063,-16.48838,-16.616022,-16.432592,-16.392284,-16.568739,-16.583141,-17.071604,-17.514284,-18.463705,-18.18953,-18.398134,-18.81117,-18.185556,-18.766539,-18.636118,-20.232418,-21.303358,-22.317482,-22.89838,-23.199413,-23.480368,-24.076632,-24.015379,-24.239779,-24.610168,-24.755661,-24.98702,-24.647133,-25.58614,-26.707438,-27.353323,-28.110563,-28.494682,-29.463638,-30.137115,-30.716333,-31.0462,-31.00651,-31.231384,-31.388119,-31.323282,-31.587822,-31.615532,-31.81474,-31.818056,-32.0324,-31.88344,-32.19985,-32.150116,-32.24356,-32.367397,-32.44273,-32.479023,-32.560097,-32.69601,-32.746502,-32.660755,-32.85786,-32.860893,-32.930134,-33.021553,-33.15728,-33.005764,-33.28417,-33.295563,-33.33279,-33.488533,-33.44269,-33.56192,-33.50925,-33.665672,-33.635906,-33.718166,-33.761387,-33.7631,-33.925518,-33.850445,-33.944477,-33.925095,-34.02147,-34.046043,-34.05667,-34.166973,-34.159332,-34.171604,-34.28592,-34.17112,-34.251022,-34.32876,-34.290245,-34.340378,-34.365334,-34.38235,-34.45205,-34.535603,-34.49267,-34.5882,-34.535625,-34.696358,-34.530323,-34.670536,-34.615597,-34.672855,-34.6376,-34.73632,-34.71184,-34.648834,-34.77611,-34.703197,-34.755596,-34.814487,-34.80476,-34.826893,-34.85601,-34.871315,-34.875,-34.87848,-34.88391,-34.886436,-34.89077,-34.8949,-34.88742
sid1666-noisy-COSINE-2406-F_array1_56.wav,10.272785,7.992618,7.0380917,8.217573,14.442884,13.367025,8.658923,13.574993,21.980627,23.662327,19.216873,13.518386,18.348984,21.01239,15.649057,9.308721,9.753616,11.708557,10.106844,7.566571,7.956913,9.460318,8.97558,7.6147556,7.6530404,8.012373,8.305017,8.313702,9.928207,11.572954,13.221897,11.928667,12.487198,12.367949,10.92265,8.941101,6.496072,4.9862294,4.1353292,1.9964331,1.9811358,3.1910443,3.8417816,3.7643576,3.906758,2.8153477,2.7609565,3.1834264,2.4482658,1.2145176,0.9686715,2.47722,2.658393,0.290353,-1.5332819,-0.99636173,-0.9333174,-0.7571696,-1.7119188,-2.1068845,-2.6088772,-2.8228397,-2.7763906,-3.6566653,-3.7321236,-3.940226,-4.3529377,-4.867585,-5.1455827,-6.0986257,-6.576768,-7.025997,-7.0544233,-7.5422316,-7.610746,-7.5001183,-7.869153,-7.301888,-6.478793,-6.788682,-6.9025536,-7.294643,-8.92392,-8.799109,-8.7803545,-9.535213,-11.011563,-11.530004,-10.853079,-11.141778,-12.590364,-13.031379,-13.124983,-13.532461,-13.728572,-14.338982,-14.521298,-13.947345,-14.606676,-13.917108,-15.013595,-14.267856,-14.257411,-14.137311,-14.555654,-14.442644,-14.0949,-15.539175,-16.579197,-16.2695,-16.129438,-16.502089,-16.645653,-16.666138,-16.62461,-16.501917,-16.153925,-16.825575,-17.068289,-17.23571,-17.12664,-16.166685,-16.448872,-16.788206,-17.447653,-16.099848,-16.64783,-16.97865,-17.13646,-17.542747,-16.750553,-16.861715,-17.00776,-16.696783,-16.541866,-15.565968,-16.907036,-17.46517,-16.373194,-16.580624,-16.663586,-16.553534,-16.681248,-15.943383,-16.506426,-17.639524,-18.043081,-17.42979,-18.623493,-21.509995,-23.688763,-25.478558,-28.132175,-31.64568,-34.230614,-35.59768,-35.953552,-36.028625,-36.096706,-36.070694,-36.099693
sid0689-anchor-COSINE-1278-F_close_66.wav,23.269072,22.95368,17.098866,9.732281,9.808101,12.809469,8.50128,0.028282471,2.4440844,4.2381616,4.1211934,2.0083058,-1.8342632,-2.0106246,-1.9584471,-3.083576,-4.573813,-6.221755,-7.6277113,-8.140837,-8.346243,-8.18652,-9.1371155,-10.18889,-11.137181,-12.816078,-13.816696,-14.450988,-16.057415,-17.264044,-16.614368,-16.838825,-17.344343,-17.464363,-18.522964,-18.927986,-18.72639,-18.614347,-18.511497,-19.324383,-19.883762,-18.884796,-16.928059,-16.767834,-19.335718,-19.54724,-18.66159,-15.217446,-15.266105,-19.204887,-21.190483,-20.431057,-18.43009,-18.488144,-20.394157,-21.813217,-19.801716,-17.826279,-19.558064,-21.263063,-20.468761,-19.57618,-19.187723,-20.90328,-21.512428,-21.994555,-22.399595,-23.3802,-23.5677,-24.55962,-25.162592,-26.695045,-28.499678,-29.608109,-31.668743,-32.86764,-34.43561,-35.470802,-36.46505,-36.75672,-37.312275,-37.550888,-37.390446,-37.892544,-37.420948,-38.027554,-38.295128,-38.166546,-38.049255,-38.316578,-38.39755,-38.299664,-38.36054,-38.93785,-38.37939,-38.636635,-38.93522,-38.862118,-39.011482,-38.96149,-39.115482,-38.82058,-39.235527,-39.427696,-39.107346,-39.66234,-39.347263,-39.315216,-39.551712,-39.484905,-39.685978,-39.662277,-39.901966,-39.663597,-40.067463,-39.9371,-39.88239,-40.152718,-39.921894,-40.01019,-40.208786,-40.22261,-40.339184,-40.181614,-40.41912,-40.30298,-40.338688,-40.417572,-40.572365,-40.487843,-40.868446,-40.06404,-40.90807,-40.590244,-40.464516,-40.46041,-40.69211,-40.477222,-40.3504,-40.995575,-40.458813,-40.756523,-40.78465,-40.213474,-40.979687,-41.081867,-40.572594,-40.902763,-41.04736,-40.982536,-41.037918,-41.2122,-41.18583,-41.222725,-41.222473,-41.23845,-41.238514,-41.247425,-41.245415,-41.2479,-41.253147
sid0999-noisy-COSINE-1399-F_array1_68-truncated.wav,10.78079,5.598355,1.5770417,9.31336,12.277307,7.3888116,12.511227,17.133478,15.193029,13.939732,15.677605,14.778904,17.29902,21.606798,19.771273,13.798901,15.682695,16.96519,11.372082,7.9402027,9.827282,9.168007,6.475497,5.9676065,6.414554,6.350376,5.999727,5.1040564,4.6630044,3.749967,4.301739,3.1652603,3.7630558,4.5105667,3.4251237,3.4482284,4.450882,4.111267,2.6469505,2.0860617,2.5342047,2.5433385,1.5403762,0.8576019,0.93826586,0.14070003,-0.883392,-0.18907645,-0.2677376,-2.5290334,-3.8266919,-2.7957797,-3.6727178,-5.543544,-4.9716372,-4.28275,-4.892112,-5.4845805,-5.042019,-5.5320415,-4.9088426,-3.8079453,-5.1240444,-6.422389,-5.9201913,-7.3610907,-9.199294,-9.14775,-9.425956,-10.879082,-11.446962,-11.782813,-13.111882,-13.528861,-12.722159,-13.886208,-14.851551,-13.787479,-13.539295,-15.2242565,-15.172067,-14.217276,-15.114552,-16.832136,-16.399294,-15.670818,-16.32343,-15.848895,-15.97969,-16.37287,-16.188313,-14.962865,-16.356998,-16.734055,-15.959119,-16.47628,-17.983038,-18.226822,-17.692955,-18.476543,-19.285786,-19.54514,-19.169977,-19.996748,-18.957878,-20.08865,-20.533031,-20.322056,-19.493559,-21.196602,-21.514378,-21.5061,-20.81251,-21.136923,-21.43856,-21.861446,-21.602175,-21.525532,-21.867523,-22.35338,-21.731234,-21.497982,-21.709293,-22.772205,-22.634165,-22.067492,-22.398094,-22.462543,-23.241112,-22.56211,-22.658695,-22.917435,-23.356798,-23.633644,-24.11036,-24.026325,-24.070251,-23.89943,-23.30826,-24.008339,-24.009285,-24.126368,-24.187832,-24.453938,-24.161873,-24.221218,-24.351028,-25.088234,-26.752117,-28.157862,-30.421331,-32.501053,-34.898285,-37.283894,-38.31555,-38.74568,-38.860107,-38.841938,-38.91079,-38.843452,-38.916515
sid3820-clean-COSINE-5289-F_close_144.wav,26.488377,24.10698,16.312672,19.054592,18.165546,14.712514,18.07556,18.65315,16.260078,15.942787,16.242422,14.597754,10.981784,10.213695,11.015507,10.287477,6.7184935,7.6178336,10.196338,7.1506042,4.4619336,5.5078816,5.6329536,3.8707347,1.893372,3.0399342,3.4897904,1.2639583,2.655873,4.4894156,3.067603,3.938003,5.37397,1.3773873,-2.1876404,0.4524554,0.7750293,-1.343137,-3.2206044,-3.8302913,-5.2789903,-5.126739,-4.5229297,-4.052853,-5.702965,-6.5141964,-6.067358,-5.9983306,-5.538391,-4.4157987,-4.9477525,-4.5390434,-4.0378056,-3.3036363,-4.1086535,-4.751231,-4.513867,-4.010337,-3.953126,-4.792563,-6.0533857,-4.1867914,-3.8356237,-6.513522,-6.925452,-7.6215315,-7.5128326,-5.729496,-5.6152763,-6.4378476,-5.430936,-4.95526,-4.736867,-4.032884,-3.6925447,-4.159904,-5.053973,-4.339579,-4.7214446,-5.5987544,-6.6477146,-7.572439,-7.1882033,-8.252498,-10.478588,-12.057773,-12.565278,-12.219914,-12.964655,-14.5055685,-14.300222,-14.3388,-14.549075,-15.385184,-16.045252,-15.005869,-14.896041,-15.622988,-15.576959,-14.6531,-14.701405,-15.881511,-15.193501,-14.883049,-15.711631,-15.536274,-15.033419,-16.327318,-15.664026,-15.252174,-15.391329,-16.509518,-16.69688,-17.068531,-16.695068,-17.46104,-17.367031,-16.07189,-16.377169,-16.32824,-14.878398,-15.081807,-15.919267,-15.543118,-15.657993,-17.396244,-18.054684,-17.776932,-18.252779,-19.49082,-19.698586,-18.3506,-18.518682,-19.263386,-19.715649,-20.399559,-20.721302,-21.54996,-19.949818,-19.923199,-20.683735,-20.312769,-19.717966,-19.282845,-20.82315,-20.477749,-20.451574,-21.41182,-23.220194,-23.441853,-26.230001,-29.573029,-31.035633,-33.684433,-34.96238,-35.632545,-35.601994,-35.765842,-35.705647,-35.760284,-35.71906
sid5964-noisy-COSINE-9987-F_shoulder_63.wav,22.2814,20.12788,18.071701,16.413887,20.330889,19.813578,18.895037,20.276243,23.20404,21.071566,19.1117,19.4593,18.417065,14.620271,11.641808,13.400545,12.624876,10.030985,6.135434,7.059945,10.862967,10.089943,3.8407402,5.520281,7.3243065,6.8311186,4.8533483,4.7914057,4.470512,6.5470476,8.849084,9.557435,6.90865,7.6135015,7.241103,2.5685346,-2.2416499,-4.9569497,-5.5630136,-7.3745317,-9.642509,-9.666213,-9.233608,-11.259713,-12.9076,-10.014191,-9.991931,-11.851845,-12.041191,-10.147866,-9.619367,-10.688716,-12.465334,-8.754021,-6.9370193,-9.777383,-11.812502,-11.177317,-9.867578,-11.3155575,-11.5447035,-10.78179,-9.489766,-12.858286,-15.5384445,-13.375589,-10.47921,-12.411118,-14.255954,-14.498602,-14.273151,-16.151728,-16.881338,-15.7655525,-14.77572,-17.665236,-17.964743,-15.846399,-14.008783,-15.969189,-18.570484,-19.216555,-19.134287,-19.062765,-19.488123,-20.577953,-20.923225,-21.323502,-22.575207,-22.652063,-22.110426,-22.33707,-21.816904,-22.291842,-24.109135,-22.96427,-22.280302,-21.774616,-22.468832,-23.507427,-23.405548,-21.875282,-21.729366,-23.434164,-24.323475,-24.70816,-24.929876,-24.43084,-25.231888,-26.90044,-27.285126,-26.680403,-26.816557,-27.006319,-26.644192,-27.17984,-28.100773,-27.275204,-27.828453,-27.553175,-27.451181,-28.21822,-28.344975,-28.210077,-27.926018,-27.901474,-27.704718,-28.34633,-29.051485,-28.63039,-28.297527,-28.410627,-28.601727,-28.96699,-29.350512,-29.474285,-29.351543,-29.189302,-29.200485,-29.725159,-29.706919,-29.352398,-29.168053,-29.820545,-29.855667,-29.540104,-30.019142,-31.166683,-31.543386,-31.89746,-32.840794,-34.263832,-35.52604,-35.713795,-35.946808,-36.187294,-36.160927,-36.205475,-36.179234,-36.200546,-36.183098
sid3741-noisy-COSINE-5219-M_array1_28.wav,29.648457,28.607035,20.912868,11.978291,7.898874,6.8142056,10.703159,14.934591,16.042261,16.254528,17.121712,16.615643,14.225987,14.054347,10.646082,8.291153,6.089534,3.962428,2.7386336,0.19687095,-1.2649069,-1.8187814,-1.4410341,-2.1178725,-3.0910354,-4.2930346,-4.937888,-5.6341925,-5.3316064,-5.9587693,-6.096097,-6.9582896,-7.738433,-8.117512,-10.002971,-9.85738,-10.353416,-11.564743,-11.6714525,-13.471647,-13.977927,-14.120161,-15.407023,-14.572193,-14.119221,-13.583373,-13.820247,-13.029411,-13.552799,-13.748833,-14.014497,-14.425105,-15.446491,-15.77346,-16.022108,-16.981777,-16.971338,-17.872993,-17.478373,-18.228113,-17.945835,-18.19948,-18.759077,-18.873417,-18.084576,-18.889076,-18.70555,-18.983246,-19.220694,-18.969873,-19.632809,-20.23845,-20.400742,-21.017895,-20.76866,-21.600098,-22.161081,-22.161037,-21.60183,-21.59261,-22.064722,-22.5859,-23.457806,-23.99833,-24.349348,-25.349567,-25.451664,-24.909481,-24.723475,-24.247217,-23.986336,-24.28086,-23.357403,-24.33525,-24.007446,-24.205498,-23.639324,-24.019777,-23.81023,-23.047668,-22.565823,-23.031294,-23.39242,-24.169884,-24.499971,-24.60711,-23.779034,-23.317814,-23.677273,-24.31211,-24.974604,-25.314253,-25.286716,-25.437492,-25.434582,-26.342175,-26.801851,-27.469492,-27.988987,-28.262121,-28.757137,-28.608742,-28.487152,-28.073933,-28.438446,-28.532585,-28.420624,-28.895226,-28.778961,-28.768696,-29.708786,-29.13254,-29.93571,-30.648363,-30.476913,-30.855143,-31.563349,-31.2373,-31.661566,-31.577335,-31.575115,-31.496267,-31.347292,-31.573841,-31.441074,-31.519012,-31.485218,-31.598999,-32.19065,-32.21347,-33.17427,-33.815243,-34.354904,-34.835945,-34.877235,-34.936054,-34.96138,-34.972668,-34.97087,-34.97031,-34.96002
sid0298-noisy-COSINE-0622-F_array1_138.wav,32.791157,30.010221,20.746914,11.346526,4.1502004,-1.1140826,-4.6797423,-5.978909,-5.4634194,-5.6416197,-5.5403304,-2.523866,1.6022422,2.7515616,2.826134,2.0588028,1.5431604,1.728267,-2.1605086,-5.6465254,-5.1015277,-3.926816,-5.206272,-6.3980875,-6.1554427,-4.91661,-7.2224245,-9.805653,-11.466231,-12.146456,-11.8291235,-11.69873,-12.753527,-13.0931425,-14.501332,-15.85936,-16.749708,-16.610611,-16.189943,-15.732375,-16.076178,-16.451069,-16.817787,-17.008434,-17.994312,-16.955353,-17.02044,-18.083574,-17.92659,-16.934113,-16.66731,-17.245104,-18.475302,-19.265705,-20.018162,-21.54477,-22.621653,-22.43032,-22.657253,-22.880152,-23.85703,-24.843634,-24.78962,-24.908297,-24.5829,-24.06326,-24.263666,-25.505762,-25.679491,-26.443924,-26.71851,-27.11367,-27.379585,-27.357716,-26.76009,-25.76525,-26.113188,-26.154442,-25.386791,-25.794046,-26.122345,-27.005789,-26.383072,-26.559858,-27.871742,-28.80861,-29.49933,-29.785896,-29.852247,-29.650955,-30.131414,-31.195164,-31.528557,-31.962358,-31.986256,-32.24387,-32.37416,-32.343784,-32.54403,-32.497467,-32.667805,-32.746666,-33.17263,-32.44683,-32.390022,-32.152847,-32.928154,-32.74398,-32.980846,-32.472313,-32.649323,-32.502514,-32.782646,-33.11335,-33.221375,-32.856556,-32.93922,-33.212975,-33.500233,-33.511185,-33.506824,-33.708412,-32.984917,-32.927967,-33.547382,-33.3784,-33.46803,-33.37327,-33.472366,-33.266056,-33.614037,-33.267826,-33.62557,-33.263405,-33.4504,-32.813442,-33.40224,-33.356007,-32.622017,-33.433365,-33.326164,-33.750088,-33.48803,-33.821903,-33.750786,-33.815285,-34.020077,-33.928967,-34.01917,-34.117973,-34.717728,-34.8613,-34.97393,-35.04928,-35.21923,-35.14505,-35.126633,-35.15336,-35.20923,-35.159946,-35.140076
sid0339-anchor-COSINE-0622-F_close_177.wav,14.667353,11.738947,1.807106,-0.98096156,6.5218263,10.743813,13.320097,17.000662,16.49902,15.676707,17.217684,14.134554,13.108811,15.854945,15.33701,13.3903675,11.737919,10.945782,12.668542,14.770945,13.982601,10.547302,8.465739,5.725313,3.188748,2.550043,1.433605,1.4294885,3.3288643,4.0835876,4.5128317,4.9069467,2.3032315,-1.9598848,-2.4669878,-1.0893022,-1.2730441,-2.4709048,-2.7534842,-2.3220625,-1.5510185,-2.3930304,-6.2542963,-7.7053194,-7.653982,-7.03319,-4.8936357,-4.168388,-5.212555,-4.5611873,-4.520958,-4.584065,-3.9079263,-4.1548557,-5.0234785,-5.5119762,-5.4707775,-4.305676,-3.4217663,-2.556048,-3.2378423,-4.5512934,-5.196323,-5.4574947,-6.8232183,-8.276883,-9.705224,-11.123011,-13.564226,-13.883341,-14.599706,-15.140551,-15.417347,-16.515215,-18.497585,-19.243557,-20.230953,-22.770155,-22.424524,-21.068861,-19.003145,-19.135656,-19.727638,-21.086206,-21.893051,-21.149212,-20.072918,-21.21252,-21.16867,-21.833467,-21.836967,-21.645622,-20.858452,-20.880602,-21.090214,-22.608704,-24.365196,-25.025246,-24.154854,-22.299149,-21.695877,-22.563568,-23.695839,-23.105526,-24.634392,-24.509165,-24.256107,-24.072258,-25.228579,-26.609354,-26.363724,-25.320816,-24.809792,-24.44476,-24.962177,-26.597591,-27.492102,-27.852444,-26.840193,-25.936642,-25.991737,-26.575191,-26.374722,-26.812527,-27.128887,-26.082201,-27.359303,-27.64775,-28.986229,-27.353119,-27.59885,-26.21659,-25.363781,-27.53105,-27.234428,-28.027409,-29.111488,-28.396814,-27.820578,-27.885191,-28.430714,-27.92767,-27.88644,-28.903542,-28.418182,-28.890898,-28.839043,-29.84329,-29.944187,-30.796621,-32.254135,-34.591766,-35.3533,-37.19236,-37.18174,-37.474968,-37.46239,-37.481873,-37.48303,-37.490093,-37.486313
sid2066-noisy-COSINE-2828-M_array1_120.wav,25.034569,23.58236,16.718018,12.4297085,8.78131,13.724396,15.829212,13.840506,16.36399,18.524778,18.798326,18.54166,17.270144,15.000877,11.0080385,10.790932,9.515198,6.7359657,8.42291,6.6138196,4.986486,6.4906383,4.46128,5.1260066,5.4385586,0.93889046,-1.4689701,-2.3205075,-3.1935287,-3.540591,-4.235346,-3.827177,-4.55003,-6.0174265,-4.858882,-5.852239,-5.679015,-4.1646185,-3.4725537,-3.0435455,-4.0870523,-5.202793,-4.1383266,-2.8439405,-1.9560533,-1.1612922,-0.6305837,-0.86852705,-1.9886043,-2.1561935,-2.7308192,-3.9457989,-5.0012417,-5.563371,-6.0592566,-6.33914,-6.6767063,-6.494324,-6.4857635,-7.101866,-6.4740376,-5.1409616,-5.135009,-5.703946,-5.5871134,-6.3701577,-6.1656814,-7.2905235,-7.5673485,-7.427383,-8.499524,-9.353757,-9.592999,-10.280148,-10.714034,-11.060139,-11.47573,-11.100498,-11.146232,-11.591109,-12.347603,-13.420902,-12.867465,-13.7112055,-14.2667885,-13.8573065,-14.259283,-14.532801,-14.598521,-15.405483,-16.04745,-16.00909,-16.837904,-16.674763,-17.705166,-18.366625,-18.319399,-19.071045,-19.274227,-19.937288,-19.495892,-20.140778,-20.388678,-20.97008,-21.452038,-22.18906,-22.691994,-23.103073,-22.845951,-23.084824,-23.192509,-23.357147,-23.563204,-23.746822,-24.58575,-25.051056,-24.587173,-25.405771,-24.823778,-24.67564,-25.167768,-24.971256,-24.988382,-25.511911,-25.230507,-25.234417,-25.086597,-25.386612,-26.02936,-26.493567,-26.191616,-27.119291,-27.421186,-27.181852,-28.049948,-28.135818,-28.397556,-27.97407,-28.297462,-28.136436,-28.45565,-28.313292,-28.677988,-28.536406,-28.70661,-29.33355,-29.497635,-29.790703,-30.738811,-32.214924,-32.935722,-34.869648,-35.341908,-36.102196,-36.30754,-36.344025,-36.351833,-36.364754,-36.37651,-36.367332,-36.378788
sid0661-noisy-COSINE-1278-F_array1_39.wav,27.964449,23.203411,9.308121,2.7242022,8.454345,8.791289,3.012909,1.9967649,10.044885,16.782211,13.97778,8.069952,15.004772,22.14661,22.130411,16.380928,12.519927,14.737183,15.74999,12.364926,7.3683577,6.2279634,9.809543,9.447118,6.951797,6.205249,7.998643,8.292973,5.161604,3.835136,5.0910544,6.53076,5.4481,4.0779433,4.245942,5.6047297,5.609324,4.3538895,3.947828,3.2108662,2.5153577,1.5506089,0.8110212,0.56897545,0.58927935,-0.19722702,0.24964908,-0.40820932,-1.4518081,-1.7070867,-1.0648038,-0.8435708,-1.5263636,-2.0945714,-0.5908986,0.8307724,0.2045595,-0.33202308,0.06154947,0.3807132,0.45109594,-0.23198962,0.14211808,-0.56015587,-1.7683163,-2.5393531,-3.9743373,-4.4764256,-5.4581966,-5.4845524,-6.5208616,-6.855805,-6.9703965,-6.841613,-7.016008,-7.541642,-7.6681337,-8.375105,-8.203014,-8.927668,-9.100808,-9.551107,-10.255869,-10.773613,-10.972234,-11.179634,-12.466355,-13.109104,-13.778595,-13.860491,-14.191387,-14.597869,-15.46651,-15.533428,-15.620364,-16.815931,-16.955992,-16.520403,-16.289413,-16.946524,-17.651667,-16.831629,-16.796345,-16.928955,-17.883339,-17.769487,-17.372154,-17.491085,-18.151564,-18.452732,-17.987988,-19.168577,-19.068653,-19.073507,-19.013779,-19.6213,-20.56488,-20.763681,-20.937853,-20.886,-21.55672,-21.572477,-22.185177,-22.305626,-22.299002,-22.037268,-23.175663,-23.093958,-23.141861,-22.377121,-22.834341,-23.25574,-23.245583,-22.447977,-22.14386,-22.951023,-23.421604,-23.233406,-22.46028,-23.464176,-23.235626,-24.184492,-23.602152,-23.943703,-23.994444,-24.352306,-24.274666,-25.519012,-25.743504,-27.676744,-29.730652,-31.714743,-33.85693,-35.538937,-36.082474,-36.402782,-36.519688,-36.557217,-36.580463,-36.57164,-36.590813
sid5589-noisy-COSINE-8112-F_array1_149-truncated.wav,18.409489,14.909425,7.231616,8.382258,11.791326,13.865112,12.194216,13.128285,18.120106,15.806628,10.397411,13.825894,17.691553,17.559105,14.268209,13.29976,14.619535,14.651354,11.748623,8.237391,7.4908924,7.6822,5.4711027,2.911483,2.9989293,4.302637,2.4657497,1.0114218,-0.35617954,0.17367908,0.2765779,-1.0015415,-2.2248964,0.34756434,1.5109874,1.3651417,1.8215643,2.4722571,1.9270568,0.9190242,0.7762575,1.2517488,0.26455075,-1.1795975,-1.2430902,0.13315661,0.8313408,-0.41227457,-0.72993785,0.46535593,1.4802645,0.53526723,1.3371034,3.5322556,5.052299,3.9101913,2.8008797,3.6751842,4.29782,2.8705058,1.892287,1.543799,0.75274694,-0.75578743,-2.2317553,-2.2186837,-2.906016,-4.2023168,-4.8232236,-4.1547527,-3.991795,-4.1686473,-5.0447564,-6.026287,-6.049473,-5.8945804,-7.3649836,-8.619,-8.772136,-8.431372,-9.126468,-9.912969,-9.851492,-8.835024,-8.884383,-9.639575,-10.133385,-9.549703,-9.920448,-10.378855,-10.407639,-10.773746,-12.292156,-13.437216,-13.701347,-13.763371,-15.107039,-15.81979,-16.279789,-16.205215,-16.67699,-17.370804,-17.011702,-17.075233,-16.095768,-16.143064,-16.395128,-17.369524,-16.828241,-16.38366,-17.49057,-18.154703,-18.507973,-17.765406,-17.713482,-19.5653,-19.175547,-19.412403,-19.852682,-21.059397,-21.521034,-21.34657,-20.85245,-21.1744,-21.043634,-20.0896,-20.265139,-20.539177,-20.941896,-20.121685,-20.897495,-21.227896,-21.511114,-20.689707,-20.493822,-21.73031,-22.00732,-21.80604,-21.48987,-21.866959,-22.46228,-21.757414,-21.767956,-22.365284,-22.245754,-22.336252,-22.692469,-23.862688,-25.311157,-26.228455,-27.717022,-30.977375,-33.574547,-35.867496,-37.157654,-38.022762,-38.11749,-38.17434,-38.162228,-38.21032,-38.186813
sid2872-noisy-COSINE-3792-F_array1_141.wav,24.620235,20.120087,8.23786,4.343273,7.046173,7.6923995,7.4945116,8.159325,9.155418,10.035212,13.352871,16.175045,16.356733,14.986323,15.682454,18.087955,17.771877,14.502472,13.749756,14.391857,14.088451,14.002684,11.8207445,8.535491,7.694235,8.1699915,6.450215,4.582005,4.704731,3.7286444,2.7910357,4.733424,4.126564,1.7400624,1.6281796,1.8179903,0.7398549,-0.48286158,-1.7224919,-2.71878,-2.8301392,-3.325632,-4.7641335,-5.7909994,-6.614357,-6.9543433,-6.529476,-6.5329466,-9.191152,-10.129384,-9.461906,-9.439225,-9.087192,-10.138006,-9.810773,-10.066572,-9.459843,-7.4230103,-7.8627596,-8.845638,-9.668988,-9.276754,-7.6403947,-7.894693,-10.286444,-11.726261,-11.9551525,-10.970657,-11.34008,-13.228149,-13.682985,-13.96687,-12.020119,-10.691685,-13.299336,-14.6950245,-15.881104,-14.817926,-14.611875,-16.57785,-16.96496,-16.697615,-17.03578,-17.264378,-18.24008,-18.670923,-18.758041,-19.198772,-18.752783,-18.883087,-19.33566,-19.816448,-19.715412,-19.78834,-20.207283,-20.659176,-20.40616,-20.067091,-20.188576,-19.171741,-20.356216,-20.97443,-20.771683,-19.423365,-18.704208,-20.459108,-21.017643,-21.247986,-20.140835,-18.772232,-19.287415,-21.88565,-21.590961,-20.243607,-19.049355,-20.324348,-22.003899,-21.977638,-22.122879,-20.525684,-21.050037,-22.99042,-24.543259,-24.233389,-21.916092,-22.477226,-23.758432,-23.49361,-22.807205,-22.981737,-23.11239,-23.34748,-23.944456,-23.527498,-23.8023,-24.909214,-24.939327,-24.41635,-24.462624,-24.761189,-24.522268,-24.742916,-24.63501,-25.445267,-25.07277,-24.851635,-25.759174,-26.679134,-27.472792,-28.62212,-30.02269,-32.425877,-34.36094,-35.966248,-36.327087,-36.88641,-36.897568,-36.96666,-36.92022,-36.9758,-36.93606
sid3479-noisy-COSINE-3904-M_array1_3.wav,14.097924,8.2967205,-1.1680435,0.7821018,3.9535549,7.178848,2.5895724,2.6746163,1.8313981,3.8328671,2.977364,0.3187223,-1.4852808,-1.2864015,-2.502372,-6.1316347,-6.441226,-9.35394,-9.75521,-9.757688,-9.38803,-11.464952,-13.197439,-14.80811,-16.860464,-17.251827,-18.750185,-17.93197,-18.93029,-18.244633,-17.558136,-18.48467,-17.13528,-18.104458,-17.12503,-17.753025,-19.91389,-19.07276,-20.47073,-20.672224,-20.793741,-20.46743,-22.893469,-22.86642,-21.757582,-23.377102,-24.633081,-25.788095,-26.058163,-27.27684,-28.135414,-28.832268,-28.14854,-27.715261,-28.770302,-30.420502,-31.763525,-32.98485,-32.87678,-35.091812,-33.735336,-30.872595,-29.757996,-30.426441,-33.04007,-32.42282,-34.944748,-34.24927,-34.307972,-34.3292,-34.328644,-32.377125,-33.000854,-34.47862,-36.69865,-35.923122,-35.654724,-37.15187,-36.013275,-35.594635,-35.423367,-34.162945,-36.519455,-38.90053,-37.27032,-38.001064,-37.821724,-36.57847,-36.474064,-36.955486,-37.67955,-37.3293,-39.22602,-38.58441,-39.077934,-39.879166,-39.688152,-41.474243,-41.27564,-39.82197,-41.026672,-39.675434,-41.341557,-40.184864,-40.570034,-42.23455,-40.4954,-42.32659,-43.017384,-42.39069,-42.611385,-42.42517,-43.324203,-41.959515,-41.456284,-41.634617,-40.560516,-42.52653,-42.46542,-41.508797,-42.196243,-41.332855,-41.53263,-41.52614,-41.747086,-42.541428,-41.96465,-42.059586,-43.320732,-43.8232,-44.764473,-44.47952,-42.80622,-43.58009,-42.436745,-45.408463,-44.00648,-41.88981,-44.121597,-45.98976,-45.07054,-43.53347,-43.61048,-42.842606,-44.84878,-46.6774,-45.785324,-44.086227,-46.703182,-48.536396,-47.938457,-50.149048,-50.42701,-52.15317,-51.436394,-51.851116,-51.811504,-51.78321,-51.819588,-51.798134,-51.814266
sid5139-clean-COSINE-7321-M_close_121.wav,25.807201,23.237162,24.301525,25.436192,16.618504,15.315275,14.120714,13.783904,15.49552,16.237614,14.398574,11.551174,10.205294,6.963761,4.4648,1.4040971,0.055504035,-0.23505828,-1.3446593,-1.4051224,0.4450944,-0.6586875,0.6346082,0.8682333,-0.92997515,0.7378805,0.29733196,0.47034013,-0.7229289,-0.49273747,-0.6855154,-1.4659024,-1.673689,-3.6316595,-3.4600296,-3.6298907,-3.316876,-2.065429,-3.102716,-3.7301466,-3.8880112,-4.4052854,-4.6173577,-4.222215,-4.2121754,-3.831376,-3.4546206,-3.1129754,-3.3236966,-3.7868986,-4.2096806,-4.81337,-5.1573715,-5.8320265,-6.423089,-6.5308876,-6.6817636,-6.676986,-6.902134,-7.36055,-8.35418,-8.664051,-8.7363205,-8.855758,-8.740139,-9.267218,-9.146928,-9.395655,-9.71403,-9.92387,-9.738749,-10.697237,-11.162006,-10.982677,-11.824283,-11.9517565,-12.205721,-12.8136215,-13.3607235,-14.140427,-14.044333,-13.232376,-12.496168,-13.480017,-12.835759,-13.490059,-12.901257,-13.751192,-14.301301,-12.570141,-13.007736,-13.991787,-13.751445,-14.383753,-15.003461,-14.771367,-14.183583,-13.399963,-14.068112,-14.732405,-13.93511,-14.075447,-14.3544,-14.518522,-13.074108,-13.51617,-13.98856,-13.217413,-12.513807,-13.350377,-14.515147,-14.893377,-14.397336,-14.948193,-14.824867,-15.515164,-14.27123,-14.428181,-15.700657,-15.721596,-14.891464,-14.403858,-14.508219,-15.754286,-15.050105,-13.993151,-13.62647,-15.301284,-15.536665,-16.16875,-16.422125,-15.784475,-16.538504,-16.075605,-15.936609,-15.1736965,-15.79075,-16.42247,-15.759524,-16.544281,-17.096115,-17.075197,-17.48227,-17.866478,-18.445099,-17.180183,-18.201408,-19.642319,-20.734636,-22.461582,-24.80183,-27.494415,-30.984629,-33.07881,-34.62498,-35.304523,-35.45319,-35.485504,-35.506706,-35.51509,-35.509247
sid0842-anchor-COSINE-1399-F_close_223.wav,19.513737,16.464756,11.778884,22.033302,23.31046,16.823666,15.894369,18.337288,16.003677,17.277544,19.118494,15.525183,12.265576,13.8329115,11.556623,8.255941,9.195732,7.9132414,3.889842,3.4993243,3.9704897,2.191659,0.33866203,-0.8757113,-2.4267578,-2.8845322,-3.0045347,-2.4437208,-3.0136442,-3.8156211,-3.177072,-2.6277003,-2.5839176,-1.8200089,-1.8480365,-2.3065667,-1.6735973,0.11840452,-0.47750664,-1.7754924,-2.8672829,-3.0685914,-2.2280588,-2.3445396,-3.2894514,-2.6913285,-1.7141569,-1.6730995,-0.5959691,-0.48023158,-1.8883383,-1.7741325,-1.3043926,-2.8168724,-4.052128,-2.7155054,-3.592883,-6.0881567,-6.1815352,-5.6069856,-7.8929286,-9.439553,-9.660109,-10.933944,-11.311745,-11.441711,-12.96764,-14.238426,-14.089384,-14.549004,-14.93053,-16.270428,-17.434187,-17.978245,-17.54155,-17.617643,-19.091007,-20.127573,-19.9415,-19.828186,-20.658197,-20.862213,-21.193266,-21.07073,-22.768429,-22.523317,-21.7944,-22.975887,-23.748985,-22.519514,-22.787697,-23.763952,-23.158949,-23.153648,-23.788116,-23.673859,-23.400612,-24.081495,-23.548103,-23.186682,-23.849943,-23.984325,-23.598286,-23.826582,-24.824123,-24.571123,-24.081556,-24.73978,-25.09718,-24.904034,-25.435509,-25.989466,-25.56367,-25.49529,-26.058187,-26.2249,-26.205559,-26.337645,-26.000248,-26.211842,-26.651974,-27.286074,-26.856281,-27.107098,-27.635834,-27.29722,-28.09666,-28.134127,-27.930252,-28.033293,-28.117622,-28.703388,-28.053684,-28.330269,-28.51017,-28.50563,-28.706572,-28.74018,-28.956596,-28.54866,-28.792706,-28.920597,-28.83007,-28.90352,-28.939617,-29.128904,-29.293325,-29.807652,-30.694893,-31.464981,-32.947784,-33.913445,-35.362164,-35.752422,-36.175045,-36.253197,-36.257538,-36.27143,-36.280262,-36.269104,-36.278137
sid0609-anchor-COSINE-1278-F_close_205.wav,23.612823,19.999235,9.897177,8.436605,19.430801,20.635176,14.091797,13.05006,18.52799,19.791037,14.993955,11.070094,14.314608,14.645845,10.138615,6.164235,6.4414177,4.7676754,3.0309007,2.2386873,2.70818,3.705799,2.522311,1.5189828,0.11194369,-1.315539,-1.2853959,-0.8884669,-2.2271376,-4.1842337,-1.802171,2.2230992,3.7668915,2.4329467,0.1237888,1.0573115,2.3168004,0.32306013,-3.7497635,-3.787212,-0.5565579,0.37487403,-2.7387624,-3.9445233,-2.7177474,-2.1968837,-2.4721985,-3.069964,-3.5386777,-4.957843,-6.665004,-6.1962514,-6.0027666,-6.0322247,-6.3825936,-4.8019404,-3.0527637,-2.5531433,-3.8248591,-4.9123406,-5.078988,-4.1732607,-5.246112,-7.179827,-8.460169,-8.360651,-10.449121,-12.361208,-12.513076,-12.7882185,-13.955035,-15.244251,-16.720108,-17.907854,-18.723833,-20.24832,-20.919506,-19.256483,-19.329126,-20.16172,-22.608435,-24.527254,-23.539642,-22.146317,-22.236294,-23.01018,-23.782558,-25.11811,-25.649385,-25.247814,-25.492613,-26.614285,-25.41814,-24.187145,-24.897427,-25.789051,-26.599028,-27.27679,-26.698797,-26.945843,-26.92757,-26.550545,-25.365847,-25.645527,-27.447578,-27.104187,-26.41445,-25.705006,-25.377731,-26.887186,-28.055542,-28.733173,-29.515715,-29.751026,-29.591883,-28.214672,-27.430256,-27.316332,-27.704065,-27.61593,-28.858475,-29.006916,-30.245724,-30.258186,-29.034136,-29.374983,-28.658455,-28.448515,-29.455448,-30.706785,-30.523956,-30.610306,-30.820055,-30.689556,-30.456057,-31.267366,-30.913464,-30.806324,-30.971085,-30.096178,-30.645018,-30.307133,-30.188553,-30.344578,-30.781364,-31.338884,-31.359148,-31.40614,-32.264763,-32.873837,-33.84831,-34.544327,-35.578888,-36.227165,-36.51528,-36.73138,-36.695084,-36.71826,-36.757298,-36.723923,-36.763493
sid4170-anchor-COSINE-5534-F_close_174.wav,27.962992,25.919025,16.709871,9.174282,12.302462,16.419329,17.913542,18.315826,14.629588,7.9575295,8.638489,7.767842,5.8064036,6.709298,7.913473,9.434149,6.0212474,-0.1956039,-4.0305367,-5.8367386,-4.942876,-6.5704393,-6.967209,-8.884719,-11.96862,-11.567591,-10.51827,-11.040138,-13.577352,-12.688124,-10.9008255,-11.111658,-11.972288,-12.098416,-11.985888,-9.8951,-8.836298,-8.576544,-8.604132,-8.228921,-7.6522474,-8.212372,-9.929793,-9.206443,-4.806198,-3.5525208,-6.44228,-9.274982,-10.895729,-9.40926,-8.217877,-6.9475646,-5.617104,-5.8871994,-8.23834,-9.711341,-9.317676,-9.304092,-9.176109,-7.1141624,-6.6214066,-10.264768,-13.136849,-14.332115,-14.797912,-14.787627,-14.037362,-14.634811,-17.724869,-19.669424,-19.318842,-18.50149,-20.555874,-20.868267,-22.280651,-23.7189,-24.612568,-25.569536,-27.309916,-27.53998,-26.477463,-26.58758,-27.886448,-28.259449,-28.256748,-28.166256,-28.766863,-28.684322,-29.18211,-29.470688,-29.016968,-29.32959,-29.720839,-29.106495,-29.334658,-30.501822,-30.450691,-30.052979,-29.886187,-30.730808,-30.360611,-30.223736,-30.014677,-30.559528,-29.989925,-30.969807,-30.082943,-31.27074,-31.314926,-30.589314,-30.848206,-29.651485,-30.046844,-30.757816,-31.198826,-31.924297,-31.707047,-31.410809,-31.148907,-30.101105,-31.336845,-31.892519,-32.235252,-32.49828,-32.059772,-31.647526,-31.575203,-32.09734,-32.950626,-32.54106,-32.91775,-32.4826,-32.04067,-31.711899,-32.096275,-32.780178,-32.987064,-33.12473,-32.86427,-33.424362,-32.022686,-33.21138,-32.9107,-33.644226,-33.955494,-33.546265,-33.615005,-33.65262,-34.03229,-34.843597,-35.177933,-35.65378,-35.83771,-35.95871,-35.96933,-36.02873,-36.01521,-36.025887,-36.01848,-36.032074,-36.02626
sid4431-clean-COSINE-5897-F_close_82.wav,22.30552,20.278795,11.123677,10.090521,19.632935,22.173256,17.411453,8.941606,12.300823,15.057653,15.462658,17.862919,16.393602,12.355297,9.131672,7.2660947,7.885852,6.927169,3.8882728,0.106361814,-4.318152,-3.7431529,-1.0000095,-1.3525606,-5.06174,-5.5438495,-3.756311,0.49481732,2.386485,-2.3532364,-5.4467125,-3.585678,-2.3749976,-1.8558531,-1.5143528,-2.860873,-4.896421,-3.4226596,-2.3019726,-1.5244437,-2.4982033,-6.14439,-6.846277,-6.6709776,-5.597425,-4.420011,-6.0289173,-8.87219,-10.358478,-9.980268,-7.5991726,-6.5584702,-8.258785,-9.258157,-8.599547,-6.647971,-3.9676437,-4.2519526,-7.190709,-7.375975,-6.1959677,-6.1974096,-7.2536726,-9.669532,-10.458032,-9.508664,-10.987688,-11.455252,-10.200222,-10.236185,-11.427499,-12.932014,-11.827568,-8.204885,-7.3298645,-9.889369,-10.558397,-9.352635,-8.716047,-8.171352,-9.453762,-11.590098,-12.115458,-12.067771,-11.209264,-11.840659,-14.883608,-15.140672,-14.012498,-14.218849,-13.541356,-14.309348,-15.553993,-15.676622,-15.442781,-16.000671,-15.923765,-16.954233,-18.61047,-19.454754,-19.09197,-17.911787,-18.399359,-19.823431,-20.246058,-20.26823,-20.04335,-19.570621,-20.641336,-21.867292,-21.426342,-21.38335,-21.311764,-20.823442,-21.26754,-21.372585,-21.273052,-21.73274,-21.285606,-21.40224,-22.327896,-22.711193,-22.63607,-21.99789,-21.477856,-22.075577,-22.905556,-22.6599,-22.2183,-21.82209,-21.658115,-22.34025,-22.84399,-22.25177,-21.898575,-21.464619,-21.354124,-22.375689,-22.33628,-21.20594,-21.013798,-20.901619,-21.62053,-21.426537,-21.191502,-21.336807,-21.432224,-21.452232,-22.59872,-24.721611,-27.58708,-29.877005,-32.40551,-34.40761,-35.77839,-36.23915,-36.345184,-36.36367,-36.364708,-36.360878,-36.384422
sid3388-clean-COSINE-3904-M_close_183.wav,14.024349,10.138996,-3.163934,1.6179538,10.36461,15.45292,18.809097,15.97353,10.766114,8.115935,5.2049394,9.567955,15.165763,14.763811,10.52163,7.2539845,3.6856198,1.0807829,1.2958194,1.2932379,0.63811386,-0.7888847,-3.2776034,-3.9513614,-0.8500122,2.301689,2.2741892,0.8619761,-1.6996251,-2.7669141,-3.2782755,-2.78516,-3.027886,-4.7665224,-4.301798,-3.2746978,-4.6715803,-6.4891844,-6.9125137,-4.793154,-1.6297257,-1.0929527,-4.4786267,-7.669225,-6.929865,-6.18172,-4.113336,-3.1782455,-3.5407517,-4.2200913,-4.3720493,-5.9065075,-8.785053,-8.740556,-8.676969,-10.033482,-12.298759,-13.004285,-13.131119,-11.9897785,-12.376994,-13.481249,-11.915518,-10.553852,-11.30406,-11.980034,-11.6564455,-11.522492,-10.97671,-9.820117,-10.331059,-11.615644,-13.461632,-13.116926,-11.80234,-11.402116,-12.609133,-15.504632,-16.739508,-15.565035,-16.488634,-16.659605,-16.346706,-16.323994,-17.403072,-18.582155,-18.451008,-18.363834,-17.251808,-17.464165,-18.43358,-19.371326,-19.286982,-18.82284,-19.55167,-20.675108,-21.140171,-21.112144,-21.016296,-21.980679,-21.669487,-22.174234,-21.955101,-22.231009,-23.011705,-22.873043,-22.268242,-21.479591,-21.386505,-21.000883,-21.32343,-21.790266,-21.391756,-21.99081,-23.004116,-23.147104,-23.36213,-23.434752,-22.285345,-21.920168,-22.97557,-22.406006,-22.443274,-22.116814,-20.776804,-20.532188,-21.296465,-21.631613,-22.053688,-22.47705,-22.608616,-22.896854,-23.505566,-24.04041,-24.8727,-25.380718,-24.170769,-23.821442,-24.47258,-25.119467,-24.90571,-25.537178,-24.7534,-24.866386,-24.746664,-24.86953,-26.80111,-27.580793,-27.77979,-29.193275,-31.184467,-34.06473,-36.575226,-38.799618,-40.45259,-40.944466,-40.96866,-41.015377,-41.025566,-41.011787,-41.029934
sid2611-clean-COSINE-3277-F_close_111-truncated.wav,24.35096,21.727985,18.109657,25.35246,22.950546,16.319494,18.517578,17.871353,15.169019,14.116238,12.505833,10.6768265,10.476873,10.004643,7.5803423,6.792312,6.363099,2.4654355,1.2981552,2.6434753,2.1628413,1.7564613,0.6987199,-1.8632102,-1.97738,-1.1933701,-3.4677079,-2.6594515,-1.1426747,-4.5120554,-6.4190483,-4.2952886,-4.9698157,-7.073581,-7.880593,-7.7393966,-8.718058,-9.17405,-9.7480545,-9.3448105,-8.763787,-9.468685,-8.3122835,-7.880021,-8.41184,-8.397734,-7.9058456,-8.370496,-8.395611,-8.651112,-9.165836,-9.014984,-9.429476,-10.161558,-9.084457,-9.040482,-9.730383,-9.592942,-9.895796,-10.513344,-11.198035,-12.250119,-11.216918,-11.363218,-12.642181,-11.324577,-10.763354,-11.645822,-11.027069,-10.994748,-11.020206,-11.359492,-11.187097,-11.162286,-10.956324,-10.699308,-10.793341,-10.838369,-10.646783,-10.187126,-10.4885,-10.979721,-10.173687,-10.719165,-11.839983,-12.107253,-12.421663,-12.996357,-13.816797,-15.022991,-14.974694,-15.597326,-17.276237,-16.97236,-16.370005,-16.442469,-16.831738,-16.379822,-16.959887,-17.308208,-17.171368,-17.091682,-16.388716,-16.065737,-16.500147,-17.738663,-16.934141,-17.279503,-15.410117,-15.567709,-16.323742,-15.985003,-15.124282,-15.054262,-14.398955,-13.433055,-12.956525,-13.853589,-14.378983,-14.594184,-15.411392,-14.776987,-15.342121,-16.573103,-14.185487,-14.416441,-16.773085,-16.646723,-15.435213,-16.307083,-16.279299,-15.394711,-15.192726,-16.209152,-15.533504,-15.029635,-16.264738,-15.201651,-15.369366,-16.280771,-17.000555,-18.346558,-18.485832,-17.984016,-19.665443,-19.489368,-19.977495,-20.856304,-21.49218,-23.642456,-26.579865,-28.452251,-31.137163,-33.85058,-35.975716,-36.602787,-36.76867,-36.833183,-36.827755,-36.8607,-36.832245
sid0925-anchor-COSINE-1399-F_close_312.wav,17.837553,14.485596,13.329094,24.154291,24.494717,16.457197,20.0099,22.579672,18.685274,16.03233,16.235226,14.00908,13.644734,14.581643,12.586533,8.790613,9.460733,10.42699,6.594293,2.4785676,3.5425355,2.062657,-0.12904017,0.8958965,2.7376292,1.7583491,-0.21921775,-1.0027106,-0.5053563,-0.89534163,-2.9787493,-3.7196603,-3.3718154,-3.516251,-4.0678506,-4.9194508,-4.2791657,-3.123968,-3.2914891,-4.6634665,-3.8032496,-3.5383222,-5.127935,-4.995619,-2.8862903,-2.7913013,-4.0890756,-4.16107,-3.7691832,-3.6744127,-4.0744853,-4.151708,-2.7186716,-1.9508326,-2.5938349,-2.6068952,-1.0548131,-0.71960247,-1.9216179,-2.473707,-3.466377,-5.0911484,-6.3275237,-6.9810705,-8.292654,-9.913918,-11.284775,-12.1556015,-12.852219,-13.590328,-14.964237,-16.431452,-16.159695,-16.400354,-18.22119,-19.092453,-18.620853,-19.233953,-19.901844,-20.07166,-20.5781,-21.158878,-20.119198,-20.976128,-21.64406,-21.527292,-20.752766,-21.597834,-21.912718,-21.392324,-21.24828,-21.899359,-21.456987,-20.812738,-21.34909,-22.16151,-22.111132,-21.37929,-21.756514,-22.847424,-22.534063,-21.654716,-22.42256,-22.884752,-22.335213,-22.535173,-23.306828,-23.292088,-23.805672,-23.730316,-23.688478,-23.97151,-24.670343,-24.647827,-24.591835,-25.002247,-25.39653,-25.393291,-25.658968,-25.79714,-26.2897,-26.681282,-26.714695,-26.494349,-26.735899,-27.084866,-27.084,-26.842388,-27.74183,-27.394754,-27.415215,-27.12779,-27.83674,-27.572233,-27.702387,-27.886387,-27.904556,-28.172405,-28.386763,-27.672356,-28.04309,-28.980194,-28.139553,-27.722076,-28.579563,-28.988096,-28.47773,-28.990515,-30.229101,-30.878927,-32.21173,-33.392765,-34.669643,-35.21006,-35.75856,-35.84188,-35.887253,-35.89899,-35.897915,-35.896976,-35.916313
sid5663-noisy-COSINE-8112-F_array1_64.wav,17.945723,12.843134,0.8786487,2.530797,10.659758,11.300852,6.615141,11.438183,18.699736,19.5749,15.62512,14.041833,17.445,19.312284,19.402231,18.03319,15.252262,13.572636,12.638533,10.396803,7.800875,6.6053967,6.797411,6.0483904,2.0880868,0.97717416,-0.64135027,-1.1370183,-1.4185944,-0.69872296,-0.9927892,-2.498601,-2.277896,-0.48433945,-0.19102222,-0.7691939,-0.4042892,1.0186739,1.9453278,1.7204902,1.3422667,2.2856908,3.9664545,4.413887,4.1602783,2.256292,2.7846246,3.058043,3.6909785,2.88048,2.9863117,3.8984227,4.2524033,4.582616,5.070676,6.2688274,6.164542,5.15794,5.3495164,4.405585,2.4372468,-0.07437573,-1.0389421,-1.6699077,-2.1764789,-3.3970103,-3.53724,-2.871525,-3.1679034,-3.9408765,-4.744377,-5.4458194,-5.8812656,-5.9723425,-6.3751574,-6.48488,-6.413448,-6.6293836,-5.6805987,-5.995305,-7.1641207,-7.904378,-6.8566027,-6.0522084,-7.301096,-8.5723915,-9.196027,-8.715049,-9.712925,-12.024356,-12.620708,-12.049674,-11.878995,-14.193454,-15.55896,-16.062809,-15.576524,-15.162282,-15.715263,-16.472221,-16.18674,-15.725125,-16.155087,-17.037842,-17.155506,-16.922834,-17.338554,-17.474936,-18.0391,-17.227057,-16.724686,-18.059387,-19.296686,-18.05188,-17.737448,-18.142813,-19.476532,-19.79101,-19.519922,-20.217766,-20.440939,-20.442545,-20.035278,-19.811817,-19.867708,-19.311058,-19.19983,-19.28056,-19.04845,-18.93407,-19.246168,-19.30906,-20.288532,-20.474426,-21.212437,-21.490355,-22.04894,-22.29734,-22.1192,-22.616655,-23.243618,-23.447693,-23.038723,-23.230175,-23.172813,-23.559395,-23.429836,-23.89629,-25.180775,-26.128239,-27.681978,-30.294815,-32.64276,-35.274902,-36.360363,-36.927704,-37.096348,-37.127617,-37.166183,-37.139145,-37.1768
sid2553-noisy-COSINE-3231-F_array1_54.wav,16.303448,11.653224,1.193298,-0.5326796,3.6812983,6.455698,9.875778,11.3118305,11.680242,13.4997225,13.75349,13.525239,14.983748,17.929785,19.218157,17.5084,13.716175,10.709437,11.066187,11.735126,10.743799,8.434397,7.858985,8.236223,7.5068526,6.9472227,6.962453,5.5703545,3.3872552,2.6683183,2.63355,1.5984848,0.76737374,1.8908856,4.004448,3.3472357,0.7757367,-1.2822156,-3.72772,-4.7522836,-4.321657,-5.141898,-6.1231127,-7.237794,-7.448084,-4.7512097,-4.016334,-4.2439647,-4.546765,-5.710297,-5.9450774,-6.7779646,-7.560446,-7.061331,-7.0494704,-7.4199986,-7.530474,-5.134833,-4.509009,-5.840522,-7.2646804,-7.478675,-8.516736,-9.407694,-10.771817,-11.658312,-10.617432,-11.40792,-12.62382,-12.627673,-12.690374,-13.014359,-14.910354,-14.866849,-13.983427,-13.756893,-15.106859,-16.535528,-16.059305,-14.092663,-12.8719845,-14.811397,-17.106989,-17.978865,-17.048094,-16.192715,-15.955669,-15.851305,-17.951107,-17.335384,-17.16357,-18.310486,-19.101337,-18.571678,-19.55298,-18.959686,-17.910473,-18.57305,-19.670197,-19.916813,-19.921227,-19.344896,-19.179451,-19.44284,-19.620821,-20.52089,-20.823948,-21.53795,-21.946873,-21.613352,-20.430738,-21.237854,-21.454388,-21.40522,-21.694479,-22.153547,-22.577232,-22.926767,-23.039516,-23.548214,-24.10751,-23.891762,-24.143335,-25.036392,-24.88058,-24.697216,-24.237774,-23.662441,-23.238985,-24.649307,-24.41765,-24.62636,-24.460613,-25.424881,-25.125309,-25.162497,-25.758675,-25.391079,-26.166142,-25.539148,-26.214483,-25.734806,-26.247473,-25.293415,-26.1911,-26.075975,-26.133469,-27.194891,-28.863892,-30.019447,-31.776863,-34.250153,-36.19555,-37.221626,-38.523315,-38.82679,-38.851917,-38.90029,-38.92032,-38.89743,-38.92914
sid4090-clean-COSINE-5289-F_close_92.wav,29.743479,27.828531,17.713797,13.211763,15.136168,8.603942,6.084179,12.232216,14.677292,12.87706,9.701517,9.446137,11.086027,7.864783,1.1331044,0.26252267,2.583985,2.2359135,-1.9399606,-3.3570096,-1.4943109,-5.393057,-9.516704,-7.3756604,-8.521024,-11.35889,-9.350539,-8.880977,-9.21281,-9.421123,-8.921362,-6.941707,-6.642399,-9.112531,-9.194836,-8.223127,-9.230476,-11.39189,-11.593218,-10.760248,-11.271435,-12.657749,-13.905413,-13.686522,-13.471455,-14.193327,-13.934697,-14.539289,-15.361205,-15.636858,-15.934044,-15.869776,-16.299828,-16.680044,-15.849925,-16.884138,-16.966404,-14.345517,-14.345537,-14.937868,-13.170542,-12.10087,-14.4855795,-16.52106,-16.41349,-16.119112,-15.82035,-16.683332,-18.275963,-17.92433,-17.154238,-17.556679,-17.30838,-16.138634,-14.842463,-14.926718,-14.363804,-12.850548,-11.0462055,-11.492762,-13.43137,-13.692021,-13.365734,-14.548678,-16.72802,-16.839148,-15.870372,-16.85538,-18.995031,-20.724247,-22.873405,-24.863646,-26.38672,-26.828451,-26.8112,-25.810764,-26.684853,-26.570705,-25.368958,-24.891024,-25.08135,-25.787605,-25.963629,-27.07244,-27.64825,-27.557497,-28.058756,-29.41446,-30.033596,-29.539703,-29.853212,-29.67109,-29.557755,-29.735716,-30.090849,-29.633875,-29.206814,-29.195042,-29.36298,-28.79152,-28.673801,-28.960842,-28.667242,-29.40668,-30.649544,-30.902912,-31.061546,-31.629654,-31.465412,-31.177345,-30.853176,-30.646402,-30.31548,-30.05744,-30.085012,-30.529907,-30.307596,-30.55342,-31.289257,-31.715145,-31.598444,-32.028877,-32.293938,-32.357765,-32.358475,-32.075584,-31.976583,-32.33264,-32.59749,-33.27091,-34.271355,-35.05094,-35.69951,-35.938026,-36.093723,-36.201252,-36.187874,-36.2075,-36.201332,-36.206345,-36.20212
sid5030-noisy-COSINE-7275-F_array1_13.wav,3.842006,1.9458988,1.8251541,2.2731326,7.0991716,10.717453,9.109326,9.291857,13.823877,14.973942,17.74996,20.584972,22.220451,21.45155,17.91059,20.100882,20.247524,15.535039,8.715275,7.1503015,8.346443,7.8818855,6.221638,6.960671,8.690595,9.410638,7.4108768,5.492776,5.34687,5.3587556,4.3237476,3.0986028,3.8008249,2.6530268,1.9279301,0.18216492,-2.7011142,-3.1837382,-4.0341206,-6.199513,-6.281876,-7.437219,-9.242197,-9.321568,-9.416332,-9.335009,-8.767994,-9.056853,-8.60444,-8.181255,-7.545945,-7.092819,-6.09385,-5.8344755,-4.773812,-4.8091955,-4.929181,-4.7031746,-5.249504,-6.5038295,-7.933307,-9.951831,-11.170973,-12.247143,-13.239822,-12.992314,-13.703457,-14.527481,-14.674426,-14.993907,-14.890429,-13.847977,-12.740389,-12.385053,-12.727699,-11.983133,-12.532435,-13.791859,-13.444429,-13.17287,-11.628426,-10.312558,-10.541302,-11.421978,-12.789273,-12.998606,-12.224345,-13.386659,-15.813209,-17.065083,-17.697514,-17.561134,-17.962301,-19.049885,-19.960861,-20.100763,-20.136803,-19.571123,-19.721434,-21.447174,-21.769016,-21.400612,-19.763334,-19.41241,-20.831623,-21.702013,-22.1964,-22.405647,-22.16153,-22.333553,-23.0847,-23.333725,-23.848965,-23.575161,-22.896027,-23.388083,-23.03387,-23.045628,-23.205894,-23.302269,-23.54348,-24.616373,-24.76517,-25.241098,-24.68374,-25.034132,-25.45924,-25.23818,-24.756853,-24.32085,-24.490587,-24.884365,-25.100649,-24.742334,-24.890476,-25.141567,-24.967424,-25.29767,-25.557001,-25.595486,-25.207005,-25.354744,-26.1411,-26.672928,-26.07439,-25.906998,-26.477295,-27.889555,-28.348751,-29.951614,-31.658478,-33.70046,-35.44741,-36.675354,-36.76535,-37.17944,-37.171856,-37.22689,-37.179188,-37.23068,-37.208973
sid3058-clean-COSINE-3792-F_close_78.wav,23.421177,19.885334,8.596006,21.531052,27.671951,22.044918,10.344596,17.554192,21.24353,18.446215,11.256648,13.6246395,17.758919,15.389585,9.1778145,5.887541,8.754405,7.908185,3.7503407,1.0999401,4.11309,3.1704993,-1.8903841,-3.7899995,-1.1349518,-0.9996622,-4.520576,-4.334057,-2.4794977,-1.3996762,-3.8946114,-4.353212,-0.3062769,1.2535067,-0.79697704,-1.9174851,2.3868313,2.8596501,-0.6062326,-0.8657279,3.9783552,5.544257,3.0090246,0.6674956,1.7542787,3.8231158,2.4016533,0.42447782,2.023548,4.5322056,1.853299,-2.0659208,-1.2722247,2.6863012,3.0125878,-0.23429766,-0.64577216,0.7435283,0.9912139,-2.4457889,-5.955854,-6.978016,-8.255359,-9.736531,-10.861634,-9.957863,-10.814046,-10.995176,-9.916209,-8.938229,-9.252956,-7.113128,-4.854645,-4.9330635,-6.065773,-5.102132,-1.8121684,-3.2480116,-6.7692137,-8.6027775,-6.5203915,-5.88911,-7.643904,-9.307112,-7.7443953,-5.0724196,-5.4850388,-8.114149,-9.754435,-7.8912554,-6.6627364,-9.124903,-11.380129,-9.810466,-8.245623,-9.642564,-11.447004,-10.386123,-8.028015,-8.000697,-9.830801,-10.081572,-7.8094106,-7.9977064,-9.58551,-10.615015,-8.861147,-7.865759,-8.866009,-11.083693,-9.758207,-9.106678,-9.434829,-11.627663,-11.223986,-10.839566,-10.930451,-11.267534,-11.063286,-11.189562,-11.989748,-11.975044,-11.300601,-11.8581,-13.469691,-11.834794,-11.413275,-12.4983225,-13.542699,-12.240913,-11.363419,-12.267738,-14.180083,-14.729244,-12.678818,-12.235536,-13.704127,-14.318951,-13.378018,-12.185875,-12.228185,-12.977333,-13.026598,-11.6659355,-12.799884,-14.090613,-15.477259,-14.902825,-16.357468,-18.590244,-20.660002,-24.116447,-27.305624,-30.900679,-33.245476,-35.10028,-35.240913,-35.31272,-35.361412,-35.36681,-35.374683
sid2253-clean-COSINE-2898-M_close_19.wav,18.848274,15.829552,15.618043,22.610039,22.962753,17.056229,14.775736,17.552338,18.2513,16.659657,13.826582,13.097352,15.029865,17.224037,13.786905,8.983391,9.445018,11.220908,8.773529,1.2693951,-2.045943,0.85331666,1.5578184,-2.2584388,-3.4553819,0.14534453,2.7393532,1.4408507,-1.8879741,-0.5259374,2.0447755,3.6208534,1.8211411,-0.7703327,-0.8646904,-0.29203317,-2.0385199,-4.7665567,-4.135682,-2.4612434,-3.6832495,-6.110338,-5.9458656,-4.832348,-5.491646,-7.43356,-7.73641,-6.171963,-5.384045,-6.356583,-6.1119676,-4.764018,-4.221789,-3.5944524,-3.3934495,-4.0339108,-5.6641297,-6.936819,-7.6301575,-9.156672,-10.18552,-9.565322,-8.7092495,-8.706533,-10.2244835,-8.8345585,-6.331173,-5.280786,-7.0911655,-6.931167,-4.4899416,-3.1113567,-4.681821,-5.870655,-5.571265,-5.641981,-7.568193,-8.7177,-8.272712,-8.041313,-10.254069,-12.515722,-12.955267,-13.289386,-15.438747,-17.60593,-17.511364,-16.787298,-18.029629,-18.547085,-18.027752,-17.99204,-18.166983,-18.421234,-17.458199,-17.774336,-18.256437,-18.224806,-17.105997,-17.464758,-18.363165,-17.779211,-17.217485,-17.048435,-17.781435,-16.911522,-16.39041,-16.152946,-16.219965,-16.114857,-15.499145,-15.010492,-16.068035,-16.299162,-15.464689,-14.796654,-14.670573,-15.326915,-15.031418,-13.301811,-12.439436,-13.249119,-14.340843,-13.326313,-14.3528185,-14.026126,-14.735497,-15.749116,-15.259945,-15.876524,-15.962949,-17.496899,-17.431038,-17.318962,-17.15996,-18.13594,-19.552338,-19.017233,-19.06814,-19.488857,-19.689835,-19.533266,-19.848606,-19.886883,-20.990438,-20.946053,-21.198666,-21.603,-23.47776,-25.502214,-27.652369,-29.562313,-32.308193,-34.189117,-34.814316,-35.24953,-35.364952,-35.393635,-35.39962,-35.422924,-35.389217
sid4715-noisy-COSINE-6463-F_array1_69.wav,23.961536,20.19005,13.963546,13.749537,17.168629,14.737185,14.649126,16.024353,16.132338,15.701769,16.662271,17.653025,17.544369,19.264565,17.244776,15.344834,16.50639,15.54069,12.221598,10.884335,10.206037,8.740999,9.317454,8.327588,7.3262873,7.399407,8.222531,7.750676,5.1079254,4.5815105,4.598907,3.8795183,3.6144934,2.9116974,2.6732433,2.5128052,1.6948496,0.41648316,0.99085367,0.047762655,-1.3536042,-3.0038855,-3.2920222,-2.4154468,-3.4597335,-6.5647926,-8.342812,-8.569547,-7.3139787,-7.3684855,-9.511288,-10.50293,-8.897589,-7.4847374,-6.227665,-6.541417,-9.881907,-10.676814,-10.643274,-10.12796,-10.506597,-12.433958,-13.688364,-13.709067,-13.952651,-13.843452,-14.419323,-15.946415,-16.299084,-16.370537,-15.3867855,-15.060674,-15.92689,-17.263166,-16.719683,-16.79189,-16.014923,-16.490398,-17.457653,-17.44661,-17.70339,-15.99835,-14.615789,-15.229587,-16.31693,-15.838523,-15.324899,-14.319473,-15.648609,-17.130123,-18.10385,-18.935482,-18.05017,-17.779493,-20.095789,-21.466906,-20.535746,-18.324327,-18.385904,-19.79083,-21.57141,-22.574844,-21.959269,-22.090101,-22.247814,-22.176416,-22.169123,-21.736862,-21.065037,-21.127157,-22.19928,-22.508099,-22.634136,-22.286045,-22.50394,-24.085075,-24.795803,-24.86307,-24.15916,-24.288559,-24.572624,-24.543974,-25.966122,-26.13736,-24.219816,-23.901403,-24.947805,-25.358326,-25.875158,-24.57497,-24.41928,-25.069181,-25.603914,-27.902412,-25.545732,-25.255703,-25.688437,-25.656124,-28.003674,-27.110624,-25.721226,-26.147573,-26.688288,-27.57763,-29.403227,-27.426655,-29.257153,-29.316032,-29.199097,-32.36893,-33.63768,-34.83815,-36.712337,-37.27033,-38.206562,-38.102234,-38.19588,-38.18476,-38.186096,-38.212765,-38.201057
sid0597-clean-COSINE-1278-F_close_193.wav,26.92551,23.102966,14.717159,14.221507,17.871637,16.16689,12.684737,13.975775,14.355579,9.55913,5.903558,7.5460715,6.0199804,3.3546066,2.7933385,1.2037556,-1.147777,-0.7842903,-0.057627566,-2.3225834,-5.670182,-5.3429995,-3.1832376,-3.06231,-6.182861,-8.668601,-5.8094864,-3.279393,-4.7539454,-6.935284,-7.818088,-6.9971204,-5.486774,-4.9836197,-6.195195,-7.8233004,-7.314511,-7.0787983,-7.820246,-7.7318316,-7.6441107,-8.114209,-8.5019,-8.559034,-8.848056,-8.221105,-8.640168,-9.610912,-10.256296,-8.856128,-9.116846,-9.7085085,-9.107616,-8.780273,-8.920334,-8.787801,-8.424548,-8.514581,-9.2382145,-8.939129,-8.680697,-8.521555,-9.799412,-9.923679,-10.213491,-9.806758,-10.532257,-12.518112,-12.353386,-13.47465,-13.686205,-14.668608,-14.870835,-14.536495,-13.261071,-13.109978,-12.704192,-12.434554,-11.159448,-10.692265,-10.566013,-10.658907,-9.981822,-10.998524,-11.080661,-10.680698,-10.281905,-10.932142,-10.237249,-10.193348,-9.892666,-10.50908,-10.406008,-10.251237,-10.344681,-11.544582,-12.051171,-11.722111,-12.024561,-13.357162,-13.978477,-13.551519,-12.945786,-12.934734,-12.97135,-12.914876,-13.379976,-12.839098,-13.104492,-13.5543585,-13.448276,-13.215166,-13.987972,-14.844429,-14.463614,-14.725423,-15.757746,-16.449371,-16.493132,-15.75318,-15.870172,-16.462286,-16.65429,-16.397392,-16.60109,-16.91298,-17.83274,-18.117844,-18.264616,-18.606989,-17.711267,-17.82335,-18.09596,-18.199608,-18.246763,-18.616278,-18.706612,-19.268616,-19.284277,-19.314138,-19.826069,-19.498398,-19.839174,-20.325844,-21.0606,-20.870674,-21.531534,-22.633364,-22.66287,-24.2552,-26.86303,-29.601534,-32.185917,-35.736725,-37.163937,-37.800163,-37.91898,-37.98022,-37.955433,-38.022808,-37.95338
sid1155-anchor-COSINE-1777-F_close_74.wav,23.21862,19.595753,9.930306,8.733206,20.580563,26.33356,21.639788,7.5415964,9.297567,14.699091,16.97169,16.244772,10.949641,8.115797,8.498056,7.025289,9.951653,10.054081,6.1138535,2.543613,-0.04013455,0.44155228,1.2470787,-1.0447685,-3.723357,-5.024884,-4.706337,-3.2683482,-4.589846,-4.94437,-5.0094914,-2.8747618,-0.89720136,-0.4555121,-2.1566124,-1.3216398,-0.84879375,-0.84193134,0.94855493,-0.10292271,-2.2422812,-2.953787,-3.9903402,-2.2884474,-1.9942719,-3.3210258,-5.966979,-8.044966,-7.1153636,-6.246109,-7.581276,-10.680689,-10.216826,-7.940059,-7.4479885,-9.006228,-9.152315,-7.5194907,-7.3096967,-8.812632,-7.671778,-5.8490267,-5.204249,-7.6315966,-8.03316,-6.8088818,-6.6773157,-9.075272,-12.529639,-14.571339,-14.112998,-15.1231785,-15.556197,-17.134592,-18.383938,-18.630577,-18.97495,-18.094418,-18.600645,-19.595781,-20.4193,-20.411835,-19.603827,-18.846127,-19.678728,-21.69759,-21.894567,-20.778658,-19.124626,-20.693493,-23.351875,-23.849663,-21.635853,-20.589489,-22.21464,-23.420975,-24.94946,-22.344454,-22.45432,-23.751366,-24.161114,-23.7818,-23.008482,-23.88461,-23.966673,-23.8107,-22.710812,-23.640774,-25.226564,-24.479519,-23.015789,-22.858812,-24.30302,-25.978565,-23.62528,-23.08222,-23.973875,-25.257328,-25.218544,-23.409079,-24.285738,-25.381733,-26.553036,-24.403461,-24.800547,-26.888836,-26.943386,-26.224236,-25.3149,-26.631336,-28.527975,-27.863714,-26.570461,-26.454248,-27.511871,-28.346682,-27.626526,-26.056816,-27.881945,-27.879066,-28.259611,-26.605068,-26.992863,-28.968256,-27.993351,-27.018793,-26.594246,-28.940117,-30.211655,-31.121294,-31.334246,-32.668045,-34.65554,-36.095688,-36.281895,-36.286995,-36.443695,-36.441353,-36.42712,-36.462868,-36.432247
sid2837-anchor-COSINE-3792-F_close_108.wav,23.807573,21.040524,10.20279,1.1519345,11.740414,20.344198,22.159672,19.79528,14.7529745,13.623019,16.470825,16.43937,14.725922,12.8894415,14.397057,15.136365,11.930485,7.733265,7.099291,8.314186,6.8852,4.418253,5.1627946,5.962961,6.317895,7.357679,3.6089392,-0.6415827,0.20176068,2.596004,4.1969523,3.3613558,0.99308527,-0.08886031,2.0241458,2.2500777,2.160278,2.2996328,1.3978405,0.60857254,1.2071201,0.5645074,-1.3872337,-2.842922,-2.8444886,-2.0818276,-1.8358903,-2.7238526,-2.130055,-1.0731587,-0.1682602,-0.052059658,-1.1350546,-1.5038453,-1.0875745,-0.3302832,0.13271813,-0.70284903,-2.8216357,-4.7688656,-5.03658,-5.080366,-4.8225255,-5.1151414,-8.614909,-11.050291,-11.777869,-12.6722765,-12.947613,-12.598003,-13.657862,-15.317127,-15.740539,-15.393071,-15.540267,-15.4992695,-17.04141,-18.322775,-18.338875,-17.829674,-18.153862,-18.254353,-18.142792,-18.360779,-19.455376,-20.34454,-19.930992,-19.365345,-19.932617,-20.832645,-20.969395,-20.635918,-20.939066,-21.399889,-21.241455,-21.462715,-21.496216,-21.632915,-21.915197,-22.37402,-22.158623,-21.767885,-22.01642,-22.778515,-22.976877,-22.733469,-22.179201,-22.558718,-22.97551,-23.464035,-23.59663,-23.688473,-23.887344,-23.894798,-23.654919,-23.69711,-24.141945,-25.394474,-25.41855,-24.60943,-24.039076,-24.81719,-25.922123,-26.312733,-26.570492,-25.830992,-25.61098,-26.067276,-27.041597,-27.069534,-26.775196,-26.261333,-26.76676,-27.511797,-27.367409,-26.926098,-26.862896,-26.916546,-26.756165,-27.04438,-27.704144,-27.935522,-27.441807,-27.276443,-27.47208,-27.998695,-28.36602,-29.120007,-29.691006,-30.122074,-31.539726,-33.080482,-34.629723,-35.50177,-35.86595,-35.99446,-36.032097,-36.05492,-36.03924,-36.051582,-36.066887
sid5044-anchor-COSINE-7275-F_close_3.wav,27.120754,23.106525,11.493536,16.27128,21.325695,19.439394,14.410768,11.616469,11.346764,10.465211,10.967405,10.275454,8.637502,8.732045,10.296478,8.575037,6.742015,7.899861,8.354682,5.7100396,3.5226061,2.464027,1.8075787,-0.32191232,-1.6054714,-2.5433934,-2.4835796,-2.204143,-0.9813198,-0.47240868,0.019990971,1.6187857,2.490457,2.0141082,3.526795,5.2085657,4.7182326,2.5374172,0.27167088,-1.3780224,-2.7193334,-1.6433213,-1.7201629,-3.9299238,-4.555827,-4.564306,-4.922449,-4.3585963,-4.0491786,-4.4236283,-5.798439,-4.3763037,-2.9554238,-2.631551,-3.2065015,-2.8641977,-3.8622618,-5.7325087,-6.2050767,-7.375595,-8.671325,-8.302193,-7.3105426,-9.040704,-11.880442,-12.408061,-12.394332,-12.375898,-13.740791,-13.861195,-15.077435,-16.277714,-16.365486,-16.892742,-18.296062,-20.657207,-21.204605,-22.495508,-23.733566,-23.496227,-25.01315,-25.412867,-25.00325,-24.66782,-22.61629,-22.162,-23.536758,-23.343552,-22.03766,-19.661175,-20.579704,-22.158442,-22.47905,-21.69903,-21.86776,-23.660618,-23.97404,-23.578093,-23.522684,-24.106586,-24.101562,-23.649233,-21.164017,-21.392681,-22.875378,-22.176771,-20.876577,-19.54441,-22.58693,-23.62483,-22.249956,-21.412231,-22.719915,-26.491184,-24.820745,-23.66217,-23.760822,-24.980314,-25.469236,-24.813976,-22.738142,-23.244638,-25.76155,-24.816114,-23.24257,-21.68378,-25.761898,-26.724607,-25.022541,-23.714151,-24.868486,-28.766272,-26.36321,-25.697289,-25.681723,-28.407848,-28.07664,-26.60817,-25.960981,-27.423677,-28.145947,-27.710709,-26.575344,-26.771328,-28.074,-28.950241,-28.944141,-28.874744,-29.670998,-30.708534,-32.777782,-33.15577,-34.62877,-35.81269,-36.736576,-36.67366,-36.82142,-36.818077,-36.83471,-36.828808,-36.837013
sid3071-anchor-COSINE-3792-F_close_90.wav,19.997885,17.84988,8.951553,17.02867,24.260391,21.17135,12.086463,14.021277,18.535564,17.48669,11.643596,12.870797,15.3338,10.328178,4.3949447,8.100555,10.610031,7.411891,4.1156883,8.189687,9.448682,5.8329973,3.1236293,4.0466137,4.0390515,1.0000924,-1.646648,1.2106858,2.7552297,1.670559,1.0252361,2.7335393,2.318893,1.1731827,1.3532996,2.7476776,2.5529075,0.07479912,-0.5939498,1.5043216,0.37538376,-2.9429162,-3.2185032,-2.214095,-3.6991491,-4.176555,-2.877432,-2.8363264,-4.18441,-3.9417412,-1.8502151,0.27645552,-0.20086092,-2.1662889,-2.1512709,-0.92440486,-1.8767223,-1.3466765,-1.5815722,-4.526405,-6.0460587,-7.1886587,-7.6328087,-9.056428,-10.864263,-12.015518,-11.454707,-11.781662,-14.426874,-14.97299,-13.295612,-13.683339,-16.042622,-16.429728,-14.351591,-14.552918,-17.992184,-18.808214,-16.07023,-16.008694,-19.166828,-20.079803,-17.9202,-18.447617,-20.175282,-20.66024,-19.414585,-20.549667,-21.659473,-21.49584,-20.25651,-22.198593,-22.586075,-21.57048,-20.381886,-22.299305,-22.75014,-21.240713,-20.562614,-22.172821,-22.088135,-21.46963,-20.930084,-22.406103,-22.516373,-21.678616,-21.103302,-23.223434,-23.169315,-21.987257,-22.043533,-23.594044,-23.936249,-22.94676,-22.9543,-23.887348,-24.640387,-24.456001,-24.27851,-24.557932,-24.57359,-25.3426,-25.64741,-25.446404,-24.422628,-25.902655,-26.415504,-26.827335,-24.621542,-25.215298,-26.988789,-27.665855,-24.845541,-25.022612,-26.468742,-28.445396,-25.984163,-25.287685,-26.232376,-28.33106,-27.112762,-25.917913,-27.005575,-28.220692,-28.177853,-27.5912,-28.446056,-29.386261,-30.232012,-31.336784,-32.797306,-34.331985,-35.772247,-36.56388,-37.03238,-37.15864,-37.14366,-37.16899,-37.175896,-37.1713,-37.174984
sid2837-clean-COSINE-3792-F_close_108.wav,23.747026,21.031351,10.23921,1.286592,11.660113,20.264729,22.04895,19.701893,14.6805,13.4953165,16.373894,16.332062,14.64774,12.826739,14.391811,15.093481,11.878352,7.6004577,6.9985943,8.226834,6.763707,4.327439,5.0248556,5.8165483,6.1573763,7.213131,3.582304,-0.6975503,0.030940685,2.5884197,4.0791664,3.2672741,0.8778429,-0.17762342,1.9717507,2.082384,2.0100608,2.0447786,1.2808971,0.49726713,1.0257937,0.46267036,-1.5617508,-2.9925466,-2.9398189,-2.2703276,-2.1535296,-2.980259,-2.4078412,-1.2556148,-0.49448174,-0.4997687,-1.3824083,-1.6902771,-1.2095083,-0.43639424,-0.075942904,-0.92692345,-2.8492043,-4.72601,-5.112499,-5.153451,-4.79446,-4.9463854,-8.070457,-10.1084795,-10.5017605,-11.3068,-11.233831,-10.160876,-10.416267,-11.668182,-11.55497,-11.0916815,-10.695179,-9.591371,-9.542948,-10.661058,-10.69413,-10.012047,-9.663902,-9.181977,-8.412033,-8.125259,-8.813668,-9.297782,-8.455377,-7.5830183,-7.551298,-8.064338,-7.50719,-6.5909204,-6.7307334,-6.916297,-5.5371637,-5.490472,-5.5571527,-5.283256,-5.3036237,-5.963776,-5.529399,-5.130578,-6.4734087,-7.8202868,-7.5111012,-7.210004,-6.824833,-6.8688545,-7.6593113,-8.356427,-8.939871,-9.099774,-8.824486,-8.681034,-8.765821,-9.541145,-10.103064,-10.464679,-10.60876,-10.000688,-9.991131,-10.543018,-10.669971,-11.465634,-11.287546,-10.802889,-10.615922,-11.241789,-11.955409,-12.40903,-12.280188,-11.746098,-11.047607,-12.045821,-13.088093,-13.859109,-13.657876,-13.213016,-13.096134,-13.659582,-14.048706,-14.777687,-14.824246,-15.230511,-15.052393,-15.050737,-16.194115,-17.279337,-18.634705,-20.486803,-22.435734,-25.550573,-28.725328,-32.28609,-34.488995,-35.30956,-35.624996,-35.63713,-35.662632,-35.65911,-35.67357
sid3629-clean-COSINE-4174-F_close_72.wav,15.469107,10.58486,-0.29296055,3.8606524,16.02065,21.079601,18.610537,16.279423,17.685873,17.375034,18.597126,15.9581375,9.715024,11.733254,17.218897,17.405025,13.425268,11.676231,7.0615034,2.3162222,-0.3501205,-2.0713806,-3.289248,-5.0048203,-3.7851448,-2.6508367,-4.0174456,-4.9644284,-2.8082726,-0.22222719,-0.5874253,-1.7597475,-0.84064454,3.1921406,6.6954846,5.8962984,3.3034885,2.4355025,3.549945,2.9964914,2.4853423,0.48994896,-0.7312804,0.9406152,-0.31069875,-2.9082034,-5.6393285,-6.5485215,-4.1057825,-3.5161207,-4.5435295,-4.480036,-4.4104567,-4.77915,-7.107008,-10.54016,-11.673718,-10.317422,-8.31301,-8.856918,-8.714976,-11.972424,-11.909105,-10.871895,-12.93975,-13.259186,-12.892305,-12.389481,-12.496633,-14.08778,-13.278763,-13.117981,-13.223466,-13.4225025,-12.851904,-11.614815,-10.841612,-10.47955,-9.605786,-8.529335,-7.4661517,-6.1265044,-4.8085923,-4.457594,-5.143647,-5.8412495,-6.2097745,-6.7474403,-7.6748962,-7.719941,-7.827802,-8.379787,-10.100408,-11.760758,-11.551628,-11.511527,-12.3492985,-13.870745,-13.34497,-13.353206,-13.261476,-12.524285,-12.558728,-12.942003,-15.231691,-15.497368,-15.194186,-16.088137,-16.652557,-16.82123,-15.8885975,-15.005545,-16.063084,-17.243359,-17.742311,-15.984994,-16.391012,-18.14595,-18.913908,-18.985624,-18.451841,-18.49738,-19.526299,-20.60513,-21.503298,-19.41395,-19.179335,-20.483511,-20.819262,-20.738552,-19.441532,-19.847668,-20.825283,-20.673439,-20.870022,-20.645971,-20.775175,-21.15657,-22.448261,-22.170008,-21.262394,-20.668194,-21.359196,-22.545776,-23.666933,-21.86918,-21.894886,-22.434158,-24.783766,-25.40673,-26.819983,-28.858238,-31.972591,-34.048576,-35.30176,-35.97834,-36.105515,-36.13637,-36.12863,-36.127495,-36.17393
sid1490-anchor-COSINE-2406-F_close_132-truncated.wav,15.013295,11.331896,4.435736,10.002421,16.921028,21.240862,22.937288,21.210052,18.64713,16.54013,16.835903,19.49916,18.439201,12.675796,7.4017453,3.8432229,4.0446095,4.490445,2.00836,-0.95624757,-0.6478503,-1.6905218,-1.0019872,-0.13086478,-2.159848,-5.9076457,-6.092641,-4.0953784,-2.2629657,-2.1016912,-5.0727463,-6.4781213,-4.661494,-3.8401425,-2.2703726,-0.79963773,-2.4410698,-5.0973864,-5.5084887,-4.5345616,-3.6957521,-3.7466524,-4.9421053,-5.0164423,-5.321998,-5.7262135,-4.950912,-4.8317366,-4.354956,-4.732023,-5.4535584,-5.204116,-4.6211166,-5.708423,-6.551273,-7.482273,-7.649698,-6.3603983,-5.0899086,-5.5364537,-6.976047,-7.293961,-7.16414,-6.9237514,-7.5225153,-8.763074,-11.039873,-12.511436,-13.332832,-13.248789,-13.919294,-15.89644,-17.539917,-18.493954,-19.17391,-18.329311,-18.648405,-20.744728,-22.379005,-23.4042,-23.196728,-22.560276,-23.16387,-24.378614,-24.547064,-25.12075,-23.520481,-22.739212,-24.208729,-26.080502,-25.899658,-24.895067,-24.143867,-24.127789,-25.5017,-26.656816,-26.516657,-26.401987,-26.100441,-26.811943,-27.630968,-27.729101,-27.73935,-26.694319,-25.49863,-26.360104,-27.69475,-28.804966,-28.469742,-27.542969,-26.132135,-27.089455,-27.966286,-28.847036,-29.506138,-28.258724,-27.59757,-27.337326,-27.708166,-29.53857,-30.016489,-28.723658,-28.540913,-29.714643,-29.688469,-30.096489,-29.620758,-29.65471,-29.972126,-30.018757,-29.991533,-30.188427,-30.827972,-29.84683,-30.193674,-29.905437,-30.90063,-31.485252,-31.216352,-30.285564,-30.594296,-30.78373,-31.286434,-31.5746,-30.85264,-30.847063,-30.410995,-31.307297,-32.887123,-33.41843,-33.339058,-34.845795,-35.59399,-36.327145,-36.47709,-36.51286,-36.558403,-36.534065,-36.571747,-36.545937,-36.57427
sid2117-noisy-COSINE-2828-M_array1_51.wav,6.701403,8.402043,16.150814,14.5295725,14.739214,17.816893,17.544687,14.69401,15.73262,16.03681,17.999475,20.279943,22.406118,21.440992,16.345154,12.864662,10.428352,8.501489,6.8326645,4.484375,3.7335405,2.6174574,3.6088371,3.100358,3.5960083,4.032912,2.5509927,2.8239217,2.615608,-0.025469754,0.3951722,-2.6001706,-2.6925406,-3.6305466,-3.093192,-1.834191,-2.9113073,-1.2950372,-0.48687923,-2.4850955,-0.86949575,-2.6210892,-3.202984,-3.3002436,-3.6776173,-3.4725358,-3.3576322,-4.6173954,-4.1835604,-2.522715,-1.1766962,-0.94689065,-1.1436775,-1.7289383,-2.9427216,-4.8570056,-6.112872,-8.007001,-9.369442,-9.566984,-9.044929,-10.256744,-9.12667,-8.446833,-8.121865,-6.9726777,-6.173715,-6.076601,-4.931869,-5.0256643,-5.914403,-6.998103,-5.740924,-5.4928417,-5.094963,-4.7894435,-6.2522435,-7.33097,-8.528467,-10.055982,-10.07399,-10.707569,-11.199169,-11.016215,-11.045116,-10.23798,-11.301402,-12.519612,-12.491965,-12.392939,-11.95722,-11.445551,-12.002072,-12.636701,-13.067667,-13.137292,-14.013499,-14.617203,-15.500747,-15.7547865,-15.078069,-16.036083,-15.9630165,-17.057615,-17.853159,-17.632048,-17.220316,-16.564547,-16.546526,-18.156006,-19.43467,-19.198265,-19.168705,-19.795753,-19.849922,-20.51616,-21.8316,-22.235481,-21.132557,-22.062763,-22.49634,-23.02824,-22.932148,-23.899841,-24.594461,-24.204788,-24.670897,-25.831451,-25.244774,-25.438345,-25.657148,-26.204441,-26.121449,-26.40043,-27.436451,-27.563417,-25.331799,-26.510315,-25.22132,-25.792168,-26.702633,-26.06538,-26.526398,-26.861477,-27.337547,-27.654613,-27.458303,-28.466272,-29.189781,-30.856487,-31.88758,-33.287663,-35.88801,-37.47905,-38.041348,-38.4892,-38.52974,-38.532696,-38.53707,-38.54399,-38.547607
sid3314-clean-COSINE-3904-M_close_104-truncated.wav,18.832834,15.184849,11.871499,22.181442,23.974312,18.59678,18.880259,21.335182,19.717485,17.205536,15.271969,13.322725,13.932005,13.910044,12.016028,10.643513,9.091373,6.2011123,5.091309,7.665431,6.7362666,3.3143463,2.6046405,1.2217964,0.66351926,0.074926406,-1.5052761,-0.9358616,0.5416651,1.8662107,1.0749093,-0.80022407,-0.9778229,-0.9547173,-1.4222611,-0.8191389,0.07249932,-0.1922713,-0.565078,-1.205702,-1.6288769,0.27904287,0.8012117,0.49594012,1.3010187,1.3452666,0.69010925,0.73534167,0.8708948,0.9335915,0.25429803,-0.351762,-1.5741498,-2.579255,-3.8794422,-4.9922867,-5.5698967,-6.6475797,-7.2762446,-8.121744,-9.192473,-9.322498,-8.480734,-8.250651,-8.1377945,-7.6340823,-6.3419275,-5.5201473,-4.7655478,-3.845755,-3.0677772,-3.640891,-3.955093,-3.0204651,-2.8204994,-3.6489868,-4.368591,-4.622607,-5.4342675,-6.615126,-8.175119,-8.4464855,-9.205271,-10.9986,-12.065599,-12.991459,-13.267872,-14.008947,-14.553936,-14.578228,-14.7215185,-15.470493,-16.289387,-15.908623,-15.79783,-15.694226,-16.12548,-16.266151,-16.435638,-17.038101,-17.080235,-16.896976,-16.183144,-16.235697,-16.725504,-16.855473,-16.357182,-16.094894,-15.83476,-15.641154,-15.649702,-15.73764,-15.50352,-15.960163,-16.141953,-15.924388,-15.499745,-15.286461,-15.560101,-15.8961115,-15.75698,-15.40085,-16.051498,-16.548853,-16.129723,-15.935277,-16.06422,-16.114433,-16.7376,-16.525232,-16.812965,-17.158234,-17.298904,-16.94207,-17.195717,-18.29241,-18.871561,-18.891628,-18.467592,-17.47765,-17.319078,-18.163212,-17.239382,-18.00825,-18.120771,-18.714064,-19.489796,-19.878098,-21.01095,-22.983133,-24.750835,-27.504585,-30.353376,-32.853424,-34.839455,-35.7943,-36.16139,-36.223442,-36.254745,-36.24887,-36.27722
sid4977-anchor-COSINE-7111-M_close_49.wav,25.503252,22.34851,21.732037,24.726994,18.858107,17.983782,18.706644,16.295818,15.004847,12.007387,12.080602,12.898443,9.986543,7.4470606,6.22158,4.9189873,2.7311058,2.9096308,2.2471204,-0.1089139,-0.45714957,-0.3590517,0.91996586,2.0512567,-0.18627049,-2.746737,-2.978699,-3.7300193,-2.8763275,-2.7944496,-3.8322244,-3.9573276,-3.4505234,-4.4255676,-4.8646574,-3.9659646,-4.0139256,-3.1094918,-2.3183355,-2.2037222,-1.3991816,-2.692472,-3.939559,-4.119949,-4.8430085,-4.4503837,-5.177788,-5.961237,-6.9392633,-7.8296275,-7.1565013,-7.612147,-8.595248,-9.317099,-10.779859,-11.312366,-11.216791,-11.4580765,-11.36858,-11.01479,-11.133448,-10.574034,-10.505703,-10.371018,-10.807882,-10.586671,-10.759458,-10.184753,-10.754625,-12.4011,-12.949122,-13.784413,-16.048277,-17.795303,-18.659533,-19.71671,-21.489689,-21.533125,-22.627693,-23.83112,-23.273518,-24.010448,-24.003826,-23.903196,-24.674997,-23.976063,-24.63483,-25.278488,-24.335117,-25.025614,-25.081009,-25.037842,-24.92098,-25.678707,-25.603361,-25.280857,-25.654297,-26.365341,-25.618422,-26.042675,-26.042173,-26.685863,-27.027924,-26.380783,-26.831226,-27.219717,-26.773653,-27.272411,-27.41423,-27.469975,-27.903006,-27.924294,-28.105356,-28.524265,-28.475096,-28.9141,-29.256851,-29.228428,-29.343721,-29.37817,-29.680077,-29.34376,-30.062151,-30.054718,-30.235332,-30.13253,-30.321293,-30.838799,-30.604454,-30.699245,-31.511269,-30.78962,-31.087797,-31.127377,-31.250465,-31.482737,-30.950428,-31.684212,-31.44519,-31.478317,-31.295353,-31.447052,-32.157814,-31.448433,-31.031065,-31.81636,-31.786922,-31.877998,-32.630394,-33.08658,-34.491226,-34.732246,-35.627068,-36.46722,-36.370895,-36.50608,-36.526543,-36.550423,-36.546448,-36.550163,-36.550934
sid2938-noisy-COSINE-3792-F_array1_206.wav,19.697227,14.067991,2.9672055,5.419159,10.125109,12.081062,11.958963,13.422813,15.326239,16.761097,18.631361,19.800661,20.891018,21.302645,17.579725,15.746046,14.921428,14.311503,14.018759,12.327533,10.833681,12.142087,12.836648,10.649447,8.972987,8.909878,9.621363,7.950459,5.586512,5.078803,6.1480083,6.989564,5.539479,4.547889,7.0435762,9.020106,6.7398934,4.932879,5.284733,5.4944277,3.2019958,1.5011252,2.1698062,1.2230332,-0.5486158,-2.0495887,-1.8990119,-2.3792484,-2.2875998,-2.1046948,-1.9261205,-1.9365339,-2.7885695,-3.0984304,-3.3150187,-4.155277,-4.612724,-4.7933836,-6.6244793,-8.498892,-8.755979,-7.313388,-8.287868,-10.4243765,-9.819893,-8.285883,-7.987402,-9.472487,-9.353924,-7.668815,-7.322387,-8.723662,-8.647133,-8.522572,-9.379615,-10.264622,-10.611069,-10.168534,-10.716095,-11.206355,-11.91419,-12.028748,-11.398737,-11.876656,-13.589657,-14.778513,-14.880434,-13.931848,-15.291758,-16.346056,-16.15781,-15.993514,-16.257652,-16.556929,-16.465319,-16.887867,-17.256073,-16.73392,-15.762154,-16.376663,-16.198029,-17.15006,-16.891912,-16.568916,-17.082407,-17.54847,-18.006573,-18.81945,-19.348156,-19.326454,-19.499641,-20.167473,-20.781555,-21.199253,-20.862074,-21.406353,-22.11877,-21.781769,-21.244545,-20.724838,-20.683773,-21.005316,-20.14807,-19.937338,-20.482103,-20.159645,-19.273733,-19.55343,-19.59524,-19.914938,-19.53444,-18.721466,-18.52982,-18.669367,-19.232443,-18.272888,-18.54154,-18.893288,-18.601212,-18.337036,-18.27899,-19.54327,-19.659407,-19.306576,-19.42157,-20.244125,-21.36845,-22.491543,-24.13008,-25.457275,-28.229666,-30.733421,-33.595566,-35.71625,-36.7837,-37.271572,-37.52137,-37.46224,-37.52201,-37.493587,-37.513664
sid5175-anchor-COSINE-7321-M_close_157.wav,29.560621,26.78251,21.688063,22.187765,14.308046,11.349492,11.427988,10.7641945,10.245396,9.897538,10.077519,10.336203,13.745819,13.527235,12.358785,10.70973,6.4131446,3.0651479,1.821147,1.4150333,-0.13577087,-0.46710715,0.9247072,1.1669767,0.36339843,-0.15491699,-2.960431,-2.7523932,-3.0262687,-1.8679727,0.97101444,-2.2944345,-1.3995097,-0.68180585,-0.91593295,0.54987,-1.4040658,-2.146875,-3.0923214,-3.231791,-4.189139,-4.9615617,-4.807335,-6.5562706,-6.1354456,-5.715668,-6.337051,-5.222062,-5.711615,-5.2615256,-3.9910724,-4.2557993,-3.0151486,-2.8184395,-2.9671645,-2.0344028,-2.2800407,-2.5875244,-3.0398936,-4.3984423,-6.0294876,-6.8894167,-8.461174,-9.899443,-11.134796,-12.6232195,-14.49085,-15.612667,-17.423262,-18.16983,-18.61272,-19.55128,-20.571415,-22.006107,-21.621916,-22.816547,-23.663656,-23.831646,-24.5416,-25.362608,-24.891712,-24.76218,-25.235561,-25.494326,-25.091562,-25.409985,-25.570927,-25.345705,-26.97014,-26.184341,-26.618898,-26.695251,-27.454857,-26.803885,-27.74271,-27.235123,-26.835693,-27.566355,-27.28125,-27.253338,-27.70645,-27.584965,-28.186636,-28.298458,-28.369465,-28.733656,-28.418863,-28.905813,-29.134275,-28.450127,-29.58781,-29.454271,-29.144268,-29.642422,-29.915668,-29.904167,-30.031631,-30.24493,-30.286346,-29.667667,-30.55038,-30.372921,-30.864464,-30.968378,-30.586914,-31.151045,-31.0301,-31.35928,-32.059242,-31.067654,-30.95769,-31.76034,-31.21517,-31.624224,-31.624231,-32.17592,-31.8966,-31.689419,-31.8923,-31.801203,-32.549408,-32.143772,-31.999596,-32.0743,-32.97254,-32.191944,-32.636894,-32.95493,-32.921173,-33.785374,-34.420284,-34.18618,-35.30114,-35.23493,-35.31936,-35.359837,-35.368225,-35.360313,-35.376987,-35.364956,-35.39074
sid3188-anchor-COSINE-3826-M_close_206.wav,9.62994,7.9299936,17.648754,22.544165,21.181986,20.401667,19.233715,18.291965,21.066225,20.760284,16.683958,14.984819,16.328606,14.469465,9.469138,5.7299657,5.4045467,4.2065578,1.01738,0.4893402,2.2133493,2.291893,0.62661695,-0.7627874,0.8138925,-0.3715555,-0.89083064,-1.6060462,-1.1613455,0.3761661,-0.37298268,-1.0866057,-2.1699162,-3.849193,-4.9213223,-4.948116,-5.0343246,-5.601106,-5.589338,-7.3444595,-8.220784,-8.304032,-8.717211,-8.639699,-8.315279,-8.446455,-8.486481,-9.134173,-9.820011,-8.764867,-9.5560055,-10.6469965,-11.577679,-13.434077,-14.247781,-14.925618,-15.336979,-16.681913,-16.82627,-17.04123,-18.321575,-19.472895,-19.84872,-19.865294,-20.035015,-21.20836,-20.832539,-20.530844,-19.76656,-19.377905,-19.367033,-18.323196,-18.263834,-19.214428,-20.505356,-22.118595,-23.729391,-25.15615,-24.352184,-24.900555,-25.35437,-25.27127,-25.573969,-25.831505,-25.915768,-25.86533,-26.570168,-26.404322,-25.854733,-26.898361,-27.636288,-27.850779,-27.188427,-27.909422,-27.75697,-28.50438,-28.45252,-27.656357,-29.168846,-29.047356,-29.413378,-28.60381,-29.094849,-28.884552,-29.467241,-30.06613,-29.62106,-30.235376,-29.978668,-30.46197,-30.352207,-31.013287,-31.379173,-31.31735,-32.475418,-31.988142,-32.174435,-31.689796,-32.280735,-31.64582,-32.53601,-32.69687,-31.755402,-31.713926,-32.388836,-32.4937,-32.45621,-32.235954,-32.468872,-32.315075,-32.750244,-31.780794,-32.290855,-32.255787,-33.626534,-32.573025,-32.0929,-33.434036,-32.687813,-32.84295,-33.245426,-33.227898,-33.1792,-33.70318,-33.635536,-34.311047,-33.37777,-34.673088,-34.74165,-35.379997,-36.666725,-36.586624,-37.4759,-37.592712,-37.832638,-37.877117,-37.890095,-37.90252,-37.912003,-37.89517,-37.920834
sid2789-noisy-COSINE-3381-F_array1_57.wav,28.758923,27.11971,19.44502,10.826731,5.9482484,4.9543214,3.1393912,0.5106237,3.3382723,9.456327,11.65194,10.217775,5.7077413,6.172052,8.577918,7.9914007,9.458067,8.634836,4.059514,0.8748176,-0.38219553,-0.011275996,0.69901794,-0.67434543,-3.9108067,-4.6538596,-4.4430447,-3.1895251,-3.3837514,-5.7973027,-8.004396,-7.0935383,-4.1819863,-3.4428391,-5.298615,-7.220542,-7.802847,-7.9884453,-7.6524234,-7.987378,-9.248228,-11.883559,-13.31381,-13.099737,-13.462459,-14.745288,-15.152617,-15.126263,-15.093989,-15.964698,-17.111609,-17.82698,-17.236597,-16.682722,-17.196033,-17.596848,-18.438646,-17.84799,-16.77621,-16.977299,-18.387936,-19.19918,-19.627121,-20.203884,-21.16414,-22.281382,-22.754097,-22.430971,-23.16355,-23.430088,-23.33606,-23.529133,-22.368893,-22.713638,-23.632637,-24.287882,-24.734806,-23.58934,-23.339102,-23.235624,-23.513508,-24.01188,-24.042322,-24.778248,-25.698698,-26.37044,-26.939953,-27.448326,-28.214228,-28.4404,-28.856762,-29.353876,-29.895727,-30.12761,-31.030426,-31.26748,-31.913368,-32.224915,-32.206615,-32.350132,-32.603344,-33.04936,-33.206,-33.54582,-33.27419,-33.37135,-33.538,-34.009434,-34.049915,-34.020878,-33.897343,-33.964954,-33.990158,-34.50553,-34.044758,-34.379078,-33.9201,-34.37107,-34.190628,-34.205467,-33.913326,-33.55306,-33.53599,-33.46479,-33.62384,-33.642193,-34.10664,-33.821625,-34.081306,-34.215717,-34.05216,-34.34734,-33.91201,-33.648342,-34.302174,-34.209328,-34.203903,-34.309708,-34.669327,-34.908478,-35.31407,-35.115627,-34.76819,-34.576527,-34.742348,-34.79886,-34.854702,-35.13301,-35.622486,-36.28321,-36.53112,-36.782654,-37.035236,-37.21529,-37.307747,-37.342594,-37.364456,-37.370094,-37.379814,-37.386402,-37.382587
