file,freqbin_0,freqbin_1,freqbin_2,freqbin_3,freqbin_4,freqbin_5,freqbin_6,freqbin_7,freqbin_8,freqbin_9,freqbin_10,freqbin_11,freqbin_12,freqbin_13,freqbin_14,freqbin_15,freqbin_16,freqbin_17,freqbin_18,freqbin_19,freqbin_20,freqbin_21,freqbin_22,freqbin_23,freqbin_24,freqbin_25,freqbin_26,freqbin_27,freqbin_28,freqbin_29,freqbin_30,freqbin_31,freqbin_32,freqbin_33,freqbin_34,freqbin_35,freqbin_36,freqbin_37,freqbin_38,freqbin_39,freqbin_40,freqbin_41,freqbin_42,freqbin_43,freqbin_44,freqbin_45,freqbin_46,freqbin_47,freqbin_48,freqbin_49,freqbin_50,freqbin_51,freqbin_52,freqbin_53,freqbin_54,freqbin_55,freqbin_56,freqbin_57,freqbin_58,freqbin_59,freqbin_60,freqbin_61,freqbin_62,freqbin_63,freqbin_64,freqbin_65,freqbin_66,freqbin_67,freqbin_68,freqbin_69,freqbin_70,freqbin_71,freqbin_72,freqbin_73,freqbin_74,freqbin_75,freqbin_76,freqbin_77,freqbin_78,freqbin_79,freqbin_80,freqbin_81,freqbin_82,freqbin_83,freqbin_84,freqbin_85,freqbin_86,freqbin_87,freqbin_88,freqbin_89,freqbin_90,freqbin_91,freqbin_92,freqbin_93,freqbin_94,freqbin_95,freqbin_96,freqbin_97,freqbin_98,freqbin_99,freqbin_100,freqbin_101,freqbin_102,freqbin_103,freqbin_104,freqbin_105,freqbin_106,freqbin_107,freqbin_108,freqbin_109,freqbin_110,freqbin_111,freqbin_112,freqbin_113,freqbin_114,freqbin_115,freqbin_116,freqbin_117,freqbin_118,freqbin_119,freqbin_120,freqbin_121,freqbin_122,freqbin_123,freqbin_124,freqbin_125,freqbin_126,freqbin_127,freqbin_128,freqbin_129,freqbin_130,freqbin_131,freqbin_132,freqbin_133,freqbin_134,freqbin_135,freqbin_136,freqbin_137,freqbin_138,freqbin_139,freqbin_140,freqbin_141,freqbin_142,freqbin_143,freqbin_144,freqbin_145,freqbin_146,freqbin_147,freqbin_148,freqbin_149,freqbin_150,freqbin_151,freqbin_152,freqbin_153,freqbin_154,freqbin_155,freqbin_156,freqbin_157,freqbin_158,freqbin_159,freqbin_160
sid4173-anchor-COSINE-5534-F_close_177.wav,0.0,0.0,0.0,0.0,0.0,0.0,-0.7256912870934811,0.0,-0.0184949460500618,0.0,0.0,0.0,0.0,-0.0127091056067162,-0.0277961120371492,0.0,0.0,0.6387223440157574,-0.0816128955344849,-0.0215174434407326,-0.1352761671949122,-0.0337308520282131,0.0,-0.0174153078503574,0.0,0.0154206766132576,0.0207525743632216,0.0247779453439156,-0.0399072363162789,0.0,0.0229693403818418,0.0334089210306773,-0.0085592505259778,0.0,0.0150373734687526,0.0109637883041644,0.0,0.0,0.0,0.0,0.0,0.0,0.0,0.0,0.0,0.0,0.0152560512501561,0.0,0.0,0.0,0.0,0.0,0.0,-0.0098120713242151,0.0,0.0,0.0,0.0,0.0127208209607475,0.0,0.0,0.0,0.0,0.0,0.0,0.0,0.0,0.0,-0.0214846656916562,0.0289832132178222,0.0,0.0,0.0130921131806868,0.0,0.0,0.0142303203964254,0.0102306666052293,0.0,0.0,-0.01731071058687,0.0,0.0,0.0,0.0,0.0,0.0,-0.0166738430269565,0.0,0.0,0.0,-0.0069558758485423,0.0,0.021312899766341,0.0,0.0,0.0,0.0,0.0,0.0,0.0,-0.0095114397363192,0.0,0.0,0.0,0.0,0.0,0.0,0.0,-0.0310137358173648,0.0,0.0,0.0165526584092718,0.0,0.0,0.0,-0.0150024282636671,-0.0176285376285976,0.0,-0.0146895478224204,0.0,-0.0200772857841272,0.0,0.0,0.0,0.0,0.0,-0.0264648405031482,0.0,0.0,0.0,0.0,0.0,0.0,0.0,0.0,0.0,0.0,0.0,0.0,0.0,0.0,-0.0094233281550818,0.0,0.0,0.0,0.0,0.0,0.0,0.0,0.0,0.0260758807989774,0.0,0.0204961863584464,0.0,0.0,-0.0143340763112353,0.0,0.0,0.0,0.0,0.0148010410836627
sid4757-anchor-COSINE-7000-F_close_113.wav,0.0,0.0,0.0,0.0,0.0,0.0062158240399223,0.0,0.0,0.0,0.0034852442809257,0.0,0.0,0.0,0.0,0.1406094309019525,-0.2380711377270707,-0.0778263028464906,-0.05522648690469,0.091202652652558,-0.0620007575884487,-0.0081202387477103,0.0,-0.0068182773614435,-0.0196222162335834,0.005659542705303,0.0177422878381409,0.0060812751349894,0.0420856379054686,0.0829180840190371,0.0,0.0306416817534064,0.0247774683866482,0.0,-0.0103822930911064,0.0,0.0,0.0,0.0,0.0,0.0,0.0,0.0,0.0,0.0,-0.0083612152518718,0.0108054795420217,0.0,0.0,0.0104333353432202,0.0,0.0,0.010165381787122,0.0,0.0,0.0,0.0037522296571206,0.0,0.0,0.0,-0.0110989377246125,0.0,0.0,0.0114015211440077,0.0,0.0096372886519599,-0.007773553338353,-0.007052519313368,0.0,0.0,0.0,0.0061300521399577,0.0,0.0,0.0,0.0,0.0078418740938517,0.0,0.0,0.0,0.0,0.0,0.0,0.0,0.0,0.0,0.0096470221097094,0.0,0.0078975024219565,0.0,0.0,0.0,0.0074741649756113,0.0,0.0,0.0,0.0,0.0,0.0,0.0,0.0045933421295165,0.0,0.0,0.0,0.0,0.0,0.0,0.006308539386869,0.0,0.0,0.0071118781795672,0.0049004260723147,-0.0100906199294769,0.0,0.0025490443929405,0.0,0.0,0.0,0.0,-0.0144805918355662,0.0,0.0066888863083905,-0.0116142013084656,0.0,0.0,0.0,0.0045944542637404,0.0092048567379306,0.0061635253703508,0.0,-0.0049839081524907,0.0,-0.007533461246431,0.0,0.0,0.0,0.0,0.0,0.0,-0.0097187926491481,0.0,0.0,0.0,0.0,0.0,0.0,-0.0118288361457601,0.0037412625056423,-0.0087352855091833,-0.0083649479881332,0.0,0.0,0.0,0.0,0.0,-0.0073841581937771,0.0,0.0,0.0,-0.006839535310094,-0.0057637430907015,0.0
sid3359-anchor-COSINE-3904-M_close_153.wav,0.0,0.0,0.0,0.0,0.0,0.0,0.0,0.0,0.0,0.0,-0.0052243162884009,0.0,0.1398625729152123,0.0,-0.17678917666202,0.0,0.0,0.0608746205010046,0.0536290706517177,-0.0512281694412644,0.0,0.0,0.0,0.0389616965885877,0.0182429711226691,-0.0053928551975515,0.0171881894366989,-0.0055216287810543,0.0286702217852265,-0.0358448105623581,0.0,-0.0058592146130762,-0.0027487786168387,0.0,0.0,0.0,0.014060680750768,0.0,0.0,0.0,0.0,0.0091591334577595,0.0,0.0,0.0,0.0,-0.0041905145590626,-0.0029626332327933,-0.0009071326117931,0.0,0.0,0.0,0.0,0.0,0.0,0.0,0.0,0.0,0.0,0.0,-0.0023742056138974,0.0,-0.0044642912215342,-0.0028445446326456,0.0,-0.0030426163129243,-0.0103218423094746,0.0,-0.0041202766404486,-0.0032485810081868,0.0,0.0,-0.0039867654202129,0.0,0.0,-0.0018256524268222,0.0,0.0,0.0,0.0,0.0,0.0,0.0,0.0,0.0,0.0,0.0,0.0,0.0,0.0,0.0,-0.0015495643464154,0.0,0.0,0.0,-0.0047455987369541,0.0,0.0,0.0,0.0,0.0,0.0,0.0,0.0,0.0,0.0,0.0,0.0,-0.002628011407574,0.0,0.0,-0.0029793558339992,0.0,0.0,0.0,-0.0143495138977935,-0.0112322563184896,-0.0058739229456717,0.0,0.0,0.0,0.0,0.0,0.0,-0.0099330374376564,-0.0024943875702991,0.0,0.0,0.0,-0.0049239128568722,-0.0047135278138219,0.0,0.0,0.0,-0.0047118406456433,-0.0045154133361666,-0.004524047396086,0.0,0.0,0.0,0.0,0.0,0.0,-0.0043760969472513,0.0,0.0,0.0,0.0,0.0,0.0,0.0,0.0,0.0,0.0,0.0,0.0,0.0,0.0,0.0,0.0,0.0
sid5417-noisy-COSINE-7408-M_array1_76.wav,0.0,-0.0121376709390233,0.0,0.0,0.0,0.0,0.0,0.0,0.0,0.0,-0.0064171799511873,0.0,-0.3643932225853578,0.0,0.0,0.0,0.2425250341083402,0.0,-0.065434007064746,0.0,0.0,-0.0689580358117793,0.0902656369057774,-0.036950183822872,0.02977649452312,-0.0352771901102385,0.0423081443244558,0.0,-0.0281568823924474,0.0,-0.0116222330115475,-0.052821078449513,0.0,0.0,0.0,-0.0149334174793439,-0.0083687137432268,0.0313615714024776,0.0,0.0,0.0,-0.0021124729535064,0.0,0.0,0.0,-0.0108557689428659,-0.0170759523653106,-0.0043584276058855,0.0,0.0,0.0,0.0,0.0,0.0,0.0,0.0,0.0149991248085604,0.0,-0.0079676684534064,0.0,0.0,-0.0026522826414766,-0.0067168256543244,0.0,0.0,0.0,0.0,0.0,-0.0132414575288413,0.0,0.0,-0.0049083978160364,0.0,-0.0072224446601264,0.0,0.0,-0.0084192558529237,0.0,0.0,0.0,-0.0072007698448809,0.0,0.0,0.0,0.0,0.0,0.0182140703564273,0.0,0.0,-0.0121180116530619,0.0,0.0,0.0,0.0,0.0,0.0,0.0,0.0,0.0,0.0,0.0,-0.0024520323076555,0.0,0.0,0.0,-0.0088506437128242,0.0,0.0,0.0,-0.0117644487211507,-0.0131305157343831,0.0,0.0,0.0,0.0,0.0,0.0,0.0,0.0,-0.0028599480343014,0.0,0.0,0.0,0.0,0.0,0.0,0.0,0.0,0.0,-0.0091900105976703,0.0,0.0,0.0,0.0,0.0,0.0,0.0,0.0,0.0,0.0,0.0,0.0,0.0,0.0,0.0,0.0,0.0,0.0,0.0,0.0,0.0,0.0,0.0,0.0,0.0,0.0,0.0,0.0,0.0,0.0,0.0
sid4331-clean-COSINE-5897-F_close_166.wav,0.0,0.0058488975298763,0.0055420058906803,0.0061990703575903,0.2148026357736878,0.0,0.0,-0.0091516930194076,0.0,0.0,0.0,0.0061645247389411,0.0,0.0,0.0,-0.2544630168432261,0.0,-0.1200689289450339,-0.0753638225755297,0.0,-0.1079152627163041,-0.0616293147338023,0.0,0.0,0.0,0.0,-0.0229445117775363,0.0553846117053851,0.0216789655313875,0.0,0.0544867885266402,0.0438980880668174,0.0202300819461932,0.0051298921722163,0.0,0.0,0.004484810594685,0.0,0.0,0.0302154764712817,0.0,0.0068795354494364,0.0,0.0,0.0,0.0,0.0,0.0,0.0043118117218853,0.0,0.0,0.0069604851950316,0.0060544326095648,0.0,-0.0139575043639921,0.0,0.0,0.0,0.0,0.0081942791301731,0.0,0.0,0.0,0.0,0.0039590951664342,0.0,0.0042309476777801,0.0033712381628406,0.0,0.0049699653910889,0.0,0.0024429493512412,0.0,0.0,0.0,0.0,0.0070433363138449,0.0,0.0,0.0,0.0,0.0048182556463847,0.0,0.0,0.0,0.0020748377148842,0.0,0.0,0.0,0.0,0.001813253230074,0.0,0.0,0.0,0.0013086777043137,0.0,0.0055010069266503,0.0,0.0,0.0040775549809041,0.0017685330245509,0.0,0.0,0.0,0.0,0.0038816337741593,0.0038856497720319,0.0,0.0,0.0,0.0,0.0077119176009476,0.0042888761851233,0.0,0.0006444406072491,0.0,0.0,0.0,0.0,0.0069883348394812,0.0039935548257048,0.0,0.0,0.0,0.0,0.0069632570465353,0.0172483053483003,0.0246301430153272,0.0146792766754779,0.0,0.0,0.0022256967855111,0.0,0.0078782332976981,0.0043812811012708,0.0068862282581253,0.0,0.0028574833282137,0.0103998288091421,0.0,0.0,0.0089594727504172,0.0011331689901537,0.0,0.0,0.0,0.0,0.0,0.0,-0.0108574419289459,0.003613732743498,0.0,0.0,0.0039988987348453,0.0,0.0,0.0,0.0,0.0,0.0,0.0
sid2144-noisy-COSINE-2828-M_array1_82-truncated.wav,0.0,0.0,0.0,-0.0108491587817804,-1.4504429297592705,0.0,1.1978813141373537,-0.1372892970111359,-0.05309134732011,0.0,0.0,0.0,-0.0724940829395024,0.0,0.0,0.0,0.0,0.0,0.0,-0.0221257197823103,-0.0393302812793069,0.0,0.0,0.0,-0.0296310195187797,-0.0538358259771925,0.0,0.0517469032876375,0.0,0.0,0.0,0.0,0.0,0.0,0.0,0.0,0.0,0.0,0.0,0.0,0.0,0.0,0.0,0.0,0.0,0.0,0.0,0.0,0.0,0.0,0.0,0.0,0.0,0.0,0.0,0.0,0.0,0.0,0.0,0.0,0.0,0.0,0.0,0.0,0.0,0.0,-0.0120026189612612,0.0,0.0,0.0,0.0,0.0,0.0,0.0,0.0,0.0,0.0,-0.031260532945971,0.0,0.0,0.0,0.0,0.0,0.0,0.0,0.0,0.0,0.0,0.0,0.0,0.0,0.0,0.0,0.0,0.0,0.0,0.0,0.0,0.0,0.0,0.0,0.0,0.0,-0.0058479733934582,0.0,0.0,0.0462603076516088,0.0,0.0,0.0,0.0,0.0,0.0,0.0,0.0,0.0,0.0,0.0,0.0,0.0,0.0,0.0,0.0,0.0,0.0,0.0,0.0,0.0,0.0,0.0,0.0,0.0,0.0,0.0,0.0,0.0,0.0,0.0,0.0,0.0,-0.01104300964915,0.0,0.0,0.0,0.0,0.0,0.0,0.0,0.0,0.0,-0.0206620092896581,0.0,0.0,0.0,0.0,0.0,0.0,0.0,0.0,0.0,0.0
sid5534-clean-COSINE-7551-F_close_96.wav,0.0,0.0,0.0069798307364278,0.0,0.0059208690954505,0.0,-0.0095294299449769,0.0,0.0,0.0,0.0147918868677135,0.0,-0.0009565108529998,0.0083374389517472,0.30709245734636,0.0,-0.4262518847507587,-0.0028120761152025,0.0,-0.0048306994913677,0.0065217462296499,-0.0848250670065042,-0.0378019646639019,-0.0096351065366327,0.0,0.0691549223513332,0.00964088234162,0.0,0.0,0.0,-0.006136457946664,-0.0096938282849094,-0.041067548211589,0.0,-0.011944395335277,-0.0140866126508321,-0.0748718404080568,0.0520609705903679,0.0077233829131701,-0.0194894887946678,0.0,0.0094863924802297,-0.0452628445727165,0.0084745191244596,-0.0289956329327044,-0.0051206146816826,0.0,0.0,0.0255389977192046,-0.0090474582235491,0.0,-0.0161950260231153,0.0,0.0,0.0,0.0,-0.0101291566189037,0.0,-0.0048408527145953,0.0,-0.0066530994416989,-0.022650415713764,0.0,0.0,0.0,-0.0060590333916996,-0.0051502276581827,0.0,0.0,0.005883361676764,0.0,0.0060344599488948,0.0086771955351699,0.0075742902207217,0.0,0.0,0.0149489593589779,-0.0142417902166541,-0.0098560675945486,0.0,-0.0059226176756837,0.0,0.009380821472111,-0.0074272394210446,0.0,0.0172869235869158,-0.0049057807774324,0.0,0.0,0.0,-0.0051518182283029,0.0,0.0,0.0023823870387541,0.0,0.0,0.0,0.0,-0.0116546608759891,0.0,-0.0133737954073917,-0.0090083112344694,0.0,0.0,0.0,0.0,0.0,0.017386499434031,0.0106341780137919,0.0,-0.0061572920048752,0.0118077527807511,0.0,-0.004974374654527,0.0,0.0,0.0071534431573965,0.0,0.0092246183877415,-0.0100933508582237,-0.0067701511257862,-0.0163912326935987,0.0,0.0190210120290822,-0.0105062056450088,0.0149838400042905,0.0,0.0,0.0,0.0,0.0081467728329848,0.0,0.0,0.0,0.0039134674510485,0.0124519487845753,0.0,0.0,0.0,0.0,-0.0169175544651102,-0.0077010916998038,0.0,-0.0034437554931201,-0.0023403678682069,0.0136722579105504,0.0110269913750405,0.0,0.0,0.0,0.0,0.0,0.0,0.0,-0.0270528919365277,-0.0188814709115887,-0.0075913789234187,-0.0147659638932206,0.0,0.0,0.0
sid2565-clean-COSINE-3231-F_close_65.wav,0.0,0.0062999869448652,0.0,0.0,0.0,0.0,0.0,0.0,0.0,0.0,0.0,0.1506405266564515,-0.2656366158762214,0.0,-0.1498089216354468,-0.0632899163550556,0.0060214776426129,0.0477506799757496,0.0,0.0,0.0,0.0,-0.061700081936115,-0.0503551895623076,0.0,-0.0429823953146344,0.0,0.0465649929647646,-0.0127426120033168,0.0250221216523118,0.0,0.0,0.0,-0.0131549566744716,0.0,0.0,0.0082554891931342,0.0,0.0015392459723459,0.0139717467704183,0.0,0.0088573128671525,0.0,0.0026847591884365,0.0072586011199629,0.0,0.0,-0.0081950996369927,0.0,0.011393114719933,0.0,0.0,0.0,0.0,0.002844656339252,0.0,0.0,0.0,0.0,0.0,0.0,0.0,0.0,0.0,0.0,0.0,0.0069948069582691,0.0,0.0054560860283074,0.0,0.0044208656319938,0.0,0.0,0.0,0.0,0.0,0.0,0.0041991928452098,0.0,0.0,0.0,0.0,0.0,0.0,-0.0072610914649496,0.0,0.0037331690920219,0.0,0.0,0.0,0.0,0.0032752078078447,-0.0084071421694543,0.0,0.0,0.0,0.0,0.0,0.0,0.0,0.0047734795983762,0.0,0.0,0.0,0.0,0.0,0.0,0.0,0.0,0.0,0.0,0.0,0.0,0.0,0.0,0.0,0.0,0.0,0.0,0.0061697230520587,0.0023256005809663,0.0,0.0,0.0,0.0,0.0,0.0,-0.0075910304422956,0.0,0.0,0.0,0.0,0.0018974915494758,0.0,0.0,0.00462809487038,0.0,0.0,0.0,0.0073296426116784,0.0,0.0069657183505789,0.0,0.003799386898377,0.0,0.0035524903082651,0.0,0.0,0.0,0.0,0.0,0.0,0.0,0.0,0.0,0.0,0.0,0.0,0.0,0.0,0.0
sid3543-clean-COSINE-3904-M_close_91.wav,0.0,-0.0096416083380014,0.0,0.0,0.0,0.0,0.0,0.0,0.3007375488184484,0.0106490816037242,-0.2432803534615226,0.0,0.0,0.0154958239530957,0.0,0.0700100391563175,-0.0186356987937263,0.0,0.0,0.0,0.0,-0.0108477298816061,-0.043807518270629,0.0407370288894145,0.0,-0.0118911216744706,-0.0071985971372777,0.0,-0.0456574810650292,0.0,0.0135516146442022,0.0,0.0521787146525606,0.0,0.0,-0.0082337974036831,0.0026446248130185,0.0,0.0,0.008587423165958,0.0138256644733235,0.0303327712657851,0.0259207387207999,0.0,0.0,0.0,0.0,-0.0086942012456833,0.0,0.0,0.0,-0.0147662054093932,0.0,0.0,0.0,0.0,0.00693950167103,0.0,0.0,0.0,0.0,0.0,0.0079051391055405,0.0048267420172241,-0.0048749120543915,-0.0083269266471695,0.0,0.0,0.0,0.0,0.0,0.0,0.0,0.0,0.0,0.0,-0.0086391788011966,0.0,0.0064771909410019,0.0,0.0078144133785727,0.0,0.0,0.0,0.0,0.0122038655637047,-0.0117166228835221,0.0,0.0,0.0,0.0,0.0,0.0,0.0,0.0059939970147099,0.0,0.0,0.0,0.0,0.0067449990457118,0.0,0.0,0.0,0.0,0.0,0.0,0.0,0.0,0.0061743034387519,0.0,0.0,0.0,0.0051425097586296,0.0,0.0,0.0,0.0,0.0122959075673045,0.0132503303455477,0.0105434466298443,-0.0184885934816034,0.0,-0.01177049970335,0.0,0.0,0.0,0.0062271457765155,0.0112894257016913,0.013486305758717,0.0,0.0,0.0,0.0,0.0,0.0,-0.0062415106000454,0.0,-0.0076844247893959,0.0,0.0,0.0,0.0051066456279424,0.0,0.0,0.0034723092073667,0.0,0.0,0.0,0.0,0.0,0.0,0.0,0.0,0.0,0.0,0.0,0.0,0.0,0.0,0.0,0.0
sid0876-clean-COSINE-1399-F_close_260.wav,0.0,0.0,0.0680435973969607,0.0,-0.002073795455021,0.0,0.0,-0.0025677098252998,0.0,0.0,0.0,0.0,-0.1542185989355392,0.0,-0.0023623098439822,0.0,0.0,0.0881937041595313,-0.103751771514318,0.0,0.0,-0.0465587651770582,-0.0045559269649445,0.0,-0.004709782334362,0.0,-0.0201305294713066,-0.014334823734664,0.0403513798937133,-0.0318103831847877,-0.0082433429326713,-0.0055126809072703,0.0,-0.0052251788147434,0.0,-0.0101137927839823,0.0242098255734562,0.0,-0.0117677752805228,0.0,0.0,0.0170226855445069,0.01077276852292,0.0,0.0,-0.0075954205059928,-0.004785436867914,-0.0072967770103478,0.0,-0.0075449767786379,0.0,0.0,0.0,0.0,0.0,0.0,0.0,0.0,0.0,0.0,-0.0042769961618262,-0.0022549095684376,0.0,0.0,0.0,0.0,0.0,0.0,0.0,0.0,0.0,0.0,0.0,-0.0051100597289588,0.012490281826524,-0.0034446756106168,0.0,0.0,0.0,0.0,0.0,0.0,-0.0044500297135961,0.0,-0.0031127965626359,0.0,0.0,0.0,-0.0023989885534486,-0.0029844795879849,0.0,0.0,0.0,0.0,0.0,-0.0053460416608592,0.0,0.0,0.0,0.0,0.0,-0.001734240559547,-0.002982169705729,0.0,0.0,0.0,0.0,-0.0056674987932799,0.0,-0.0025080467105842,-0.0108931332928892,0.0,-0.0021193662455401,0.0,0.0,-0.0032891572362546,0.0,0.0,0.0,0.0,0.0,0.0,0.0,0.0,0.0,0.0,0.0,0.0,0.0,0.0,0.0,0.0,-0.0019103133343338,0.0,-0.001751806127965,0.0,0.0,0.0,0.0,0.0,0.0,0.0,0.0,0.0,0.0,0.0,0.0,0.0,0.0,0.0,0.0,0.0,0.0,0.0,0.0,0.0,0.0,0.0,0.0,0.0,0.0
sid5659-noisy-COSINE-8112-F_array1_59.wav,0.0,0.0,0.0,0.0,0.0,0.0,-0.1431678384405209,0.0,0.0,-0.1006439271018998,-0.0490186421537365,-0.0276321837973224,0.0496217895202309,-0.0485516592540944,0.0,0.0,0.0,-0.0624259969626891,0.0496902897003719,0.0,0.0,0.0,0.0,0.0,0.0,0.0,0.0,0.0,0.0247805714744687,0.0,-0.0090826798751021,0.0,0.0,0.0,0.0,-0.0070281688590027,0.0,-0.0067916724044089,-0.0091326474028862,-0.0066858783032652,0.0,0.0,0.0,0.0,0.0,-0.0085196281984961,0.0,0.0,-0.0069572517361225,0.0,0.0,0.0,0.0,0.0,0.0,0.0,0.0,0.0,0.0,0.0,0.0,0.0,0.0,0.0,0.0,0.0,0.0,0.0,0.0,0.0,0.0,0.0,0.0,0.0,0.0,0.0170715531559239,0.0,0.0157579045735386,0.0,0.0,-0.0062266061173617,-0.0078968811623919,0.0,0.0,0.0,0.0,0.0,0.0,0.0,0.0,0.0,0.0,0.0,0.0,0.0,0.0,0.0,0.0,0.0,0.0,0.0,0.0,0.0,0.0,0.0,0.0,0.0,0.0,0.0,0.0,0.0,0.0,0.0,0.0,0.0,0.0,0.0,0.0,0.0,0.0,0.0,-0.0045613102683516,0.0,0.0,0.0,0.0,0.0,0.0,0.0,0.0,0.0,0.0,0.0,0.0,0.0,0.0,0.0,0.0,0.0,0.0,0.0,0.0,0.0,0.0,0.0,0.0,0.0,0.0,0.0,-0.0059174223289594,0.0,0.0,0.0,0.0,0.0,0.0,0.0,0.0,0.0,0.0,0.0
sid5793-anchor-COSINE-9472-F_close_7.wav,0.0,0.0,0.0,0.0,0.0,0.0,0.0,0.0,0.0,-0.0765098580121123,0.0,-0.0409765048618288,0.0,-0.0976801858232445,-0.0325716781540973,0.0,0.0371082055216783,-0.0760223538682933,-0.0390364831963731,-0.032901805345281,0.0,0.040309772803233,0.0,0.0250618394314242,0.0,0.0112558419782335,0.0,0.0,0.0,0.0108970882983101,0.0,0.0,0.0,0.0,0.0177831505617701,0.0,0.0,0.0,0.0,0.0,0.0124413034007779,0.0,0.0,0.0,0.0,0.0,0.0,0.0081416342697155,0.0,0.0,0.0,0.0,0.0,0.0,0.0,0.0,0.0,0.0,0.0,0.0,0.0,0.0,-0.0065191244594097,0.0,0.0,0.0,0.0,0.0,0.0,0.0,0.0,0.0,0.0,0.0,0.0,0.0,0.0,0.0,0.0,0.0,0.0,0.0,0.0,0.0,0.0,0.0,0.0,0.0,0.0,0.0,0.0,0.0,0.0,0.0,-0.0057052306296896,-0.0213563507001612,-0.012268554127841,-0.0102523333648438,0.0,0.0,0.0,0.0,0.0,-0.0088893636458636,0.0,0.0,0.0,-0.0053710437293627,0.0,0.0,0.0,0.0,0.0,0.0,0.0,0.0,0.0,0.0,0.0,0.0,0.0,0.0,0.0,0.0,0.0,0.0,0.0,0.0,0.0,0.0,0.0,0.0,0.0,0.0,0.0,0.0,0.0,0.0,0.0,0.0,0.0,0.0,0.0,0.0,0.0,0.0,0.0,0.0,0.0,0.0,0.0,0.0,0.0,0.0,0.0,0.0,0.0,0.0,0.0,0.0,0.0
sid0853-anchor-COSINE-1399-F_close_234.wav,0.0,0.0,0.0070147369134266,0.0,0.0,0.0,0.0,0.0063511300582244,-0.0101933439007617,0.0475753404386756,0.0097904516074447,0.0,0.0,-0.0771781196747648,0.0,0.0,0.0,-0.0192122356923818,-0.0811572166729764,0.0945001732900465,0.0,-0.3365211909073249,-0.0345705384109999,-0.0468118489749835,0.0,0.0744963266679749,-0.0807678172918504,0.0,0.0,-0.0083871154284079,0.0278800798393934,0.0467486802247079,-0.0072573628020444,0.0,0.0,0.0,0.0400745253283015,-0.0086767830862399,-0.0092569736811991,0.0,0.0041862218150689,0.0142191273332526,0.0,0.0,-0.0336319954670018,0.0,-0.0118169090115017,0.0,-0.0085973407713061,0.0,0.0,0.0,0.0,0.0126703848040916,0.0,0.0,0.0,0.0,-0.0115196134109892,0.0,0.0,0.0,-0.0128653906912189,-0.0019475501182762,0.0,0.0,0.0,-0.0070625412129911,0.0,0.0,0.0134878889058647,0.0,0.0156511953159069,0.0,0.0,0.0,-0.0051954400937661,0.0,0.0,0.0058612994949748,-0.0038179076611755,0.0,0.0108794854180496,0.0020390496058341,0.0,0.0,0.0494845245955657,0.0226649323921758,0.0110534544957413,0.0,0.0108815086672322,0.0070705493075207,0.0,-0.0064352779847288,0.0049207555583958,-0.0048731918344252,0.0,0.0,0.0,-0.0116087325231931,0.0,-0.0206268301076003,0.0039144848341764,0.0,0.0,-0.0087272301933361,0.0,0.0,-0.0123110035518825,-0.0076503592555852,0.0,0.0170888993811011,0.0,0.0,0.0,0.0,0.0,0.0,0.0,0.0,-0.0088399450940899,0.007740844199908,0.0066696944546008,0.0045377963669158,0.0,0.0,0.0,0.0,-0.0042543775306703,0.0055502075006252,0.0122032073829048,0.0095507040405898,0.0,0.0,-0.0126474998994522,0.0,0.0,0.0,0.0058240365343679,0.0112966367458628,-0.0067453147891955,0.0,0.0,-0.0150719202383189,0.0,0.0,0.0082645583325922,-0.0082182394849177,0.0,0.0104397187021501,0.0,0.0,0.0,-0.0034910972649285,0.0,-0.0064902293598822,0.0083664994563962,0.0101091287104482,0.0,-0.0116626625059445,0.0
sid1464-clean-COSINE-2406-F_close_103.wav,0.0,0.0,0.0,0.0,0.0,0.0,0.0,0.0,0.0,0.0,0.0,0.0,0.1006332239025335,0.0,0.0,-0.1560546070679556,-0.1109182167165716,0.0,0.0,0.0185510143584573,-0.1357992137120601,-0.040531936936823,-0.0085148849238124,0.0335938057935746,-0.0497731311979611,0.0186599325369884,0.0169963930718147,0.0292732065623003,0.0,0.0160674859560401,-0.0201801471489506,0.0,0.0,0.0071430553004445,0.0239345095166481,0.0,0.0,0.0,0.0,0.0,0.0,0.0,0.0,0.0,0.0,0.0,0.0,0.0,0.0,0.0,0.0,0.0,0.0,0.0,0.0,0.0,0.0,0.0,0.0,0.0,0.0,0.0,0.0,0.0,0.0,0.0,0.0,0.0,0.0,0.0,0.0,0.0,0.0,0.0,-0.0129264641002099,-0.0079747084157939,0.0,0.0,0.0,0.0,0.0,-0.0105140279326284,0.0,0.0,0.0,0.0,0.0,0.0,0.0,0.0,0.0,0.0,0.0,0.0,0.0,0.0,0.0,0.0,0.0,0.0,0.0,0.0,0.0,0.0,0.0,0.0,0.0088024474298578,0.0053384356900005,0.0,0.0,-0.0133378365782713,0.0,0.0,0.0,0.013323795192505,0.0108942141000485,0.012804116388342,0.0054690794074049,0.0,0.0,0.0,0.0,-0.0067968760004532,0.0,0.0,0.0,0.0055277251956481,0.0,-0.0084657670140726,0.0,0.0,0.0,0.0091788568410331,0.0,0.0041848866723181,0.0074610644636718,0.0,0.0,0.0,0.005104672383793,0.0,0.0,0.0,0.0,0.0,0.0,0.0,0.0,0.005841109478058,0.0,0.0,0.0,0.0,0.0,0.0,0.0042175226801674,0.0,0.0,0.0,0.0,0.0
sid0018-noisy-COSINE-0100-M_array1_116.wav,0.0,0.0,0.0157170572746939,0.0,0.0,-0.009494084518049,0.2624325412042486,0.0,0.0,-0.0104856239744725,-0.0080576013664664,0.0,0.0,0.007486327875534,-0.273005003081329,-0.0042992309665231,0.0,-0.0046837083513341,-0.042001308653155,0.0,0.0064712359652487,0.0,0.0,0.0,0.0954777398389282,0.0,-0.0307027827822549,-0.0152870233179098,0.012122702433203,-0.0080292447677911,0.0,-0.0605285782006411,0.0499311569156541,0.0,-0.009009942345206,-0.0097096504843852,0.0,-0.0547652981505861,0.0,0.0,0.0,0.0189230315484578,-0.0263657431642847,0.0,-0.008428138078675,0.0,0.0320759824619284,0.0,0.0120335885495603,0.0,-0.0075993267177022,0.0,-0.0206089844094103,-0.0239507424689046,0.010132898364386,0.0,0.0,-0.007095341042479,-0.0209776797916135,-0.0108116746816013,-0.0061458395893535,0.0,0.0,0.0,0.0148997419378384,0.0,0.0,0.0095643077015993,0.0072791586794302,0.0054286800021718,0.0,0.0,0.0,-0.0088641277801739,0.0,-0.0103190419673155,0.0,0.0,0.0,-0.0083705629500996,0.0,-0.0225278980809225,-0.0128630437104763,-0.0053694732634289,0.0,0.0,-0.0106194160424938,-0.0081296957693208,-0.0053707281960839,0.0,-0.0060136637958684,0.0,0.009500085684504,0.0,0.0114702755596093,0.0,-0.0130708329367006,0.0,-0.0040038897708241,0.0,0.0059368847588523,0.0,0.0,-0.0083377231775543,-0.0024002628149265,0.0,0.0,0.0,0.0077979522110893,0.0,0.0,0.0,-0.0078760525781346,0.0,-0.0078279755946407,0.0165073700394928,-0.0104578396030886,0.0,0.0195992659703141,0.0,0.010016293098978,-0.0085194925435234,0.0,0.0086329426313136,0.0,0.0,0.0,0.0150658394827402,0.0132078338146646,0.0,0.0104984154995089,0.0,0.0,-0.0156049759053738,-0.0087546237728949,0.0,-0.009493740713651,0.0,0.0,0.0,0.0080155815807302,0.0,0.0,0.0,0.0,-0.0148334203225892,-0.0152530650689698,-0.0104190868739039,0.0,0.0,0.0,0.0,0.0108857157284938,0.0,0.0,0.0,0.0,0.0,0.0,0.0,0.0
sid4928-clean-COSINE-7000-F_close_88.wav,-0.0032889897923696,0.0,0.0,0.0,0.0,0.0074907734017643,0.004428891051731,0.0,0.0,0.0,0.0113070058880561,0.0,0.1465138623741875,0.0,-0.0034337036500698,0.0,-0.2542287152595524,0.0048375649027819,0.0,0.0,0.0,-0.0007232899560287,0.0,-0.061154288880505,0.0044697811185297,-0.0237402492543209,-0.0071636330175155,0.0052067414154687,0.0,0.0077887583012966,0.0135607290264132,-0.0031824028834776,0.0,0.0,-0.0013236371086637,0.0465336447894174,-0.0509624509975202,0.0055195907829208,-0.0043428578730258,-0.0030964896446959,0.0,-0.0170857183650169,-0.0301055462425156,0.0440832212804469,0.0,-0.0048713405851166,0.019762741545366,-0.0175971740999861,0.0,0.0,-0.0092123674873514,0.0,0.0,0.0132173923608842,0.0083782457417964,0.0,0.0,-0.005037924613908,-0.0098932091304464,-0.0120945239592463,-0.0067607890975135,0.0,-0.0097797021018448,-0.0103642637931307,0.0,0.0062675147727944,-0.0042887482762097,-0.0059848048457099,0.0,0.0,0.0,0.0,0.0093385780765664,0.0084715516978317,-0.0043880251497641,0.0038393630504715,-0.0019795289263768,0.0077126110281943,0.0,0.0,0.0,-0.0060904405217003,-0.0069403425716995,-0.005269394361223,0.0,0.0,0.0,-0.0077342180406623,-0.008024034581776,0.0,-0.0036002286291485,0.0,0.0044213469247346,-0.0098110744602895,-0.0050393925092607,-0.0017433676278181,0.0,0.0,0.0,0.0,-0.0045163232535619,0.0,0.0,0.0,0.0,-0.004940189028766,0.0,0.008426883565,-0.0043795581210984,0.0,0.0073381805759723,0.0,0.0154411782333479,0.0,0.0,0.0,0.0,-0.0060354093384028,-0.0050442380611019,0.0,0.0,0.0,0.0077290008099895,0.0,0.0,0.0,0.0,0.0056340063722167,0.0,-0.0090582036581274,0.0,0.0079320021737796,0.0046732342298995,0.0,0.0,0.0,0.0,-0.0102875048852257,0.0053317199450393,0.0057958233319117,0.0,-0.0052799730697391,-0.0036943040405594,0.0,0.002244610653536,0.0036295647903129,-0.0033927413326086,0.0,-0.0022760892586114,0.0,0.0,0.0,0.0,0.0,-0.0076155278975939,0.0,-0.0067996514935716,0.0,0.0,0.0,0.0113321602936808
sid1434-anchor-COSINE-2145-F_close_75-truncated.wav,0.0,0.0,0.0,0.0,0.0,-0.0128499622723897,0.0,0.0122474718463224,-0.6637492209710917,0.0,0.0,0.6384245745259135,0.0,0.0,0.0,0.0,0.0,0.0,0.0,0.0,0.0,-0.1142987016855652,-0.1582006343352157,-0.051525817757181,-0.0837927580124529,-0.075746340801039,0.0191318767235883,0.0,0.0396898042553327,0.0327996384973722,0.0,0.0168109348213573,0.025444968029806,0.0,-0.0217505186908415,0.0,0.0,-0.0231753000840333,0.0007964488294417,0.038635036326072,-0.0121357846374214,0.0,0.0330981527458087,-0.0193687868177628,0.0317093838730641,0.0116538695752243,0.0316272752524882,0.028794265067882,0.0351843545117684,0.0,0.0,0.0,0.0,0.0,0.0,0.0,0.0139469645819121,0.0,0.0,-0.0122672352986879,0.0,-0.0182497601521438,0.0,-0.0215366621249736,0.0,0.0,-0.0221048426486866,0.0240308166056595,0.0,0.0,-0.0127392013379825,0.0,0.0,0.0224952868311768,0.0,-0.0153198822450974,0.0,0.0142453080898452,0.0147666802178967,0.0,0.0,0.0,0.0,0.0,0.0,0.0,0.0,0.0,0.0,0.0,0.0,0.0124763540124004,0.0,0.0153945274605904,0.0,0.023862278422354,0.0,0.0,0.0,0.0,-0.0197604346541117,0.0,-0.019510239269141,-0.0110173295743122,0.0,-0.0114514797158128,0.0,0.0,0.0,0.0,0.0,0.0,0.0,0.0,0.0,0.0,0.0118036001607419,0.0,0.0,0.0,-0.0283284142943272,0.0,0.0,0.0114625504448577,0.0195120162137672,0.0,0.0,0.0,0.0,-0.019426552424467,0.0,0.0,0.0,0.0138269230531393,0.0,0.011911389598747,0.0,-0.0167134223427524,0.0,0.0,0.0,0.0,-0.0155379557263281,0.0,0.0,0.0,0.0158345916171625,0.0,0.0,0.0,0.0,-0.0144817213625466,-0.0265660094970756,0.0,0.0,0.0,0.0,0.0,0.0132112507711786,0.0,0.0
sid2677-anchor-COSINE-3277-F_close_45.wav,0.0,0.0,0.0,0.0,0.0,0.0,-0.0100678941814006,-0.0078581628415103,0.0129827224364373,0.0,0.0,0.0,0.2766302062756485,0.0,-0.0073533227177252,-0.3236276938655327,0.0,0.0,0.0,-0.0398152365129207,0.0,-0.0203311766198689,0.0641114528899024,-0.0037221965057136,0.0,-0.0423444480959335,-0.0370493716670319,0.0089263645094737,-0.070949204343173,0.061981635135638,-0.0079122219056315,-0.010413877857775,0.0,-0.0083584677599014,-0.0246182207839205,0.0,0.0,0.0,-0.0144136619657651,0.0180237138266705,0.0,0.0,-0.0079998977338046,-0.0133359438676724,-0.0137728028369678,0.0,-0.0273888888688878,-0.0088315484742099,0.0,0.0,-0.0088087360594814,0.0173834336821424,0.0,0.0,0.0104447244931958,0.0,0.0,0.0,-0.0032727054311718,0.0079019878060344,0.0,0.0,0.0,0.01700298094996,0.0137299382767314,0.0,0.0,0.0084380674073888,0.0,-0.0083361511530993,0.0,0.0,0.0163616248909644,0.0,0.011380301767739,0.0,0.0,0.0,0.0,0.0,0.0,-0.0091327458716828,0.0,0.0,0.0,0.0,0.0,0.0,0.0,0.0,0.0,0.0110075589449009,0.0,0.0,0.0,0.0,0.0,0.0,0.0,0.0,0.0,0.0,0.0,0.0,0.0,0.0,0.0,0.0,0.0,0.0,0.0,-0.0100846350613919,0.0,0.0,0.0,0.0093516470064922,0.0090372816449228,0.0,-0.0129644102288441,-0.0223493460790284,0.0,0.0,0.0,-0.0241107831015947,0.0080045465286669,-0.0087456699942356,0.0,0.0,0.0111650017679675,0.0,0.0,0.0,0.0,-0.0146103107065778,0.0102686894137507,0.0,0.0081311723302765,0.0,-0.0080889388398091,0.0,0.0,0.0,0.0142920205581005,0.0,0.0,0.0088678599315684,-0.0092868151305611,0.0,-0.0074368810140195,0.0,0.0,0.0,0.0,0.0,-0.0070675637132583,0.0,0.0,0.0,0.0,0.0,-0.0069961371972266
sid2882-anchor-COSINE-3792-F_close_150.wav,0.0,0.0,0.0,0.0,0.0,0.0,0.0,0.0085065361428626,0.0,0.0,0.0,0.0,0.0,0.0,0.0,0.1516098503804105,0.0,0.0,0.0,0.0,0.0,0.0,0.0,0.0077750060393803,0.0,0.0,0.0064697410987462,-0.1859381873859264,-0.0931691983636452,0.0294335072642798,-0.1610823412018862,-0.0458690510975459,-0.0358384720844322,0.0,0.0068567088095542,-0.0310581631842034,0.0,0.0141939391089556,0.017737669489936,0.0,0.0084539527811359,0.0,0.0046311944881858,0.0,0.0,0.0046491771152926,-0.0169418526295829,0.0111030476053375,0.0,0.0,0.0,0.0,-0.0188115874812555,0.0164123878300951,0.0189120265041083,0.0159749515429017,0.0487491239789637,0.0397807577926913,0.0,-0.0082498684524511,-0.0103657845520213,-0.0255629446284485,-0.0158931550710751,-0.0149871503580644,0.0,0.0,0.0,0.0,0.0,0.0,0.0,0.0109674411358636,0.0,0.0,0.002497710304666,0.0,0.0,0.0,0.0,0.0,0.011145523971278,0.0,0.0,0.0061707748857366,0.0,-0.0078382247252727,0.0,0.006460886486164,0.0066086784935754,0.0,0.0,0.0,-0.005274047672384,0.0059711870181001,0.0040031234234009,0.0,-0.0092335567685047,0.0,0.0,0.0,0.0,0.0,0.0,0.0,0.0,0.0,0.0048783215758289,0.0,0.0,0.0,0.0,0.0,0.0,0.0055822220201283,0.0,0.0,0.0,0.0,0.0,0.0,0.0,0.0,0.0,0.0,-0.0100981182608885,-0.0062063837214316,0.0,0.0,0.0,0.0,0.0,0.0052810379872465,0.0,0.0,-0.0054555978557823,0.0,0.0,0.0063496384569538,0.0,-0.004970918062384,0.0,0.0,0.0,0.0,0.0,0.0,0.0,-0.0063645068150828,0.0,0.0061979406104829,0.0,0.0065023369340615,-0.0076051050051279,0.0,0.0,-0.0101638258754289,0.0,0.0,0.0,0.0,0.0
sid4646-noisy-COSINE-6463-F_array1_296.wav,-0.0111487238557837,0.0,0.0,0.0,0.0,0.0,0.0,0.0,-0.4328275861729694,-0.0026888841241067,0.0,-0.0100609612524123,0.837599089571123,0.0,0.0,-0.0907466735373135,-0.3524467347355279,-0.0587318285264257,0.0,-0.0275541570738456,0.0,-0.0180766539530183,-0.0280862129253109,0.0,-0.0417978911074352,-0.0260332017376839,-0.0342764049327185,0.0,0.0,0.0,-0.0224656314093445,0.0,0.0,-0.0055586999638358,0.0,0.0,0.0,-0.0051213414428109,0.0,-0.0038563676392243,0.0,-0.0087206617556596,0.0,0.0,0.0,0.0,-0.0120668083713344,0.0,0.0,0.0,0.0,0.0,0.0,0.0,0.0296367436006546,0.0,-0.0159776458869455,0.0,0.0,-0.0039195273715013,-0.0134550971263619,0.0,0.0,0.0,0.0,0.0,0.0220627004670438,0.0,0.0,-0.0037443804320464,-0.0060201769068336,-0.006202028651645,0.0,0.0,0.0,0.0,0.0,0.0,0.0,-0.0107655559366464,0.0,0.0,0.0,0.025046345779542,-0.0026094412388357,0.0,0.0,0.0,0.0312017149689491,-0.0026180729713139,0.0,-0.0147623065366392,0.0,-0.0033900239169433,-0.0190770581593371,0.0,0.0,-0.0127745991108092,0.0,0.0,-0.0098689569734795,0.0206430224100617,0.0,0.0,0.0,0.0,0.0321049231598821,-0.0033097404115091,0.0,0.0,-0.0053134678586555,0.0,0.0029011886884601,0.0,0.0,0.0,-0.0050846501968912,-0.0140599694062533,-0.0129104504121503,0.0,-0.0051038417480165,0.0,0.0,0.0,0.0,0.0,0.0,-0.0089480593828666,-0.0090929055793882,0.0,0.0,0.0,0.0,0.0,0.0,0.0,0.0,0.0,0.0,0.0,-0.0073968736711091,0.0,0.0,0.0,0.0,0.0,0.0,0.0,0.0,0.0,-0.0008669871119456,0.0,0.0,0.0,0.0,0.0,0.0,0.0,-0.0245277736680003,0.0,0.0
sid3769-anchor-COSINE-5219-M_close_54.wav,0.0,-0.0023460572651324,0.0,0.0,0.0,-0.0016732904112828,0.0,0.0,0.0,0.0,0.0,0.0,-0.0059171965261255,0.0,0.0,0.0,-0.279707691944244,0.2697385468953375,0.1890971252196643,0.0323521690241325,0.0,-0.0062986814248411,0.0,0.0427531151296035,0.0148894675163638,-0.050716395647493,-0.0228436158703629,-0.0569033987200859,-0.0455060264690266,-0.02957487693462,-0.0223892440222801,0.0,0.0,-0.0062702728168795,-0.0339825414519301,-0.0212026046883797,-0.0050004827068501,0.0,0.0130371329291809,0.0,0.0,0.0,-0.0084253849916582,-0.0071350421720568,0.0,0.0,0.0,0.0,0.0,0.0,0.0,-0.01105249017015,0.0,0.0159343868496168,0.0,0.0,0.0,0.0,0.0,0.0,0.0,0.0,0.0,-0.0118363632628228,-0.0072863468581286,-0.0223505978837029,0.0,-0.0031611378037243,0.0,0.0,0.0,-0.006132199082795,-0.0091795104544704,0.0,-0.0048858062280975,-0.0068732709374009,0.0,-0.0063578255280979,-0.0050949379359961,-0.0110241470208462,-0.0049161991466788,0.0,0.0,0.0,0.0,-0.004257023866679,0.0,0.0,0.0,-0.0017800792750897,-0.0024936142297267,0.0,0.0,0.0,0.0,0.0,0.0,0.0,0.0,0.0,-0.0071736920108761,0.0,0.0,0.0,0.0,0.0,0.0,0.0,0.0,0.0,0.0,0.0,0.0,-0.0056241805127413,0.0,-0.0073346220836878,0.0,-0.0066884316438421,0.0,0.0,0.0,-0.0019795877136706,-0.0258788778265373,0.0,0.0,0.0,-0.0086658004520099,0.0,0.0,0.0,0.0,0.0,0.0,-0.0061698714584946,-0.0097970401707228,0.0,0.0,-0.0028537771558571,0.0,0.0,0.0,0.0,0.0,0.0,0.0,-0.0056749466044451,-0.0067928097468935,-0.0069450216646794,0.0,0.0,0.0,0.0,0.0,0.0,0.0,0.0,-0.0055430610241855,-0.0021496499904279,-0.0040056343918754,0.0,0.0
sid4469-anchor-COSINE-6463-F_close_12.wav,0.0,0.0,0.0,0.0,0.0,0.0,0.0,0.0,0.0,0.0,-0.3396361949176216,0.0,0.1860166763134275,-0.1003684966061468,-0.0573853207904438,-0.1603251959895997,-0.0571943738664207,-0.0440276589958597,0.0,0.0986894833403135,-0.0318069872347983,-0.0164984290174263,0.0,0.0359801800399805,0.0,0.0,0.0,0.0,0.0,0.0,0.0,-0.004649795684617,0.0,0.0,0.0,0.0,0.0,0.0,0.0,0.0,-0.0031395080616241,0.0,0.0,0.0,0.0,0.0,0.0,0.0,0.0,0.0,0.0,0.0,0.0,0.0,0.0,0.0,0.0,0.0,0.0,-0.0038551424708327,0.0,0.0,0.0,-0.003130117334358,-0.005984257390414,0.0,0.0,0.0,0.0,0.0,0.0,0.0,0.0,0.0,0.0,0.0,0.0,0.0,0.0,-0.0168245721614809,0.0,0.0,0.0,0.0,0.0,-0.0034497008021759,0.0,0.0,0.0,0.0,0.0,0.0,0.0,0.0,0.0,-0.0078773168955877,0.0,0.0,0.0,-0.0017236574885859,0.0,0.0,-0.0064016038773011,0.0,-0.007626552112293,0.0,-0.0092849388864828,0.0,0.0,0.0,-0.0138145880148543,0.0,-0.0113636466670386,0.0,0.0,0.0,-0.0035368810715371,-0.0046069614622634,-0.0061676289728819,0.0,0.0,-0.0089074500068965,0.0,0.0,0.0,-0.005898005609927,0.0,0.0,0.0,0.0,-0.0023717673640651,0.0,0.0,0.0,0.0,-0.0068245012532149,0.0,0.0,0.0,0.0,0.0,0.0,0.0,0.0,0.0,0.0,0.0,0.0,0.0,0.0,0.0,0.0,0.0,0.0,0.0,0.0,0.0,0.0,0.0,0.0,-0.0023476952314659
sid2753-anchor-COSINE-3381-F_close_21.wav,0.0,0.0,0.0,0.0,0.0,0.0,-0.6079435347733743,0.3718315108185445,0.0,0.0,0.0,-0.0077407564560173,0.0,-0.1634118595938978,-0.0553496558797711,-0.1957549062633325,-0.0476175802261537,0.0,0.0,0.0,-0.0143467952116199,-0.0076868024023505,-0.0270969659352891,-0.0253308415980842,-0.0065335662813644,0.0,0.0,0.0,0.0,0.0,0.0,0.0,0.0,0.0,-0.0124289470813659,0.0,-0.0053907762967433,0.0,0.0,0.0,0.0,0.0,0.0,0.0,0.0,0.0,0.0,0.0,-0.0070545696571146,-0.0057649613005848,0.0,0.0,0.0,0.0,-0.0132128414479337,-0.0118603193924107,0.0,0.0,0.0,0.0,-0.0174439986618456,-0.0099566889362219,0.0,0.0238656521249451,0.0249179149493255,0.0,0.0,-0.0111382094730814,0.0,0.0197986304928752,0.0,0.0,0.0,0.0,0.0,0.0,0.0,0.0,0.0,0.0,0.016815231220889,-0.0127639737206706,-0.0233672878929879,0.0,0.0,0.0,0.0,0.0,0.0,0.0,0.0119026177471878,0.0,-0.0182941415593446,0.0,0.0,0.0,-0.0017180058156902,0.0,0.0,0.0,0.0,0.0,0.0,0.0,0.0,0.0,0.0187545960203924,0.0,-0.0051909719705648,0.0,0.0,-0.0126502228222768,0.0189209794162061,0.0148049476275883,0.0,0.0,0.0,0.0,0.0,0.0199660154430886,-0.0122709402229734,0.0,-0.0192331921090427,0.0,0.0,0.0191496468601345,0.0,-0.010785867826713,0.0,-0.0190306132192825,-0.0076260080907085,0.0,0.0,0.0,0.0,0.0,-0.0130145483174706,0.0,0.0,0.0,0.0,0.0168089960278815,0.0,0.0,0.0,0.0,0.0,0.0,0.0,0.0,0.0,0.0,0.0,0.0,0.0,0.0,-0.0053886771199526,-0.0097128044621705,0.0,0.0,0.0
sid3031-anchor-COSINE-3792-F_close_49.wav,0.0,0.0,0.0158168530101235,0.0,0.0,-0.011713729407939,0.0,0.0,0.0,-0.493864685279508,0.2543132870937801,-0.1274663354610383,-0.0340796793751216,-0.1272360234622427,-0.0661702830080463,0.0,-0.0241907614128206,0.0253611599835882,0.0,0.0181503162643171,0.0,0.0,0.0,0.0,0.0,0.0,0.0,0.0,-0.0117615492376592,0.0,0.0,0.0125783424493132,0.0,0.0143616316637891,0.0066991418287307,0.0,0.0,0.0,0.0,0.0,0.0,0.0,0.0,0.0,0.0,0.0,0.0,0.0,0.0,0.0,0.0,0.0,0.0,0.0,0.0,0.0,0.0,0.0,0.0,0.0,0.0,0.0,0.0,0.0,0.0,-0.0073840908508249,0.0,0.0,0.0,0.0,0.0,0.0,0.0,0.0,0.0,0.0117034639404333,0.0,0.0,0.0,0.0,0.0,0.0,0.0,0.0,0.0,0.0,0.0,0.0,0.0,0.0,0.0120930807226791,0.0,0.0,-0.0152703433605314,-0.0153476576381565,-0.0129766364555503,0.0,0.0,0.0,0.0,0.0,-0.0114910804916011,0.0,0.0,0.0,0.0,0.0,0.0,0.0,0.0,0.0,0.0,0.0118686495267067,0.0,0.0,0.0,0.0,0.0,0.0,0.0,0.0,0.0,0.0,0.0,0.0,0.0,0.0,0.0,0.0,0.0,0.0,0.0,0.0,0.0100932834671769,0.0108315205656041,0.0,0.0,0.0,0.0,0.0,0.0,0.0,0.0,0.0,0.0,0.0,0.0,0.0,0.0,0.0,0.0,0.0106873218776177,0.0,0.0,0.0,0.0,0.0,0.0,0.0,0.0,0.0
sid1539-anchor-COSINE-2406-F_close_184.wav,-0.0026577990147018,-0.0032736885465624,0.0,0.00627717460112,0.0,0.0,0.146162154692616,0.0,0.0,0.0080343311085967,0.0,-0.0030588697517442,-0.0071282257519116,0.0,0.0,0.0,0.0,-0.2363711488256995,-0.0876888066383115,-0.0042697443533729,0.0,0.0,-0.0427093624101912,-0.0491436406091852,0.0,0.0,-0.0043658769449046,-0.020768767302718,0.0552880667428813,0.0104363149508186,0.0,0.0,0.0191639024100499,0.0139301243880385,0.0,-0.0094969993828399,0.0133703038103621,0.0,0.0,0.0,0.0093951477769529,0.0,0.0080003170970186,0.0,0.0,0.0,-0.0084809646184859,-0.0039717167741993,0.0,0.0,0.0,0.0,0.0,0.0085166149813266,0.0,0.0,0.0,0.0073326346239035,0.0,-0.0044597004042508,0.0,-0.0067867967959286,-0.0067804202417309,0.0,0.0,-0.0089391189805259,0.0,0.0,0.0,-0.0061604294278517,0.0,-0.0108134350873855,-0.0057307953456361,0.0,0.0,0.0,-0.0032425955130738,0.0,0.0,-0.0054162273668409,0.0,-0.002852718959781,0.0,0.0,0.0,0.0,0.0,0.0,0.0,0.0,-0.0031815353342435,-0.0015737478193364,0.0,0.0,0.0,0.0,0.0,-0.0029701251388186,-0.002783984085301,0.0,0.0,-0.003061004607621,0.0,0.0,0.0,-0.0021871501124748,0.0,0.0,0.0,0.0,0.0,0.0,0.0,-0.0013775722405995,0.0,0.0,0.0,-0.0023148458273999,0.0,0.0,0.0,0.0,0.0,0.0,-0.0026620945589852,-0.0147060281114254,-0.0098946422769086,0.0,-0.0106895335107672,0.0,-0.0067925261173685,0.0,0.0,-0.0012111080637821,-0.0078020932385434,0.0,0.0,0.0,-0.0023204447150829,0.0,0.0,0.0082995055452204,0.0,0.0,0.0,-0.0023434287511172,0.0,0.0,-0.0027417223443982,0.0,0.0,0.0,-0.0056368997970598,0.0,0.0,0.0,0.0,0.0,-0.0067150347342514,0.0,-0.0021442181986008
sid3683-noisy-COSINE-5068-F_array1_35.wav,0.0,0.0060645769535251,0.0,0.0,0.0,0.0,0.0582369247805721,0.0099045781359463,-0.3376839249922441,0.0,-0.1727122269737775,0.0,-0.0983064267584087,0.0,0.0,0.0,0.0,0.049785377914108,0.0,-0.065193452604396,0.0,0.0,0.0,0.0,0.0,-0.0170903083259649,0.0,0.0253547544402067,0.0,0.0458744475129027,0.0,0.0,0.0069458419898664,0.0334893315378732,-0.0433128808684167,-0.0123621453056572,0.0,0.0072301920490059,0.0,0.0067426606903312,0.0149033234084253,0.0068445398912055,0.0180486573365631,0.0,0.0,0.0,0.0,0.0,0.0,0.0,0.0,0.0077648709001677,0.0,0.0,0.0,0.0,0.0,0.0,0.0,0.0,0.0,0.0,0.0,0.0,0.0,0.0,0.0098892579171415,0.0,0.0101790718984224,0.0,0.0,0.0,0.0,0.0,0.0,0.0,0.0,0.0,0.0,0.0,0.0,0.0,0.0,0.0,0.0,0.0,0.0,0.0,0.0,0.0,0.0,0.0,0.0,0.0,0.0058548176274502,0.0,0.0,0.0,0.0,-0.016958828778874,0.0,0.0,0.0,0.0,0.0,0.0,0.0,0.0,0.0,0.0,0.0,0.0,0.0,0.0,0.0,0.0068927500131762,0.0,0.0,0.0,-0.0128562230364948,0.0,0.0,0.0,0.0,0.0,0.0,0.0,0.0,0.0,0.0,0.0,0.0,0.0029594714180866,0.0,0.0,0.0,0.0,0.0,0.0076059199978726,0.0,0.0,0.0,0.0,0.0,0.0,0.0,0.0,0.0,0.0,0.0,0.0,0.0,0.0,0.0,0.0,0.0,0.0,0.0,0.0,0.0,0.0
sid5337-clean-COSINE-7408-M_close_152.wav,0.0,0.0,-0.0056630204927873,-0.0065659517813406,0.0,0.0,0.0,0.0,0.0,0.0,-0.0927341019646471,0.0,-0.0066847495475705,-0.0032388629204258,-0.0527321159654457,0.0,0.0314366920595188,-0.0476591278648114,-0.0045313985705456,-0.0438932746504655,-0.0058378568619321,0.0558288325283547,0.0,-0.0154729869781767,0.0,-0.0345452119227997,0.0,-0.0252938664553039,0.0,-0.0016446265912083,0.0177168007160579,0.0,0.0,0.0,0.0,0.0,0.0,-0.0034733196537458,0.0,0.0,0.0,-0.0090447025361839,0.0,0.0,-0.0031312898420279,-0.0025170662635585,0.0,0.0,0.0,0.0,0.0,0.0,0.0,0.0,-0.0055067978710348,0.0,-0.0061931324230944,0.0,0.0,-0.0014477733074371,0.0,-0.0039336554164149,-0.0006402731322688,-0.0081555780552464,-0.008397790734873,0.0,0.0,-0.0114281037626134,0.0,-0.0024005236695792,0.0,0.0,0.0,-0.0044725573793694,0.0,-0.0031776927794941,0.0,0.0,-0.0011939795004032,0.0,0.0,0.0,0.0,0.0,0.0,0.0,0.0,0.0,0.0,0.0,0.0,0.0,0.0,0.0,0.0,0.0,0.0,0.0,0.0,0.0,0.0,0.0,-0.00524937303838,0.0,0.0,0.0,0.0,0.0,0.0,-0.0014832090076926,0.0,-0.0018614314131094,0.0,0.0,0.0,0.0,0.0,0.0,0.0,0.0,0.0,0.0,0.0,0.0,0.0,0.0,-0.0052346219674117,0.0,-0.0022264483942379,-0.002390555185123,0.0,0.0,0.0,0.0,0.0,0.0,0.0,0.0002222071039172,0.0,-0.001694712339424,0.0,0.0,0.0,0.0,0.0,0.0,0.0,0.0,0.0,0.0,0.0,0.0,0.0,0.0,0.0,0.0,0.0,0.0,0.0,0.0,0.0
sid3330-clean-COSINE-3904-M_close_12.wav,0.0,0.0,0.0,0.0,0.0,0.0,0.0,0.0,0.0,0.0,-0.0984146244052978,0.0,-0.0591706471286184,0.0,-0.0114466511832549,0.0,0.0285665748641601,0.03044679508144,-0.0283135510865036,0.019904817832607,-0.0269989617563124,0.0,0.0354229823216389,-0.0142148675734216,0.0,-0.0414774087695034,0.0,-0.0152339256120934,0.0,0.019960557816751,0.0,0.0,0.0,0.0,0.0,-0.0067286000224608,0.0,0.0,0.0,0.0,0.0,0.0,0.0,0.0,0.0,0.0,0.0,0.0,0.0,0.0,0.0,0.0,0.0,0.0,0.0,-0.0079916355981986,-0.0142184545985822,-0.0040552040807735,0.0,-0.0056578638325511,0.0,0.0,0.0,0.0,0.0,0.0,0.0,0.0,0.0,0.0,-0.0041857052025978,0.0,0.0,0.0,0.0,0.0,0.0,0.0,0.0,0.0,0.0,0.0,0.0,0.0,0.0,0.0,0.0,0.0,0.0,0.0,0.0,-0.0030510975531963,0.0,0.0,0.0,-0.007558837554981,0.0,0.0,0.0,0.0,0.0,0.0,0.0,0.0,-0.0083826943778818,0.0,0.0,0.0,0.0,0.0,0.0,0.0,-0.0023493632318784,0.0,0.0,0.0,0.0,0.0,0.0,0.0,0.0,0.0,0.0,0.0,0.0,0.0,0.0,0.0,-0.0045551321785207,0.0,0.0,0.0,0.0,0.0,0.0,0.011835304476381,0.0,0.0,0.0,0.0,0.0,0.0,0.0,0.0,0.0,0.0,0.0,-0.0012474278763557,0.0,0.0,0.0,0.0,0.0,0.0,0.0,0.0,0.0,0.0,-0.0055024083644154,0.0,0.0
sid0361-noisy-COSINE-0622-F_array1_200.wav,0.0,0.0,0.0,-0.7296081614694944,0.0,0.4474055807600681,0.0,-0.0985583635461925,0.0,0.0,0.0,0.1052271198276793,0.0,0.0097347452062679,0.0,0.0117994997251399,0.0,0.0,0.0,0.0,0.0,0.0461445387490225,0.0,0.0,0.0,0.0406233581479624,0.0,0.0434852582791133,0.0,0.0368585092062481,0.0569195854115843,0.0716887962824289,-0.0322598461271252,-0.0245023760806561,0.0,0.0143587716527327,0.0197830184595211,0.0,0.017989310879338,0.0,0.0,0.0069152214788777,-0.0245713914398605,0.0,0.0,0.0,0.0,0.0,0.0,0.0,0.0,0.0,0.0,0.0,0.0,0.0162951291032788,0.0,0.0,0.0,0.0,0.0,0.0,0.0,0.0,0.0,0.0,0.0,0.0,0.0,0.0,0.0,0.0,0.0,0.0,0.0,0.0,0.0,0.009293866896726,0.0,0.0,0.0,0.0,0.0,0.0,0.0,0.0,0.0,0.0,0.0,0.0,0.0063292643410352,0.0,0.0,0.0,0.0,0.0,-0.023060745523017,0.0,0.0,0.0,0.0,0.0,0.0,0.0,0.0,0.0,0.0,0.0,0.0,0.0,0.0121857018412075,0.0,0.0,0.0,0.0,0.0,0.0,0.0,0.0,0.0,0.0,0.0,0.0,0.0,0.0,0.0,0.0,0.0,0.0,0.0,0.0,0.0,0.0,0.0,0.0,0.0,0.0,0.0,0.0,0.0,0.0,0.0,0.0,0.0,0.0,0.0,0.0043688239870252,0.0,0.0,0.0072677686083756,0.0,0.0,0.0,0.0,0.0,0.0,0.0,0.0,0.0,0.0,0.0
sid1815-anchor-COSINE-2734-M_close_90.wav,0.0068732029577932,0.008668541704161,0.0,-0.0087718096949147,-0.0099938299318698,0.0,-0.0091938455327456,0.0,0.0,0.0,0.0,0.0,0.0,0.0,0.0,0.0,0.0,0.1778897617614309,-0.0081467659776155,0.0,-0.0054207069092256,0.0151848702609474,0.0,0.0,-0.2352568682373117,0.127336264060461,-0.0117415733500978,0.0428525287151979,0.0,-0.003189903470504,0.0,0.0,0.0666023548840992,0.0092854183089116,0.0106836642201023,0.0,0.0122687736754718,-0.0155411451357503,-0.002556203851511,-0.0468342720263958,0.0,0.0,-0.0099774145518782,0.0287768165306687,-0.018363351284047,0.0,-0.0312161173750036,0.0,-0.057467743690508,0.0,0.0,-0.011029483221355,0.0,-0.0515913958812737,0.0,-0.0193459231870175,0.0335154833863855,0.009261053513728,0.0,-0.0039960273464216,0.0,0.0,0.0,-0.0087108341676766,-0.009645790060296,-0.0163801072507641,-0.006127591345578,-0.0248798937702738,-0.0054523304960839,-0.0159000096032232,0.0,0.0,-0.00290898737772,0.0,0.0,0.0,0.0,-0.0087894862647679,0.0112493451900696,0.0,0.0,0.0129721602802812,-0.0151365358591468,-0.0100601375253828,-0.0114012908038896,-0.0047863038917659,0.0,0.0,0.0,-0.0092296828166281,0.0,-0.0092826136911347,0.0,0.011166736832421,-0.0071080935927546,-0.0217050072932928,0.0,0.0,-0.0095323853720961,0.0,-0.0024233033017665,0.0,-0.0073621266128786,-0.0030882422451703,0.0,0.0,0.0,0.0,-0.0056732557133302,0.0,-0.0082400596019844,0.0102387259320718,0.0,-0.0078815954600187,0.0,0.0132689488632393,0.0,0.0,0.0106364767645173,0.0,-0.0187948339792699,0.0,0.0,0.0,0.0111768312240108,-0.0054940962496019,0.0,0.0,-0.006187634881567,-0.0135289831555628,-0.0048975673542461,0.0,0.0,0.0,0.0,0.0,0.0,-0.0065536488788337,0.0,-0.0065738627075174,0.0,0.0,-0.0124787937902995,0.0,0.0,-0.0066612621696673,-0.0050816819677943,0.0,-0.024629634364817,0.0,-0.0103719136643037,0.0,0.0111622388773757,0.0,0.0,0.0,0.0102546363650866,0.0,0.0,0.0116484321961261,0.0115258132352774
sid1816-anchor-COSINE-2734-M_close_91.wav,0.0,0.0,0.0,0.0,0.0,0.0,0.0,0.0,0.0,0.0,0.0,0.0,0.0,0.0,0.1056644874540284,0.0,0.0,-0.1198247545806399,0.0,0.0,0.0,0.0,0.0,0.0174304406563424,-0.0305969064715576,-0.0274739564246376,-0.006278778080973,-0.0208228042927509,-0.0312073711117784,0.0211133713999462,0.0,0.0,0.0,0.0,0.0,0.0,0.0172154502597972,0.0086699120739134,0.0,-0.0510397692811499,0.0,0.0105569445308805,-0.0101138926417524,0.0,0.0,0.0,0.0321395295055583,0.0140754482889143,0.0,0.0,-0.0063444742139019,-0.0200484952769669,-0.0108428032779609,-0.0135909408515091,-0.004139311847774,0.0,0.0,0.0,0.0,0.0,0.0,0.0,0.0,-0.0020786051245317,-0.0128463676757571,-0.0030097994908821,-0.0106131389181839,-0.0126583527825976,-0.0049648678508465,0.0,0.0,-0.013974600123216,0.0,0.0,0.0,0.0,0.0,-0.0039006938147173,0.0,0.0,0.0,-0.0066785815659601,0.0,-0.0054481379523291,0.0,0.0,0.0,-0.0059604502486804,0.0,0.0,0.0,0.0,0.0,-0.0048614451104268,0.0,0.0,0.0,0.0,0.0,0.0,0.0,-0.0088845296827802,0.0,0.0,0.0,0.0,0.0,0.0,0.0,0.0,0.0,0.0,0.0,0.0,0.0,0.0,0.0,0.0,-0.0061133730190046,0.0,-0.0150965365626666,-0.0104889878037023,0.0,-0.0116918479863864,0.0,0.0,0.0094389210169576,0.0,0.0,-0.007416408657844,0.0,0.0,0.0,-0.010968671208256,-0.005580341811633,-0.0052039681198557,0.0,0.0133209515733476,0.0102894955260835,-0.0058612961937951,0.0,-0.0075967763119201,0.0,0.0,0.0,0.0,0.0,0.0,0.0,0.0,0.0,0.0,0.0,0.0,0.0,0.0,0.0,0.0,0.0,0.0,0.0
sid0961-noisy-COSINE-1399-F_array1_350.wav,0.0,0.0,0.0,0.0,0.0082704956899461,0.0,0.3741257531862504,0.0,0.0107616154426622,-0.4557621704014916,-0.0915646976439408,-0.0091673216779873,0.0,-0.0994539864315723,0.0,0.0,0.0,0.0,0.0,0.0,-0.0074145184572078,0.0,0.0,0.0604063142549275,0.0,-0.0381207819153585,0.0,0.0,0.0,0.0,-0.0229689915783237,-0.0049836235254996,0.0145005641252868,0.0,0.0,0.0,0.0065045935330999,-0.0248784381913514,0.0,0.0,0.043817409288107,-0.0568776564684747,-0.0228811231991575,0.022233076115951,0.0,0.0149747935496635,0.0417571832078412,0.0,0.0673801576257177,0.0233777180835369,0.0118106454242198,0.0,-0.0142404193561761,0.0,-0.0094768505713717,-0.0140111249954189,0.0,0.0112018748825589,0.0,-0.0069595752563774,0.0,0.0,-0.007891599122733,0.0,0.0,0.0,0.0,0.0,-0.0058688705782921,0.0,0.0,0.0064532221914646,0.0,0.0,0.0079375929680655,0.0,0.0,0.0,0.0,0.0069502880562314,0.0,0.0,0.0,0.0,0.0,0.0,0.0,0.0069334203627343,0.0,0.0,0.0,0.0,0.0,0.0,-0.0115067824547654,0.0,0.0,0.0,-0.0041519760654368,0.0,0.0,0.0,0.0,-0.0082178608297885,0.0,0.0,0.0,0.0,0.0,0.0,0.0075988843108164,0.0,0.0,0.0,-0.0094118279468584,-0.0050487096647156,0.0,0.0,0.0,0.0,0.0,0.0,0.0,0.0,0.0,0.0129011852229396,0.0,-0.0079267024926559,0.0,0.0,0.0,0.0,0.0069048983596912,0.0,0.0,0.0,0.0,-0.0048036159953305,0.0,-0.0065651252222312,0.0,0.0,0.0,0.0,0.0,0.0,0.0,-0.0062179722531452,0.0,-0.0068670323864041,0.0,0.0,0.0,0.0,0.0,0.0,0.0,0.0,0.0,0.0,0.0
sid5333-noisy-COSINE-7408-M_array1_149.wav,0.0,0.0,0.0,0.0,0.0,0.0,-0.416224996438601,0.0,0.0,0.0,0.0,0.0,0.122361135132392,-0.0873732340110717,0.0,-0.0760347776104431,0.0,0.0,0.0220740229881563,-0.0341081965312733,0.0,0.0,-0.0417271862686614,0.035218698441504,-0.0108224034800317,0.0,-0.0172592202806574,-0.0169992235683378,0.0,0.0,0.04426180007255,0.0,-0.0152250913251671,0.014486961710483,0.0,0.0,0.0152276345742766,0.0,0.0,0.0,0.0,-0.0213264227967988,0.0,0.0,0.0,0.0,0.0,0.0,0.0,0.0,0.0,0.0,0.0,0.0,0.0,0.0,0.0,0.0,0.0,0.0,0.0,0.0,0.0,0.0,0.0,0.0,0.0,0.0,0.0,0.0,0.0,0.0,0.0,0.0,0.0,0.0,0.0,0.0,0.0,0.0,0.0,0.0,0.0,0.0,0.0,0.0,0.0,0.0,0.0,0.0110834627040825,0.0,0.0,0.0,0.016995884675797,0.0,0.0,0.0,0.0,0.0,0.0109802795523901,0.0,0.0,0.0,0.0,0.0,0.0,0.0,0.0,0.0,0.0,0.0,0.0,0.0,0.0,0.0,0.0,0.0,0.0,0.0,0.0,0.0,0.0,0.0,0.0,0.0,0.0,0.0,0.0,0.0,0.0,0.0,0.0,0.0,0.0,0.0,0.0,0.0,0.0,0.0,0.0,0.0,0.0,0.0,0.0,0.0,0.0,0.0,0.0,0.0,0.0,0.0,0.0,0.0,0.0,0.0,0.0,0.0,0.0,0.0,0.0,0.0
sid4445-anchor-COSINE-5897-F_close_96.wav,0.0,0.0,0.0,0.0,0.0,0.0,-0.0060287148420018,0.0,0.0,0.0,0.0,0.0,0.0984863467248911,0.0,0.0,-0.0907617961408412,-0.0574881891139832,0.0,0.0,0.0,-0.0249345812732431,-0.0797196814483744,0.0,-0.0580849238353007,0.0345021831685451,-0.0044750426312061,0.0241203745029302,0.0212944080900349,0.0,-0.0153828481960449,0.0351977879977918,0.0,0.0,-0.0046973619369021,0.0,0.0,-0.0019976639775109,-0.0055856174302931,-0.0075412022371871,0.0,0.0,0.0,0.0,0.0,0.0,0.0,0.0,0.0,0.0,0.0,0.0,0.0,-0.0087596651645791,-0.0050718430802998,0.0,-0.0038085025935789,0.0,0.0,0.0,0.0,0.0,0.0,0.0,0.0,0.0,0.0,0.0,0.0,0.0,0.0,-0.0031575975579265,-0.0021019970119278,0.0,0.0,-0.0029069103488462,0.0,0.0,0.0,0.0,0.0,-0.0051313350783131,0.0,0.0,0.0,0.0,0.0,0.0,0.0,0.0,0.0,0.0,0.0,0.0,0.0,0.0,0.0,0.0,0.0,0.0,0.0,0.0,0.0,0.0,0.0,0.0,-0.0050501595220929,-0.0086273771129477,-0.0126639286226496,-0.0121930984011284,0.0,0.0,0.0,0.0,-0.0058084575687595,-0.007162982491726,0.0,0.0,0.0,-0.0038398382072124,0.0,-0.0043697287437943,-0.0021850149188327,0.0,0.0,0.0,0.0,-0.0063813856788355,0.0,0.0,0.0,0.0,0.0,0.0,0.0,0.0,0.0,0.0,0.0,0.0,0.0,0.0,0.0,0.0,0.0,0.0,0.0,0.0,0.0,0.0,0.0,0.0,0.0,0.0,0.0,-0.0053627219758733,0.0,0.0,0.0,0.0,0.0,0.0
sid3114-clean-COSINE-3826-M_close_132.wav,0.0,0.0,0.0,0.0,0.0,0.0,0.0,0.0,0.1992190359593022,0.0,0.0,0.0,0.0,0.0,0.0,0.0,0.0,-0.1220374738802999,0.0,0.0,0.0,0.0,0.0,0.0,0.0,0.1596717748874918,0.041638053878408,-0.0306683318794628,0.0348441781222983,0.0287266658912366,0.0287314475484106,0.0,-0.0033900288691071,0.0,0.0,0.0,-0.0258738900509992,-0.0305814471525386,0.0,0.0,0.0,-0.0403538609541159,0.0,0.0,-0.0058584341810298,-0.0356493120555319,-0.0032383789785521,0.0203669215710352,0.0158160648144437,0.0,0.0,-0.004228286577879,-0.0080485543527774,-0.0149794464361863,-0.0098810270231808,0.0,-0.0121593643397777,-0.0089146332734612,0.0140860985259551,0.0,0.0,0.0,0.0,0.0,0.0,-0.010798389807536,-0.0068146768408987,-0.0047725995916622,-0.0060844863866704,0.0,0.0,0.0,-0.0232690857340793,-0.0100239978142181,-0.0061302316864497,0.0,-0.0045963665818093,-0.0063149820765324,0.0,0.0,0.0,0.0,0.0,0.0,-0.0106217032426867,0.0,0.0,0.0,0.0,0.0,0.0,0.0,-0.0053457760759316,0.0,0.0,0.0,0.0,0.0,0.0,0.0,0.0,0.0,0.0,0.0,0.0,0.0,0.0,0.0,0.0,0.0,0.0,0.0,0.0,0.0,0.0,0.0,0.0,0.0,0.0,0.0,-0.0064851924426522,0.0,0.0,0.0,0.0,0.0,0.0,-0.0034604918728323,0.0,0.0,-0.0035094836359924,0.0,0.0,0.0,0.0,0.0,0.0,0.0,0.0,0.0,0.0,-0.0035731419451639,0.0,0.0,0.0,0.0,0.0,0.0,0.0,0.0,0.0,0.0,-0.001785610495121,0.0,0.0,0.0,0.0,0.0,0.0,-0.0024777201627244,0.0
sid4685-anchor-COSINE-6463-F_close_34.wav,0.0,-0.0364259477886677,0.0,0.0,0.0,0.0,0.0,0.0,0.0,0.0,0.0,0.0,0.0,-0.0058440995764542,-0.0814007401948767,0.0,-0.0217928302342797,-0.0702332039142274,0.0,-0.0473294741440193,0.0,-0.0261207065398522,0.0208874301617159,0.0,0.0183338827241966,-0.0111556878866539,0.0,-0.0270374355794531,0.0177789498341697,-0.0133663587939073,0.0,0.0,0.0,0.0,0.0210093055083166,0.0,0.0,-0.0025665942341447,0.0,0.0,0.0,0.0,-0.0068505256215571,0.0,0.0,-0.0032157501593963,0.0,0.0,0.0,0.0,0.0,0.0,0.0,0.0,0.0,0.0,-0.0087029926576132,-0.0013911849913196,-0.0021866336742586,0.0,0.0,0.0,0.0,-0.0066221003386226,-0.0040501381675303,-0.0012269273806855,0.0,0.0,0.0,0.0,0.0,0.0,0.0,-0.0020642064812208,0.0,0.0,0.0,0.0,0.0,0.0,0.0,0.0,0.0,0.0,0.0,0.0,0.0,-0.0059833054166002,-0.0049960003310339,0.0,0.0,0.0,0.0,0.0,0.0,0.0,0.0,0.0,0.0,-0.0059430036296164,0.0,0.0,0.0,0.0,0.0,0.0,0.0,0.0,0.0,-0.0160787108443968,-0.0141901861300853,-0.0107193704389441,0.0,0.0,0.0,0.0,0.0,-0.0108941396089131,0.0,-0.0040219824266537,0.0,-0.0033490014229763,-0.0025861106905333,0.0,0.0,0.0,0.0,0.0,0.0,0.0,0.0,0.0,0.0,0.0,0.0,0.0,0.0,0.0,-0.0066137298568191,-0.0070684585677254,0.0,0.0,0.0,0.0,0.0,0.0,0.0,0.0,0.0,0.0,0.0,0.0,0.0,0.0,0.0,0.0,0.0,-0.004891909236134,0.0,0.0,0.0
sid4551-noisy-COSINE-6463-F_array1_204.wav,0.0,0.0,0.0,0.0,0.0,0.0,0.0,0.0,-0.619801056117963,0.0,0.4629725667346184,0.0,-0.1088430221025014,-0.0739845131248849,-0.0088660700000859,0.0,0.0305144229848777,-0.0171413989578111,-0.0143557542421154,-0.05274440535021,0.0,-0.0219528277151061,0.0,0.0864955378814779,0.0,0.0,0.0,-0.0092953662544171,-0.0422081300350776,0.0,0.0,0.0,0.0,0.0,0.0,0.0,0.0,0.0,0.0,-0.0096166666198825,0.0,0.0,0.0,0.0,0.0,-0.0085041726896087,0.0,0.0,0.0,0.0,0.0,0.0,0.0,0.0,0.0,0.0,0.0,0.0,0.0,0.0,0.0,0.0,0.0,0.0,0.0,0.0,0.0,0.0,-0.0052351531262867,0.0,0.0,0.0,0.0,0.0,0.0,0.0,0.0,0.0,0.0,0.0,0.0,0.0,0.0,0.0,0.0,0.0,0.0,0.0,0.0,0.0,0.0,-0.0094334069345726,0.0,0.0,0.0,0.0,0.0,0.0,-0.0108880872663477,0.0,0.0,0.0,0.0,0.0,0.0,0.0,0.0,0.0,-0.0100051200117959,0.0,0.0,0.0,0.0,0.0,0.0,0.0,0.0,0.0,0.0,0.0,0.0,0.0,0.0,0.0,0.0,0.0,0.0,0.0,0.0,0.0,0.0,0.0,0.0,0.0,0.0,0.0,0.0,0.0,0.0,0.0,0.0,0.0,0.0,0.0,0.0,0.0,0.0,0.0,0.0,0.0,0.0,0.0,0.0,0.0,0.0,0.0,0.0,0.0,0.0,0.0,0.0
sid0557-anchor-COSINE-1278-F_close_151.wav,0.0,0.0,-0.0066427840154343,0.0,-0.0992432752454025,0.0,0.0,0.0,0.0,0.0,0.0,0.0,0.0095604589952008,0.0,0.0,0.0,0.0,-0.1383326880626217,-0.1879117564592733,-0.032462259175129,0.0,-0.036545708419827,0.0183958848773439,0.0,-0.0210310443641987,0.0089151531402057,0.0,-0.007962482617077,0.0383999745078776,0.0353353662631208,0.0396506499153826,0.0136552594367723,0.0122965908818072,0.007097137305652,-0.0096974239876626,0.0070325946077934,0.0,0.0,0.0,0.0,0.0,0.0,0.0,0.0,0.0,0.0,0.0,0.0,0.0,0.0,0.0,0.0,0.0,0.0,-0.0083380443075872,0.0,0.0,0.0,0.0,0.0085794844907791,0.0,-0.0174364086912066,0.0,0.0,0.0,0.0,0.0,0.0,-0.0115164631589971,0.0,0.0,0.0,0.0,0.0,0.0,0.0,0.0,0.0,0.0,0.0,0.0169392627733578,0.0178898721177783,0.0247302774936532,0.0209381774230974,0.034597785498422,0.0203453558324682,0.0212622295871622,0.0119777345339602,0.0,0.0,0.0061824286586423,0.0086323003084331,0.0,0.0,0.0,0.0064125010579282,0.0,-0.0065888523891036,0.0,0.0034772048779761,-0.0088023488579961,0.0,0.0,0.0108507568046807,0.0,-0.0110069414240408,-0.010850128875742,0.0,-0.0120096674086923,0.0,-0.0052471972424972,0.0,0.0,0.0,0.0109059176327795,0.0,0.0,0.0,0.0055393595121265,-0.0085229447121353,0.0,0.0,-0.0038789956508263,-0.0113019496079723,0.0,0.0095147895003066,-0.010608704326329,0.0,0.0,0.0,0.0064530617635676,0.0,0.0,0.0,0.0,0.0,0.0,0.0,0.0,0.0,0.0,0.0089581266417535,0.0,0.0,0.0,0.0050663276017631,0.0,0.0,0.0,0.0,0.0,0.0,0.0069325559142254,-0.007614485084989,0.0,0.0,0.0,0.0,0.0,0.0,0.0
sid0101-clean-COSINE-0100-M_close_202-truncated.wav,0.0,0.0,0.0,0.0,0.0,0.0,0.0,-0.0155287903984544,0.0,0.0,0.0290495677402167,-0.0159723763904274,0.0,-0.0063511255745607,0.0,-0.7891860609628866,0.952061418184078,0.0370614924692626,0.0173031244021672,-0.0408597185331231,-0.0796170654746437,0.0,0.0,0.092207657634108,0.0,-0.0118190739513366,0.0320471944959178,0.1367853416292442,-0.0360358655459734,-0.0379371480801465,-0.0274325363978623,0.0,-0.0206492586744444,0.029365872318139,0.0,-0.0208994290846818,-0.05228364367006,-0.0329697902895971,0.0,-0.0179897710818083,0.0,0.0,0.0,0.0,0.0,0.0,0.0,0.0273629361619872,0.0,-0.0097610326837494,0.0,0.0221550679388808,-0.0302362244300975,0.0,-0.0199952043881695,0.0,0.0,-0.0197873403859911,0.0206402029217422,0.0280595061751541,0.0,0.0,0.0,0.0,0.0,-0.0289339556934829,0.0119154026695365,-0.0172252700994579,-0.0050166294461315,0.0,0.0,0.0174143737918241,0.0,0.0,-0.019482963758582,-0.0339512081867598,0.0,0.0,0.018799553540095,0.0,0.0,0.0,0.0193092825767248,-0.0146616776725201,0.0,0.0,-0.0117060312796226,-0.0098768946689978,0.0,0.0,0.0,0.0141163829408696,0.0,0.0,0.0,0.0,0.0241110646357032,0.0199294729927447,0.0,0.0,0.0,-0.0093742861415684,-0.01294530182602,0.0,0.0,0.0,0.0,0.0,-0.0163213535972141,0.0,0.0202982579748052,0.0,0.0,0.0,0.0,0.0,0.0,0.0,-0.012758845114489,-0.0132751845238139,0.0,-0.0070326680132158,0.0,-0.018055808334545,0.0,0.0,0.0,0.0,0.0,0.0,0.0348177691693981,0.0362745723420403,-0.0269191825746607,0.0,0.0,0.0,0.0,0.0139911824943408,-0.0225726865437965,0.0138611310113389,0.0169513692354304,0.0,0.0168688604232686,0.0,0.0,-0.0311597748216947,0.0,0.0,0.0,0.0,0.0,0.0,0.0,-0.0197263504426978,0.0,0.0,0.0,0.0,0.0,-0.0220928430889472,0.0
sid1857-clean-COSINE-2794-M_close_132.wav,0.0,0.0,0.0,0.0,0.0,0.0,0.0,-0.0837863508604287,0.0,-0.0580964671220725,-0.0159122345295149,0.0,0.0489578808970192,0.0,0.0,0.0232823519208803,0.0,-0.0204419766441221,0.0,0.0,-0.0370632306517551,0.0,0.0394255009932693,0.0,0.0,-0.03004228902947,0.0,0.0185159220417859,0.0359573905710294,0.0,-0.0077989004596151,0.0,0.0,0.0,-0.006446852819635,0.0,-0.0042563832792373,0.0,0.0,0.0,0.0,0.0,0.0,0.0,0.0,0.0,0.0,0.0,0.0,-0.0083667590457759,-0.0072546822682166,0.0,0.0,0.0072963463844558,0.0,0.0,-0.0079646286388445,0.0,0.0,0.0,0.0,0.0,0.0,0.0,0.0,0.0,0.0,0.0,0.0,0.0,0.0,0.0,0.0,0.0,0.0,0.0,0.0,0.0,0.0,0.0,0.0,0.0,0.0,0.0,0.0,0.0,0.0,0.0,0.0,0.0,0.0,0.0,0.0,0.0,0.0,0.0,0.0,0.0,0.0130058570300166,0.0207455446216404,0.00661302033708,0.0,0.0,0.0,0.0,0.0,0.0,0.0,0.0117187928508663,0.0127223346759789,0.0085955553418326,0.0,0.0,0.0,0.0,-0.0046144403654725,0.0,0.0,0.0,0.0,0.0,0.0,0.0,0.0,0.0,0.0,0.0,0.0,0.0,0.0,0.0,0.0,0.0,0.0,0.0,0.0,0.0,0.0,0.0,0.0,0.0,0.0,0.0,-0.0043197338440895,0.0,0.0,0.0,0.0,0.0,0.0,0.0,0.0,0.0,0.0,0.0,0.0,0.0,0.0,0.0,0.0,0.0
sid3179-clean-COSINE-3826-M_close_199.wav,0.0,-0.0058952864575366,0.0,0.0059067573542756,-0.0055398092942598,0.0080271498570601,0.0119055860350916,-0.001783415306507,-0.0063167722889839,-0.005694975126451,0.0124637380591728,0.0,0.2978966650361525,0.0,-0.006300415927388,0.0,0.0,-0.2566767423630219,0.0,0.0,0.0,0.0,0.0,0.0069533142154945,0.0,0.10596385006989,0.0,0.0229196956710638,0.0,0.0355411576075656,0.0,0.0103499507452521,0.0072250290391177,0.011539526034494,0.007300546667679,0.0,0.0145277312157329,-0.0024128256918357,-0.0071679926416938,-0.0036043094248263,-0.0276745297147151,0.0080688731098805,0.0,-0.0046890224117478,0.0140907699625136,0.0249875291816032,-0.0101747983217981,0.0041384653903713,0.0,-0.0478664902425643,0.0,-0.0182739691666764,0.0090087314385859,0.0,0.0,0.0,-0.0164588421308283,0.0365327528718794,0.0199726886956885,0.0,-0.0128926681210584,-0.0117788442243122,-0.0045290888173159,-0.0168124547603601,0.0,-0.0241896987501835,-0.015668872020673,-0.0187110829887254,-0.0135194643332846,0.0142252808313869,0.0,0.0169604351794597,0.0,0.0043675188898515,0.0,0.0,0.0,-0.0055087466916963,-0.0117252955006698,0.0,-0.004506709002765,-0.0108113908203787,-0.0088949070230318,-0.0035965679286069,-0.0104028687199057,0.0,-0.0031802631928282,0.0,-0.0087464818645213,0.0,0.0,-0.0132079833970184,-0.008128728732599,0.0,0.0,0.0044587784061926,0.0,-0.0033507546507782,-0.0105757482845047,-0.0071808747939245,-0.0112943690687045,0.0,0.0,0.0,0.0,-0.0043607237140057,-0.0041655991180566,0.0078429170752543,0.0,0.0,0.0,-0.0042726651809068,0.0,0.0,0.0073777191371386,0.0205893912370388,-0.0036159581623304,-0.0067047689364872,0.0,-0.0056049279991838,-0.0056164171808666,0.0,0.0089482482306054,0.0,0.0,0.0,0.0,0.0,0.0,0.0,0.006686525472827,0.0,0.0,-0.0025970335523896,0.0,-0.0128231602776271,0.0,0.0072431145167734,0.0,0.0,0.0,0.0,0.0,0.0,0.0,0.0,0.0,0.0,0.0,0.0,0.0,0.0,-0.0147122070930466,-0.0049107881831125,0.0,0.0,0.0,-0.0057892099671951,0.0,0.0,0.0
sid1453-anchor-COSINE-2145-F_close_93.wav,0.0,0.0,0.0,0.0,0.0,0.0,-0.2129648240865014,0.0,0.0,0.0,0.0,0.0,0.2643637023628373,0.0,0.0,0.0,0.0,-0.0541075254947261,0.0,0.0,-0.0036344446815058,-0.0435488495895245,0.0303164008311076,-0.0361426991568477,0.0,-0.0456312520976881,0.0400906939356919,-0.0359722591598567,-0.0056702422930396,-0.0639190442026143,0.0,-0.030703845128267,0.0,0.0,-0.0060179929400805,0.0450575474773533,0.0159438609725364,0.0,0.0,0.0,-0.0063648687124914,-0.0163461821015361,-0.019687274294253,0.0,0.0,0.0,0.0,0.0,0.0,0.0,0.0,0.0,0.0,0.0,0.0,0.0,-0.0061072264956245,-0.0116492773564126,0.0,0.0,0.0,0.0,-0.01211173938484,-0.0115472239746252,0.0,0.0,0.0,0.0,0.0,0.0,0.0,0.0,0.0,0.0,0.0,0.0,0.0,-0.0040925664769599,0.0,0.0,0.0,0.0,-0.0046421673303559,-0.0069451107634138,0.0,0.0,0.0,0.0,0.0,-0.0063093510989726,-0.0050234158155705,0.0,0.0,0.0,0.0,0.0,0.0,0.0,0.0,0.0,0.0,0.0,0.0,0.0,0.0,-0.0047439519999917,0.0,0.0,0.0,0.0,0.0,-0.001159836026484,0.0,0.0,-0.0198962012709877,0.0,-0.0194542407483125,-0.0152479970575978,0.0,0.0,-0.0031283084683371,0.0,0.0,-0.0039230047393115,-0.0147852368844368,-0.0023771432176519,0.0,0.0,0.0,0.0,-0.0016363484073133,0.0236793739934791,0.0,0.0,-0.0075676206715185,-0.0077514164519917,0.0,0.0,0.0,0.0,0.0,0.0,0.0,-0.0069849886670951,0.0,-0.0022044349598427,0.0,-0.0046708343723986,0.0,0.0,0.0,0.0,0.0,0.0,0.0,0.0,0.0,0.0,0.0,0.0,-0.0054825134490434
sid3308-clean-COSINE-3826-M_close_99.wav,0.0,-0.006759806618777,0.0,0.0,0.0067903836373481,0.0,-0.0041807404651457,0.0063272330626106,0.0,0.0,0.0,0.0,-0.0078951681665343,0.0,-0.0082293180863152,-0.0038340890607999,-0.0067048777184731,0.2364311342505795,0.0,0.0,0.0,0.0,0.0,-0.0040354839819886,0.0,-0.0086099584284929,0.0,-0.2599169402163453,0.0131937345311173,0.0,0.1295011730068415,-0.0048397914590909,-0.0021294569244797,0.0,0.0085642492377206,0.0419430389371904,0.0337291799035247,0.0377602331091901,-0.0060161459306544,0.0,-0.0118595474059424,0.0,0.0133196149929589,0.0209553501901457,0.0,-0.0141379546041358,0.0114732358794302,-0.0142182539607406,-0.0235147341527077,0.0,-0.0572407852772421,-0.0035813844496983,0.0,0.0,-0.0191903992288222,0.0,0.0082682258357094,-0.0056431166945512,0.0,0.0051773532036298,0.0313890221225197,0.0094949345647088,0.0,0.0,-0.0131700235524309,-0.0154127492814903,-0.0171208090076784,0.0,-0.0199800255122675,-0.0130255657056879,0.0097285657331383,-0.0125002341336465,-0.0109719516224474,0.0105571579905099,0.0055091780620086,0.0,0.0088894202758982,0.0097491561935351,0.0161642792505007,0.0,-0.006992573721428,0.0,0.0058017014616924,-0.0095890841065047,0.0,0.0,-0.0120187833736764,-0.0054118547268639,0.0,-0.0160008576520901,-0.0055962049717489,-0.0144679738220958,-0.0115423817354076,0.0,0.0,0.0074971824059183,0.0,0.0,0.0,0.0,0.0,0.0,-0.032728602834511,-0.0036500196381679,0.0077370202557816,-0.0155322755667772,0.0046782002634233,-0.0023195796749534,-0.0037365715505966,0.0,-0.0093412105654957,0.0,-0.0074240569292713,0.0,0.0,0.0,0.0088651039040475,0.0,0.0,0.0,0.0,0.0,0.0,-0.0038893708876373,0.0,0.0,0.0,0.0124500367186653,0.0,-0.0122975880502573,0.0,0.0,-0.0098760737160979,0.0,0.0071435949332081,0.0,-0.0070236890742983,-0.0112593309654995,0.0080062011984516,-0.0053435648077593,0.0,0.0,0.0051851037679885,-0.0167659607188221,0.0,0.0,0.0,0.0,0.0,-0.0065189938871463,0.0,0.0,0.0161875879564512,0.0047324515065475,-0.0082170901596946,0.0,-0.0038660638935265,0.0,-0.0051661387006142,0.0,0.0078312158256139
sid2219-anchor-COSINE-2898-M_close_156.wav,0.0,0.0,0.0,0.0,0.0,0.0,0.0,0.0,0.0,0.0,0.0,0.0,0.076401922052473,0.0,-0.117931559934522,0.0,0.0054596231637499,0.1222077844713711,-0.1440932744042641,0.0282490047741384,-0.0918137746346336,-0.012316223952084,0.058687910389688,-0.0407630176690431,0.0098112826896403,0.0555430120404333,0.0792369169285419,0.0487677221574603,0.0,0.0,0.0,0.0,0.0,0.0,0.0,0.0,0.0410091746868072,0.0,0.0,-0.0206278228287578,0.0,0.0091756814612625,0.0,0.0,0.0,0.0,0.0,0.0,-0.0131660204522964,0.0,0.0,0.0,-0.0100616698777741,-0.0126248680466081,0.0,0.0,0.0,0.0,0.0092551257165175,-0.0136189240645403,0.0066139979366691,0.0,0.0082052776035023,0.0127650760737294,0.0077279378315765,0.0,0.0101979211778486,0.0,0.0095077593924639,0.0,0.0,0.0178801419558549,0.0,-0.0096102988301328,0.0,-0.0125487434810015,0.0,0.0,0.0,0.0,0.0,0.0,0.0,0.0074538652545498,0.0,0.0,-0.0101912559936686,0.0,0.0,0.0,0.0092092505404941,0.0,0.0,0.0128761846861057,0.0,0.0,0.0,0.0,0.009720291465977,0.0,0.0,-0.0145180481090744,0.0,0.0,0.0,0.0,0.0,0.0054976772284071,0.0,0.0,0.0,0.0,0.0,0.0,0.0,0.0,-0.0109484740502844,0.0,-0.0083823389565516,-0.0138876798804715,0.0,0.0,0.0,0.0,-0.004992819249253,0.0,0.0,0.0,0.0,0.0,0.0,0.0,0.0,0.0,0.0,0.0,0.0048670189310219,0.0,0.0,0.0,0.0,0.0,-0.0055129011064796,0.0,0.0,0.0,0.0061231674441993,0.0,0.0,0.0,0.0,0.0,0.0,0.0,0.0,0.0101720662355896,0.0,0.0,0.0,0.012675019185164,0.0
sid3611-anchor-COSINE-4174-F_close_54.wav,0.0,0.0,0.0,0.0,0.0,0.0,0.0,0.0,0.0,0.0,0.0,0.0808922412880526,0.0,0.0,-0.0910520949876629,-0.1643483989266245,-0.0802006732151164,0.0148435775953058,0.0,-0.0321576857860464,0.0,-0.0102829167270211,-0.0031361096324558,0.0,0.0187855393019023,0.0117967238901456,0.0169644477507853,0.0,0.0,-0.0080696645908545,-0.0039894815547317,0.0,0.0,0.0,0.0,0.0110857166119456,0.0,-0.0063981159310801,0.0,0.0,-0.0042814956377983,0.0,0.0,0.0,-0.0030136048888766,0.0,0.0,0.0,0.0,0.0,0.0,0.0,0.0,0.0,0.0,0.0,0.0,0.0,0.0,0.0,0.0,0.0,0.0,0.0,0.0,0.0,0.0,0.0,0.0,0.0,0.0,0.0,0.0,0.0,0.0,0.0,0.0,0.0,0.0,0.0,-0.0046327002479708,0.0,0.0,0.0,0.0,0.0,0.0,0.0,0.0,0.0,0.0,0.0,0.0,0.0,0.0,-0.0031633142078952,0.0,0.0,0.0,0.0,0.0,-0.0066996624971352,0.0,-0.0024647374559033,-0.0137069253568663,-0.0066417991959228,-0.0078371349479119,0.0,0.0,0.0,0.0,0.0,-0.0052575589166374,0.0,0.0,0.0,0.0,-0.0063804019978015,-0.0034640694495508,0.0,0.0,0.0,0.0,0.0,0.0,0.0,-0.008411977364558,-0.0069905231884501,0.0,0.0,0.0,0.0,0.0,0.0,0.0,0.0,-0.0044783840652536,0.0,0.0,0.0,0.0,0.0,0.0,-0.0034833001046596,0.0,0.0,0.0,0.0,0.0,0.0,0.0,0.0,0.0,0.0,-0.0005629398035822,-0.0049079271915313,0.0,0.0,0.0118000898579702,0.0,0.0
sid5365-noisy-COSINE-7408-M_array1_23.wav,0.0,0.0,-0.0087799607025901,0.0,0.0,0.0,0.0,0.0,0.0,0.0,0.0,0.0,-0.2715604296557098,0.0,0.0882383102021273,0.0,0.0,-0.033391324722313,-0.088723093999043,0.0491900712885979,0.0,-0.0403337518733439,-0.0093457750594907,-0.0413293754138107,0.0299360222445745,-0.0145280951035559,-0.0071324551866702,-0.0382185971420653,0.0,-0.0094320945616363,0.0,0.0,0.0185976343550227,0.0163404754381893,0.0,0.0,0.0,0.0,0.0,0.0,-0.0083845804928684,0.0,0.0,0.0,0.0,0.0,0.0,0.0,0.0,0.0,0.0,-0.0122779400679688,0.0,0.0,-0.0052106335351322,0.0,0.0,0.0,-0.0052110240206258,-0.0121519136276204,-0.007117681049804,0.0,0.0,0.0,0.0,0.0,0.0,-0.0061446673522765,0.0,0.0,0.0,0.0,0.0,0.0,0.0,0.0,0.0,0.0,0.0,0.0,0.0,0.0,0.0,-0.0009583738248888,0.0,0.0,0.0,0.0,0.0,-0.0045819270319699,0.0,0.0,0.0,-0.0083632430956723,0.0,-0.0070457454021988,-0.0052323914241435,0.0,0.0,0.0,0.0,0.0,0.0,0.0,0.0,0.0146208227842454,0.0,0.0,0.0,0.0,0.0,0.0,0.0,0.0,0.0,0.0,0.0,-0.0085696251405408,0.0,0.0,0.0,0.0,0.0,0.0,0.0,0.0,0.0,0.0,0.0,-0.0027938567784609,0.0,0.0,0.0,0.0,0.0,0.0,0.0,0.0,0.0,0.0,-0.0092056271303466,0.0,0.0,0.0,0.0,0.0,0.0,0.0,0.0,0.0,0.0,0.0,0.0,0.0,0.0,0.0,0.0,0.0,0.0,-0.0021500159932657,0.0
sid4443-anchor-COSINE-5897-F_close_94.wav,0.0,0.0,0.0,0.0,0.0,0.0,0.0,0.0,0.0,0.0,0.0,0.0,-0.0194036312852451,0.0,0.0420813209417169,0.0,-0.1021431317719463,-0.0050436507564968,-0.0410576764844834,0.0,0.0,-0.0433626477414063,0.0,0.0,-0.0067664928630272,-0.022889786318295,-0.031510076051332,0.0391055278190368,0.0650338665196197,-0.0070083220399754,0.0,0.0,-0.0167343057637975,0.0,0.0181381422756306,0.0,0.0,0.0,0.0,-0.0038801659906873,-0.0077138442567253,0.0,-0.0036553622094534,-0.0024864832259792,0.0,0.0,0.0,0.0,0.0,0.0,0.0,-0.0101558409927998,0.0,0.0,0.0,0.0,0.0,0.0,0.0,0.0,-0.0094158341634406,0.0,0.0,0.0,0.0,0.0,0.0,0.0,0.0,0.0,0.0,0.0,0.0,0.0,0.0,0.0,0.0,0.0,0.0,0.0,0.0,-0.0031295853640946,0.0,0.0,0.0,-0.0085211352716166,0.0,0.0,0.0,0.0,0.0,0.0,0.0,0.0,0.0,-0.0054127836786011,0.0,0.0,0.0,0.0,0.0,0.0,0.0,0.0,0.0,0.0,-0.0120010999633658,-0.006023879574793,-0.0067121424809125,0.0,0.0,0.0,0.0,0.0,0.0,0.0,0.0,0.0,0.0,0.0,0.0,0.0,-0.0027219485650343,0.0,0.0,0.0,0.0,-0.0076342258997317,0.0,0.0,0.0,-0.0021717803929631,0.0,-0.0022306046200503,-0.0020329620565504,0.0,0.0,0.0,-0.0040237169729757,0.0,0.0,0.0,0.0,0.0,-0.0008749262453106,0.0,0.0,0.0,0.0,0.0,0.0,0.0,0.0,0.0,-0.0009089024674226,-0.0007939400187035,0.0,0.0,0.0,0.0,0.0
sid2579-noisy-COSINE-3231-F_array1_81.wav,0.0,0.0,0.0,0.0,0.0,0.0,0.0,0.4204128487646472,0.0,0.0105296364557253,0.1145298453950852,0.0096302140141247,0.0,0.0019183363081873,-0.168861420589842,0.0,0.0060764033788402,0.0,-0.0171598397574589,0.0,0.0100146148255714,0.0,0.0,0.0,0.0162518809906435,0.0026918513794903,0.0,0.0,0.0041707371006863,-0.1990930335882149,0.0,0.0853486196602938,0.0,0.0,0.0,-0.0312431179722478,0.0170449472249883,0.0,0.0095080151497437,0.0055005214707458,0.0,0.0957677363402519,0.042921603247115,0.0176315911512077,0.0093148160396906,0.0,0.0161261571071861,0.0069280449536538,0.0353652229582054,0.0,-0.0208342536276264,0.0490345927879838,0.0,-0.0970214114681362,-0.0801161214929471,0.0512496698379309,0.0044859237546401,0.0516744330537687,0.1556895205302371,0.0826032052450673,-0.0147322235080558,0.022107833355562,0.0071348650350993,-0.039012535333648,0.0,0.0,0.0,-0.044221333014463,-0.0917582737716011,-0.02028012701469,-0.0217899345530519,0.0,-0.0170584013011074,0.0,0.0159491915011207,0.0612738328252136,0.0172981367063926,0.0,0.0,0.0,0.0,0.0,0.0096539123511129,0.0,0.0325940447782702,0.0095377733910667,0.0,0.0,0.0063536387362985,0.012771533609027,0.0,0.0071827416248476,0.0,0.0126943234110096,0.0,0.0120857312755823,0.0082684620389244,0.0,0.00539381464025,0.0,0.0,0.0,0.0135782645131245,0.0,0.0074088145890229,0.0,0.0107163481011675,0.0035909826231096,0.0,0.0,0.0,0.0,0.0173287485660445,0.0,0.0,0.0,0.0,0.0,0.0,0.0,0.0,0.0,-0.0196551218781591,0.0,0.0,0.0,0.012902708178877,0.0173003628005888,0.0117617836608611,0.0,0.0,0.0,0.0,0.0125286700240035,0.0,0.0,0.0,0.0,0.0,0.0,0.0,0.0,-0.0119804667780596,0.0,0.0,0.0,0.015549900377946,0.0,0.0,-0.0163798062639956,0.0,0.0,0.0,0.0,0.0133271700559508,0.0074443574151085,-0.011125529961485,-0.011808514750421,0.0,0.0,0.016351165766735
sid5319-anchor-COSINE-7408-M_close_135.wav,0.0,-0.0045591185898747,0.0,-0.0026821413767688,0.0,0.0,0.0,-0.0619370408341709,0.0,0.0,-0.0077535720458478,0.0,0.0,0.0,0.0,0.0,0.0,-0.0060367077266842,0.0453016063099977,-0.1348784093973364,0.0281421074340715,0.0321776684289168,0.0,0.019208998165711,0.0139154220455735,0.0,-0.0477679513400641,0.0,0.0,-0.0356119837507925,-0.0242288984471007,-0.0083291681713757,0.0,0.0,0.0203123926630211,-0.0008126772047673,-0.026964342364985,0.0,-0.0123050613599306,0.0,0.0,0.0,0.0,0.0,0.0,0.0,0.0,0.0,0.0,0.0,0.0,0.0,0.0,-0.0051017683252672,0.0,0.0,-0.003680189386221,0.0,-0.006187679134789,0.0,-0.0053421684448102,0.0,0.0,0.0,0.0,-0.0042248546645311,-0.0040657745219166,0.0,0.0,-0.0035055879030884,-0.0003711772462199,0.0,0.0,-0.0076445321511576,0.0,0.0,0.0,-0.0070767097676131,0.0,-0.0050043400254175,-0.004438010133113,-0.0068524796902242,0.0,0.0,-0.0016053497105038,0.0,0.0,0.0,0.0,-0.0029150736269909,-0.0025060146612532,-0.0057075117385234,0.0,-0.0072027035660423,-0.0039218715549999,0.0,0.0,0.0,0.0,0.0,0.0,0.0,-0.0042317036268373,0.0,0.0,0.0,0.0,-0.0017811059709314,0.0,0.0,0.0,-0.0039875029488504,0.0,0.0,0.0,0.0,-0.0017738590211147,0.0,0.0,0.0,-0.0065372515030515,0.0,-0.002918712223032,0.0,-0.0092825489777221,0.0,-0.0049229322250672,-0.0039474215305683,0.0,0.0,0.0,0.0,0.0,0.0,-0.0068630551721446,0.0,0.0,0.0,0.0,-0.0096168896147787,0.0,0.0,0.0,0.0,0.0,-0.0040248271786995,0.0,0.0,0.0,0.0,0.0,-0.0073640605244392,-0.0046144877079628,-0.0078385317985567,-0.0010658859063304,0.0,0.0,0.0,0.0,0.0,0.0
sid1295-clean-COSINE-1892-M_close_65.wav,0.0,0.0,0.0,0.0,0.0,0.0,-0.27583766394514,0.0,0.0,0.0,0.2261423190547652,0.0,-0.012931704349763,0.0,0.0,0.0,-0.0437114114828537,-0.0081553983283874,0.0,-0.0030782811824985,0.0,0.0,-0.0388636979618274,0.0,-0.0410627851476286,0.0408230193761328,-0.0221568802513877,0.0,-0.0331224561997155,0.0,0.0,0.0,0.0,-0.0331351021785741,-0.0038605004343962,0.0409266427539395,0.0,0.0,0.0,-0.0051361721092795,-0.0147718627676872,-0.0195584385292993,0.0,0.0,-0.015994150237251,0.0,0.0,0.0,0.0,0.0,0.0,-0.008467537037866,0.0,0.0,0.0,0.0,0.0,0.0,-0.0062207542442412,-0.0096147642830693,-0.0081130206866094,0.0,0.0,0.0,0.0,0.0,-0.0246038739430928,0.0,0.0,0.0,0.0,-0.0071297146606071,-0.0054631014622339,0.0,0.0,-0.0041513227579214,0.0,0.0,0.0,-0.0079550878966123,-0.0084447555642671,0.0,0.0,-0.0049237556929692,0.0,0.0191967482623447,0.0189106480580887,0.0,0.0,0.0,0.0,0.0,0.0,0.0,0.0,0.0,0.0,0.0,0.0,0.0,0.0,0.0,0.0,0.0,0.0,0.0,0.0,0.0,-0.0032690320337509,0.0,0.0,0.0,-0.021518484177364,-0.008684115259314,-0.0055359356044447,0.0,0.0,0.0,0.0,0.0,0.0,-0.0067233225938133,0.0,-0.0035092907744046,0.0,0.0,0.0,-0.0078769687330811,0.0,0.0,0.0,0.0,0.0,0.0,0.0,0.0,-0.0031236090087463,0.0,0.0,0.0,0.0,0.0,-0.0081547075238869,0.0,-0.0050583010045089,0.0,0.0,0.0,0.0,0.0,0.0,0.0,0.0,0.0,0.0,0.0,0.0,0.0,0.0,0.0220236745918688,0.0
sid4073-anchor-COSINE-5289-F_close_73.wav,0.0,-0.0059212971429012,0.0,0.0,0.0,0.0,0.0,0.0,0.0,-0.0301569666108503,-0.1033012231339137,-0.0042545966469584,0.0,0.0,-0.0695111518457225,-0.0486616595806597,0.0,0.0369895739775719,-0.0677511950191131,-0.0103450611419689,-0.0433287268857336,0.0,0.0738710393650411,0.0,0.0,-0.0046693980548222,0.017548165847552,-0.012373757083805,0.0,0.0,-0.0063753627767482,0.0,0.0,0.0,0.0,0.0,-0.0126415088130637,0.0,0.0,0.0,0.0,0.0,0.0,0.0,0.0,0.0,0.0,0.0,0.016181795258998,0.0,0.0,0.0,0.0,0.0,0.0,0.0,0.0,0.0,0.0,0.0,0.0,0.0,0.0,0.0,0.0,0.0,0.0,0.0,0.0,0.0,0.0,-0.004093519363788,0.0,0.0,0.0,0.0,0.0,0.0,0.0,0.0,0.0,0.0,0.0,0.0,-0.0062502728697809,0.0,0.0,0.0,0.0,0.0,0.0,0.0,0.0,0.0,-0.0126479990901512,-0.0171704036629335,-0.0106438137059027,0.0,0.0,0.0,0.0,0.0,0.0,0.0,0.0,0.0,0.0,0.0,0.0,0.0,0.0,0.0,0.0,0.0,0.0,0.0,0.0,0.0,0.0,0.0,0.0,0.0,-0.0039073006443446,0.0,0.0,0.0,0.0,0.0,0.0,0.0,0.0,0.0,0.0,0.0,0.0,0.0,0.0,0.0,0.0,0.0,0.0,0.0,-0.0029635809341677,0.0,0.0,0.0,0.0,0.0,0.0,0.0,0.0,0.0,0.0,0.0,0.0,0.0,0.0,0.0,0.0,0.0,0.0
sid0621-noisy-COSINE-1278-F_array1_216.wav,0.0,0.0,0.0,0.0,0.0,0.0,0.0,0.0,0.0,0.140818543893969,0.0,-0.3152255874290109,-0.1185916661230034,0.0,0.0017540978238936,-0.0432143169471749,0.0075952254476718,0.0,0.0,0.0610993125008517,0.0,0.0,-0.0489020568872345,-0.0115439910129592,-0.0467909978189479,0.021423492513765,0.0,0.0179169622506443,0.0,0.0,0.0092960089379107,0.028842033364464,0.0,0.0,0.0,-0.0579277995304985,0.0,0.0,0.0069803487198929,0.0073262021095686,0.0,0.0198790635523125,0.0,0.0,0.0125264547644221,0.0,0.0,0.0,-0.0120293371199766,0.0,0.0,0.0,0.0,0.0,0.0,0.0,0.0,0.0,0.0,0.0,0.0,0.0,0.0,0.0,0.0095080429141337,0.0094275151264094,0.0,0.0158869870804943,-0.0103808343972156,0.0,0.0,0.0,0.0,0.010810935532347,0.0151704211135796,0.0,0.0,0.0061023087344161,0.0,0.0085736982700107,0.0,0.0,-0.0174105609623229,0.0,0.0115648773495402,0.0109887317515435,0.0090623048552231,0.0,0.0044829482258791,0.0,-0.0121623736018692,0.0,0.0,0.0,0.0,0.0,0.0,0.0,0.0,0.0,0.0,0.0,0.0,0.0,0.0,0.0,0.0,0.0,0.0,0.0,0.0,0.0,0.0,0.0,0.0,0.0,0.0,0.0,0.0,0.0,0.0,0.0,0.0,0.0,0.0,0.0,0.0,0.0,0.0,0.0,0.0,0.0,0.0,0.0,0.0,0.0,0.0,0.0,0.0,0.0,0.0,0.0,0.0,0.0070132242279216,0.0,0.0,0.0,0.0,0.0,0.0,0.0,0.0,0.0,0.0,0.0,0.0,0.0,0.0,0.0,0.0,0.0
sid5916-clean-COSINE-9987-F_close_216.wav,-0.0078358220194436,0.0074851175566209,0.0161599942347468,-0.0147184799044799,0.0118730861838317,-0.0109017135868894,-0.149042287656862,0.0079125406735651,0.0,0.0,0.0228001133005298,0.0040061004972609,0.0,-0.0132724106661511,-0.13503493782385,-0.0025487721883388,0.0123616336493605,-0.006925036217024,-0.0057411235321718,0.0,0.0,-0.0253165586960028,-0.0134074509303974,0.0907180662781976,0.0,-0.0044471424004294,-0.2065892584032732,-0.0164326488513675,0.0,0.0,0.0022260797360455,0.0167284091851788,0.0,0.0,0.12547139394706,0.0,-0.1060318813259164,0.0124649340377785,0.0,-0.0268372926700004,0.0226488463518896,0.0,0.0,0.009029585554956,0.0149239445763695,0.0103223802211928,0.0753693690931136,-0.0244497924516518,0.0,-0.0220453156835838,0.0,0.0,0.0094042049898661,-0.0696986929223015,-0.0256642405524176,-0.0250138553629503,-0.0163888849067505,0.0283843841324138,0.0,0.0348424924995736,0.0,-0.0063083546363395,0.0,0.0164018382973992,0.0162416367914372,0.0,-0.0175711080920548,0.0233139182084927,0.0260862052314016,0.0107882813623663,0.0099645030032955,0.0113979315262939,0.0395583306015783,0.0072588025054452,0.0,0.0246703759026838,0.006570243496517,0.003692462918132,0.0199142697627488,-0.0073637645431273,-0.0249115371748297,0.0,-0.0138740905776092,-0.0146561271205437,0.0,0.0082435590184553,0.0170266744622946,0.0,0.0946032668166559,0.0,0.0338997480448282,0.0555721592091242,-0.025275433322057,0.0091630715556128,-0.0146027012083359,0.0042305285284647,0.0148133512298806,0.0,0.0429036461803217,-0.0187443347633849,-0.0376895020079533,0.0117465252658141,0.0085249871763023,-0.0141557000512208,-0.036614836783356,-0.0193679014445291,0.0,0.0,0.0,0.0560501585311106,-0.0119656272486689,-0.0067174092284299,-0.0019577980289229,-0.0051281981673076,0.020866178467072,0.0,0.0,0.0,-0.0063561847331574,0.0,0.0217360299370786,0.0176289577564207,0.0054648909148665,0.0,0.0104823752775565,0.0074615483917394,-0.0095913598813154,0.0145411381780759,0.0124728495646306,0.0,0.0,0.0100079922901882,0.0083852540214794,0.0119519867371758,-0.004805124987066,0.0,0.0110190898578507,0.0,0.01490633996356,-0.0201125321723115,0.0136214072333122,0.0062102101946154,0.0,-0.0196911644824242,0.0166572413475269,0.0,0.0,0.0152775317112995,-0.0096761419228472,-0.0184534573266726,0.0165395043044853,0.0,0.0,0.0,0.0,0.0083688169068167,0.0,0.0142402354831903,0.0062546835628888,-0.0241991515324398,-0.0111709604647713
sid5975-noisy-COSINE-9987-F_shoulder_74.wav,0.0,0.3271848276232647,0.0,0.0,0.0,-0.0028737845106689,-0.0028164578472112,0.0,-0.0046969482707076,0.0,0.0,0.0,-0.0684839813274118,0.0,0.0,-0.0059147591159998,-0.1466931575727505,-0.0109719737978612,-0.0447867227528924,0.0,-0.0301108063228737,0.0,0.0,-0.0642816944579513,-0.0172910604586225,-0.0176351883244424,0.0,-0.0050552884013146,0.0,-0.0118430245083303,0.0315622148122525,-0.0348008758167414,0.0,0.0,0.0,0.0,0.0,0.0175149556906895,0.0,-0.0058760596642824,0.0,0.0,0.0,0.0,0.0,-0.0074589996431857,0.0,0.0,-0.0017252158963147,0.0,0.0,0.0,0.0,0.0,0.0,-0.0038615956202171,-0.008584772105498,0.0,0.0,0.0,0.0,0.0,0.0,0.0,0.0,0.0,0.0,0.0,-0.0027546377295815,0.0,-0.0015941336959597,0.0,-0.0021245765596845,0.0,0.0,0.0,0.0,0.0,-0.0014941507769527,0.0,0.0,0.0,0.0,-0.0031475626205319,0.0,0.0,0.0,0.0,0.0,0.0,0.0,-0.0012819259776695,0.0,0.0,0.0,0.0,-0.0040313160944395,0.0,0.0,0.0,-0.0028981744756457,0.0,0.0,0.0,0.0,0.0,0.0,0.0,0.0,-0.0031933880444487,0.0,-0.0028807352150806,-0.0021645463558732,0.0,-0.0024201400954227,-0.0032843691625692,0.0,0.0,0.0,-0.005219025690586,0.0,0.0,0.0,0.0,0.0,0.0,-0.0036458369641132,0.0,-0.00321711566885,0.0,-0.0039285853465556,0.0,0.0,0.0,0.0,0.0,0.0,0.0,0.0,0.0,0.0,-0.0033378691297729,0.0,0.0,0.0,-0.0040996590523076,0.0,-0.0013434761106077,0.0,0.0,0.0,0.0,0.0,0.0,0.0,0.0,0.0,0.0,0.0,0.0,0.0
sid2528-anchor-COSINE-3231-F_close_27.wav,-0.0064915820790308,0.0,0.0,0.0,0.0,0.0,0.0,0.0,0.0,0.0,0.0,0.1576526115739829,0.0,-0.2388647404482438,0.0,-0.1226010185217446,0.0,0.0,-0.0272876483310169,0.0,0.0,0.0,-0.0100097803577334,-0.0348726167093996,-0.0120044606226787,0.0,0.0,0.0,-0.0409149104692618,-0.0112782034236452,0.0152809086459575,0.0382100008758562,0.0,0.0,0.0,0.0,0.0,0.0,0.0,0.0048891175552571,0.0,0.0,0.0,0.0,0.0064864771141032,0.0,0.0041898891560662,0.0086712839772721,0.0058867031451115,0.0,0.0115721631251403,0.0,0.0061592484625979,0.0093631244969883,0.0,0.0,0.0,-0.0091287855248627,-0.011227333201379,0.0022566663084441,0.0,0.0,0.0,0.0,0.0115721968559113,0.0135146920001379,0.0095233862538059,0.0055433819223743,0.0160191085416152,0.0130827644416727,0.0,0.0,0.0063830716943855,0.0087592149015927,0.0,0.0103105411313905,0.0,0.0,0.0,0.0103325536336318,0.0,0.0,0.0,0.0,0.0071954152883923,0.0,-0.0087763520872677,0.0,0.0,0.0,0.0,0.0,0.0,0.0,0.0,0.0,0.0,0.0,0.0,0.0,0.0,0.0,0.0,0.0,0.0,0.0,0.0,0.0,0.0,-0.0123219898933548,0.0,0.0,0.0,0.0,0.0,0.0,0.0,-0.012297589080827,0.0,0.0023809934944882,0.0,0.0,0.0,0.0,0.0,0.0,0.0,0.0,0.0,0.0,0.0,0.0,0.0,0.0,0.0,0.0,0.0,0.0,0.0,0.0,0.0,0.0,0.0,0.0,0.0,0.0,0.0,0.0,0.0,0.0,0.0,0.0,0.0,0.0,0.0,0.0,0.0,0.0,0.0,0.0,0.0037568756785006
sid1992-noisy-COSINE-2794-M_array1_47.wav,0.0,0.0,0.0,0.0,0.0,0.0,0.0,0.0,0.0,-0.19474279376115,0.0,0.0747781263611651,-0.0317632813498193,-0.0035611503982989,0.0,-0.0376330402874306,0.0685380570405359,-0.0382972337265667,-0.0074064532840977,-0.0543722870959949,0.0,0.0498884719950727,0.0,0.0191247556497573,0.0,0.0,-0.0328768092126493,0.0187013678234512,0.0,0.0,0.0,0.0,0.0,0.0,-0.0081954810659108,0.0,0.0,0.0,0.0,0.0,0.0,0.0,0.0,0.0,0.0,0.0,0.0,0.0,0.0,0.0,-0.0105941419758561,0.0,0.0,0.0,0.0,0.0,-0.007512430392965,0.0,0.0,0.0,0.0,-0.0057055417461497,0.0,0.0,0.0,0.0,0.0,-0.0054343752829648,0.0,0.0,0.0,0.0,0.0,0.0,0.0,0.0,0.0,-0.0091937674085857,0.0,0.0,0.0,0.0,0.0,0.0,0.0,0.0,0.0,-0.0102055091408497,-0.0037026755043862,0.0,0.0,0.0,0.0,0.0,0.0,0.0,0.0,-0.0154497083261519,0.0,-0.0144257814486507,0.0,0.0,0.0,0.0,0.0,0.0,0.0,0.0,0.0,0.0,0.0,0.0,0.0,0.0,0.0,0.0,0.0,0.0,-0.0097974585969899,0.0,0.0,0.0,0.0,-0.0091175230666104,0.0,0.0,0.0,0.0,0.0,0.0,0.0,0.0,0.0,0.0,0.0,0.0,0.0,0.0,0.0,0.0,0.0,0.0,-0.0012181395317288,0.0,0.0,0.0,0.0,0.0,0.0,0.0,0.0,0.0,0.0,0.0,0.0,0.0,0.0,0.0,0.0,0.0,0.0
sid1188-anchor-COSINE-1892-M_close_105.wav,-0.002958668611132,0.0,-0.0010121209305689,0.0,0.0,-0.0056333497254404,-0.3438661754643067,0.0,0.0,0.0,0.0,0.0,0.0,0.0,0.0,0.0,0.0,0.4849828677085025,-0.0323326336797438,0.0,0.0,0.0,0.0,0.0,-0.0856574856095633,-0.0046241994173147,-0.0268606484317805,0.0,-0.0301371010203828,-0.0044467059458488,0.0270196163664657,-0.0460302087052791,-0.0209064802028701,0.0,-0.0622332406808686,-0.0083725862397724,0.0,-0.0257413095259604,0.0,0.0,-0.0084727269751693,0.0,0.038379355140476,0.0216537030442677,0.0,0.0,0.0,0.0,0.0,-0.0042633549033221,-0.0110423218806083,-0.0136719904853096,-0.0051496457152042,-0.0076078150433162,-0.001918075372733,0.0,0.0,0.0,0.0,0.0,0.0,-0.000913216476373,0.0,0.0,0.0,0.0,-0.0085392776119812,0.0,0.0,0.0,-0.0067597036245779,0.0,0.0,0.0,0.0,0.0,-0.0158467935871083,-0.0089574421066913,0.0,-0.0021818192339154,0.0,0.0,0.0,-0.0053622898301429,0.0,0.0,-0.0037569496071306,-0.000603713140526,0.0,0.0,0.0,0.0,0.0,0.0,-0.0029515786368152,0.0,-0.005137058918408,0.0,0.0,0.0,0.0,0.0,-0.001832915006719,-0.0095850599170914,0.0,0.001826453909428,0.0,0.0,0.0,0.0,0.0,0.0,0.0,0.0,0.0,-0.0079185860831407,0.0,-0.0037229146397943,0.0,0.0,0.0,0.0,-0.0073380422165974,-0.0030221772817607,-0.0025747954482612,-0.0058664148338318,-0.0121627425304589,0.0,0.0,0.0,0.0,-0.0077989955758381,0.0,0.0,0.0,-0.0250176447530038,0.0,0.0,-0.0083754931380035,0.0,0.0,0.0,0.0,0.0,0.0,0.0,0.0,0.0,0.0,0.0,-0.0069149940402524,0.0,-0.0051763097877108,-0.0098400836308579,-0.0007193494902481,0.0,0.0,-0.0054604516058773,-0.0052057695453952,0.0,-0.0070370071779707
sid1666-noisy-COSINE-2406-F_array1_56.wav,0.0,0.0,0.0,0.0,0.0,0.0,0.0,-0.0075860875117326,0.0,0.3621137209600183,0.0,0.0,-0.4474220001958631,-0.0170452843367985,0.0,0.0,0.0,-0.0435174849227706,-0.0064134378929249,-0.0794428560504339,0.0,0.0102530485412225,0.0699987955262998,0.0,-0.0467139456195736,0.0113462008560091,-0.0463447269230055,0.0,0.0,0.0,0.0,-0.0072152832972533,0.0,0.0,0.0,0.0,0.0,-0.0076962750939272,0.0,-0.0308935195009351,0.0,0.0225830535000355,-0.0166845368819635,-0.0025334486370244,-0.0159012724786115,0.0,0.0,0.0,-0.0100929994292713,0.0,-0.0136818676235341,-0.0029194126546576,0.0,0.0,-0.0030726493059765,0.0,0.0,0.0,0.0088679013486167,-0.0033786702982406,0.0092692491173024,-0.0126924284173251,0.0,0.0,0.0,0.0,0.0,0.0256495381827775,0.0135151545418901,0.0106906570347856,-0.0088637080460061,-0.0077851893496281,0.0,0.0,0.0,-0.0060525997210802,-0.0084082259432045,0.0,0.0,0.0,0.0,0.0,0.0,0.0,0.0,0.0,0.0,-0.0043184856935339,0.0076671148608514,0.0,0.0,0.0,0.0,0.0,-0.0068876659935468,0.0,0.0,0.0,0.0,0.0,0.0,0.0,0.0,0.0,0.0,0.0,0.0,0.0,0.0099315477861405,0.0126334725006492,0.0,0.0,-0.0054773527685622,0.0,0.0,0.0,0.0,-0.0096409662883406,0.0,0.0,-0.0096769426913012,-0.0129026900017586,-0.0165178628769288,0.0,0.0,0.0,0.0,0.0,-0.0060931715698584,0.0,0.0136732270384209,0.0,0.0,0.0,0.0,-0.0121138886790692,0.0,0.0,-0.0063642454093761,0.0,0.0,0.0,0.0,0.0,0.0,0.0,-0.0055192294358255,0.0094283391596323,0.0,0.0,0.0,0.0,0.0,0.0,0.0,0.0,0.0,0.0106695681444745,0.0193466443019847,0.0,0.0
sid0689-anchor-COSINE-1278-F_close_66.wav,0.0,0.0,0.0,0.0,-0.3512953593280457,0.0,0.4096249280249395,0.0,0.0,0.0,0.0,0.0,-0.1343709569538471,0.0,-0.1047696169827748,0.0,-0.0504578560625322,0.0,0.0,0.0,0.0,-0.0205567387843658,0.0318440309672033,-0.0452869596584415,-0.0193697991803058,-0.0513042514233192,0.0,0.0,-0.007745241002082,0.0,0.0,0.0,0.0,0.0,0.0,0.0,-0.0022707449802546,-0.0027923729983458,0.0,0.0,-0.0155002610505835,0.0,0.0,0.0,0.0,0.0,0.0,0.0,0.0,0.0,0.0,-0.0014286442928902,0.0,0.0,0.0,-0.0032488347634283,0.0,0.0,-0.0076311893461255,0.0,-0.0049149856715219,0.0,0.0,0.0,0.0,0.0,0.0,-0.0098149989542432,-0.007671681347647,0.0,-0.0063229397881668,-0.0063086629473493,0.0,-0.0025036385642891,0.0,0.0,0.0,0.0,0.0,0.0,-0.0019124703801868,0.0,0.0,0.0,0.0,0.0,0.0,0.0,0.0,0.0,0.0,0.0,0.0,0.0,-0.0065659758414231,0.0,0.0,0.0,-0.0029666525831698,0.0,0.022161978076742,-0.0072236819834329,-0.0043683215713871,0.0,0.0,0.0,0.0,0.0,0.0,0.0,-0.0195382508095986,0.0,-0.0104423910980108,-0.0151945912556053,-0.0124550106609654,0.0,0.0,0.0,0.0,-0.0063904906169982,-0.0075744325493459,0.0,0.0,0.0,0.0,0.0,-0.0034725916685541,0.0,0.0,0.0,-0.0041902295048501,-0.0038861911927051,0.0,0.0,0.0,0.0,0.0,0.0,0.0,0.0,0.0,0.0,0.0,0.0,0.0,0.0,0.0,0.0,-0.0015871616666831,0.0,0.0,0.0,0.0,0.0,0.0,0.0,0.0,0.0,0.0,0.0,0.0
sid0999-noisy-COSINE-1399-F_array1_68-truncated.wav,0.0,0.0,-0.0075752567130986,0.0162602069239239,0.0,0.0,0.0,-0.0184676100621064,0.0,0.0,0.1321412481003636,0.0067775845594521,0.0153688890702483,0.0,0.0,-0.0100163660257035,0.0210390082366212,-0.0156453465190259,0.0,-0.0117435451553206,0.0104504436929633,-0.010505175765364,-0.01410706910325,-0.2379548942084284,-0.0141518922639106,0.0077500164299766,0.0196253834301611,0.0,-0.1640990699690825,0.0,0.0,0.0,-0.0058338644313673,-0.0092613712516333,0.0150225859941141,-0.0220972885813499,0.0191600411036796,0.0,-0.0190777747143222,0.0,0.0,0.0145089219404023,0.0,0.0,0.0,0.0,-0.0310847941320483,0.0150319844756318,0.0,0.0,0.0,0.0193497156158532,0.0039005148797534,0.0116880941362342,0.0,0.0103025053627548,-0.0812765001732423,-0.067152372897739,0.0393479394749494,-0.0389546985604298,-0.0147447967376178,0.0,0.0,0.0184260734690461,-0.0532522089529637,0.0982400703178519,0.0,0.1250584937104087,-0.107992402639379,0.0151641438206269,-0.0091973968666941,0.0125658883326564,-0.0669796389474248,0.0718469421594259,-0.0096534759335071,0.0,0.04570351371397,0.0745180721358786,0.0,0.0867529584296979,0.0,0.0545435015779483,0.0,-0.0142917873943964,0.0,0.0,0.0173541829866843,0.0377898003337532,0.0,0.0059646374403609,-0.0116251052828356,-0.0474497696181239,-0.0081059619078256,0.0,0.0341451147230594,0.0,-0.0279111318598008,-0.0136556686329973,0.0,0.0,-0.0062760672079462,-0.0063204322984678,0.0174326241085257,0.006720886864295,0.0208534091765907,0.0198917610336457,0.0,0.0307825533414505,-0.0126318295076512,0.0260924295862064,0.0145949570478923,0.0,0.0453153160591296,0.0109146176333411,0.0190044299040985,-0.0089813417030882,-0.008996601875817,0.0142100709257368,0.0,0.0090475131689522,0.038833173382945,0.0204289392646938,-0.0194395621780907,0.0,-0.0403395272079394,0.0,0.0086280471345737,0.0,-0.0052885982461613,0.0227269775775824,-0.0194112525069643,-0.0217122104142665,0.0,0.0,0.0,0.0,-0.0075083648269186,-0.0164032359209686,0.0110576555702646,0.0,0.0095253544740589,-0.0112208178025709,0.0125535484804116,-0.0232702283991208,0.0091392919451145,-0.0120936371037167,0.0100957514496494,0.0,-0.0042221637594399,0.0,-0.0140364772941409,0.0,0.0,-0.0200713511115108,-0.0118784420105568,0.0303766920777129,0.0,0.0085365320397451,0.0,0.0,0.0
sid3820-clean-COSINE-5289-F_close_144.wav,0.0,0.0,0.0,0.0,0.0,0.0,0.0,0.0,0.0,0.0,0.0,0.0,0.0,0.0,-0.0284874055047706,0.0,-0.1081863386863734,-0.0563080579267058,0.0,-0.0360252093211806,0.0316270139055599,-0.0691354988303487,-0.0314037281414749,-0.0338761096096856,0.0499407710841258,0.0,0.0243245084725395,0.0140030703357571,-0.0327605003230537,0.0135254511842905,-0.0097913223022862,0.0,0.0184425279535858,0.0,0.0,0.0048963104112104,0.0,0.0,0.0,0.0,0.0,0.0,0.0,0.0,0.0065221469268575,0.0,0.0,0.0,0.0,0.0,0.0,0.0,0.0,0.0,0.0,0.0,0.0,0.0,0.0,0.0101269752901534,0.0,0.0,0.0,-0.0095742990642364,0.0,0.0,0.0,0.0,0.0,0.0,0.0,0.0,0.0,0.0,0.0,0.0055092480185121,0.0099267261427991,0.0057198426689128,0.0,0.0,0.0,0.0,0.0059910279765803,0.0,0.0,0.0,0.0,0.0,0.0,0.0,0.0,0.0,0.0,0.0,0.0,0.0,0.0,0.0083158999063884,0.010016117212471,0.0057390698099523,0.0,0.0,0.0,0.0,0.0,0.0,0.0069480828693669,0.0,0.0,0.0,0.0,0.0,0.0,0.0,0.0,0.0,0.0,0.0,0.0,0.0,0.0,0.0,0.0,0.0,0.0,0.0,0.0,-0.0099594095865532,0.0,0.0,0.0,0.0,0.0,0.0,0.0,-0.0110381733215947,0.0,0.0,0.0,0.0,0.0,0.0075111241845075,0.0,0.0,0.0,0.0,0.0,0.0071553105745683,0.0,0.0,0.0,0.0,0.0,0.0,0.0,0.0,0.0,0.0,0.0,0.0,0.0
sid5964-noisy-COSINE-9987-F_shoulder_63.wav,0.0,0.0,0.0,-0.003927699556224,-0.0043522767033654,0.0,0.0,0.0,0.125887015529468,0.0,0.0,-0.1735177951101545,0.0,0.0,0.0,0.0,-0.0011353466794491,-0.0244731428827672,-0.0769101568260288,0.0,-0.0162907534520058,0.0,-0.0006703196569763,-0.0448671105025135,0.0,0.0,-0.0115542981072546,-0.0082744596266171,0.0,-0.0152840938583047,-0.0063369634832087,0.0,0.0,0.0,-0.0019351106876857,-0.0202533446060276,0.0,0.0,0.0,0.0,0.0,0.0,0.0,-0.0143079917093587,0.0,-0.0020441365298186,0.0,-0.0136207460202188,-0.0010280846412813,-0.0122467050370109,0.0,0.0,-0.0079422318923311,0.0,0.0146642767776574,0.0,-0.0052674605174019,0.0,-0.0030138136909805,-0.0043617578271337,0.0,0.0,0.0,0.0,0.0,0.018173913591831,0.0,0.0,0.0292490816961479,0.0198979043100607,0.0,0.0,0.0,-0.0034434715350333,0.0,0.0,0.0,-0.0015784230114442,-0.0037094168042174,-0.0102335809063838,-0.0077159313898538,-0.0010476811569329,0.0,-0.0038111447296992,0.0,-0.0060896557297037,0.0,0.0,0.0,-0.0012509183709945,0.0,0.0,-0.0024639167708152,0.0,0.0,0.0,0.0,0.0,-0.0012201060176992,0.0,0.0,-0.0025665785069789,0.0,-0.0014964517677175,0.0,0.0,0.0,0.0,0.0,0.0,0.0,0.0,0.0,0.0,0.0,-0.005348813937616,0.0,0.0,0.0,0.0,0.0,-0.0029951282853162,0.0,-0.0028929220889392,0.0,-0.0115528705390276,-0.0102107283557413,-0.0047312460598888,0.0,0.0,0.0,0.0,0.0,0.0,0.0,-0.0027865517741471,0.0,0.0,0.0,0.0,-0.0075916959625995,-0.0052842820562129,0.0,0.0113646035414912,0.0,0.0,0.0,0.0,-0.0082899765649854,0.0,-0.001693201150714,-0.0032264679325627,0.0,0.0,-0.002928527500548,0.0,0.0,-0.0013330882859451,0.0,0.0,0.0
sid3741-noisy-COSINE-5219-M_array1_28.wav,0.0,-0.0140867269161716,0.0,0.0,-0.0003704146847898,-0.010212422512908,-0.4578956102680548,-0.0014814134533884,0.8209910071524315,0.0,0.0,-0.0563719726802125,0.0,0.0,0.0,0.0,-0.0902981461906961,0.0818098043512511,0.0,-0.0166309683695874,-0.005044172769893,0.0,0.0,0.0,0.0,0.0,-0.0586047939930646,0.0,0.0,0.0,0.0,0.0,0.0,-0.0070151298679394,-0.0019589842668629,-0.0147632400956501,0.0,0.0,0.0,0.0,-0.0264854558520916,0.0,0.0,0.0,0.0,0.0,0.0,-0.0229364366691358,0.0,-0.003686371555991,0.0,-0.0218395867482525,-0.0282547646294231,-0.0014644826540171,0.0,0.0016786441236753,0.0,0.0,-0.0041755563161157,0.0,-0.0012435765489209,0.0,-0.0041058648847658,-0.0038072808929484,-0.0032859355538133,-0.0062256153977863,0.0007874026900962,0.0,-0.0040759648213209,-0.0032967931683402,0.0,-0.0068455959640951,0.0,0.0,0.0,-0.0065701116383053,-0.0074035227620664,-0.0167410272302392,0.0,-0.0093071349838828,0.0,-0.0023927322731176,-0.002529938461852,-0.0061591192792554,-0.0016245672313134,-0.0156000239712077,0.0,-0.003058084312502,0.0,-0.0030095086938621,-0.013493117107554,-0.0055189619289269,0.0,0.0,-0.0015061781189761,-0.0056499426065503,0.0,-0.0043306133100244,0.0,0.0,-0.0050409011251207,0.0,0.0,0.0,0.0,-0.0008634514230613,0.0,-0.0025131077883827,0.0,-0.0101064494219656,0.0,0.0,-0.0037352974667166,0.0,0.0,0.0,0.0,0.0,0.0,0.0,-0.0071439682002528,0.0,0.0,0.0,0.0,-0.0026951898085321,0.0,-0.0065413944601093,0.0,-0.0039363366367729,0.0,0.0,0.0,-0.003346281137802,0.0,0.0,0.0,-0.0178006068334287,0.0,0.0,-0.0015494698703331,0.0,0.0,0.0,-0.0001146988425373,0.0,0.0,0.0,0.0,0.0,0.0,0.0,0.0,-0.0077330849300428,0.0,0.0,-0.0043763835613321,-0.0030627514950745,0.0,0.0,0.0
sid0298-noisy-COSINE-0622-F_array1_138.wav,-0.0090313114148694,0.0,0.0,0.0,0.0,0.0,0.0,-0.0034655967030531,0.0,0.0,-0.3644685329593682,0.0,0.4223311295062884,0.0,-0.0204408257023627,0.0,0.0,0.0,-0.0574202510895544,-0.009073062717357,0.0,0.1422794734756446,-0.0017505492050054,-0.0369961869321477,0.0,0.0328436941394979,-0.0268309347917632,0.0349326815309034,-0.0230387277886075,0.0,0.0,-0.0043703014641823,-0.0730461989571412,0.0,0.0,-0.0195350729734681,0.0,0.0335288071478554,0.0,0.0186047818653951,-0.0020331159707978,0.0,-0.0070953270147937,0.0,-0.0131102821229477,0.0,0.0,-0.00172050061766,0.0,0.0,0.030921166747058,0.0,0.0,0.0,0.0,0.0,0.0,0.0,-0.0111447008142908,0.0,-0.0078822867645862,0.0,-0.015696093506676,0.0,0.0,0.0,0.0,0.0,-0.0195807993952363,0.0,0.0,0.0,0.0,0.0,0.0,0.0,-0.0054041594763395,-0.0039519328628337,0.0,-0.0086434593828072,0.0,0.0,0.0,-0.0020886421137521,0.0,0.0,0.0,0.0,0.0,0.0,-0.0053561209513429,-0.0133147103701125,0.0,0.0,0.0,-0.0075041957843003,0.0,0.0,0.0,0.0,0.0,0.0,0.0,0.0,0.0,0.0,0.0,-0.0030209611074363,0.0,0.0,0.0,0.0,0.0,0.0,-0.0076407381867276,0.0,-0.0085825684283069,-0.0193342701292483,-0.0217592315904579,0.0,0.0,0.0,0.0,0.0,-0.0240270474323659,0.0,0.0,0.0,0.0,0.0,0.0,0.0,-0.0047929938411433,0.0,0.0,0.0,-0.0042818809521585,0.000628323030624,0.0,0.0,0.0,0.0,-0.0080908552089895,-0.0086143633375969,0.0,0.0,-0.0028490883119582,0.0,0.0,0.0,0.0,0.0,0.0,0.0,0.0,0.0,0.0,0.0,0.0,0.0,0.0
sid0339-anchor-COSINE-0622-F_close_177.wav,0.0,0.0,0.0,0.0,0.0,0.0,0.0,0.0,0.0020042337868332,0.0,0.0,0.0,0.0,0.0034386245980321,0.0,0.3016795764800372,0.0,-0.4021958602142643,0.005952266722671,0.0,0.0,0.0,0.0,-0.112075957363298,0.0,0.0,-0.0886832392014328,0.0463120521456407,-0.0584554001095161,0.0,-0.0104336634340542,0.0,-0.0251261391595974,-0.0219770994250883,0.0044351410670499,0.0495369485536381,0.0333961206453048,0.0,0.0041100410783384,0.0,0.0,0.0,0.05635388796521,0.0225957531405748,0.0068790571039437,0.0286806543923721,0.0423706275965373,0.0,0.0,0.0036674599386218,0.0,0.0,-0.0087347212354243,0.0129746823678433,0.0,0.0335176420700951,0.0648281510738955,0.0384553110321527,0.0208567150874285,0.0,0.0,0.0066331309803995,0.0099279526502347,0.0,0.0,0.0,0.0,0.0,0.0126195175797706,0.0060015765301665,0.0064420380815995,0.0,0.0,0.0,0.0,0.0,0.0,0.0057568434145535,0.0,0.0,0.0,0.009999745427024,0.0051117943623575,0.0042325860099685,0.0107987606788981,0.0124450273590308,0.0,0.0,0.0,0.0,0.0,0.0,0.0,0.0,0.0049602420486377,0.0,0.0,0.0,0.0,0.0,0.0035629012034089,0.0051990146686057,0.0,0.0084524190397179,0.0,0.0,0.0,0.0,0.0,-0.0109380117554873,0.0,0.0,0.0052840311033302,0.0,0.0,0.0046085812568247,0.0071774116683443,0.0,0.0,0.0073386851485145,0.0,0.0,0.0,0.0,0.0070808938817167,0.0,0.0033874828209955,-0.0094475461165643,0.0,-0.0084986454147757,0.0,-0.0147721869962921,0.0,0.0,0.0,0.0,0.0015108156102411,0.0,0.0,0.0,0.0,0.0038829482601403,0.0,0.0,-0.0096466543074136,-0.0115323382187856,0.0,0.0,0.0075833041310637,0.0,0.0,0.0,0.0,0.0,0.0,0.0064680405077465,0.0,0.0,-0.0001557639849383,0.0,0.0
sid2066-noisy-COSINE-2828-M_array1_120.wav,0.015412065499699,0.0,0.0,0.0,-0.2673312378224521,0.0,-0.007838179986604,0.382655390624533,-0.121686722911551,0.0,0.0,0.0,0.0,0.0,0.0,0.0,0.0,0.0118847702575534,0.0,0.0,0.0,0.0,-0.1206175533066744,0.0,-0.0238449285240534,-0.058139234893202,0.0,0.0,0.0,0.0,0.006854826865465,-0.0542781169611187,0.0260838984080497,-0.045358902713327,-0.019211769610735,-0.0261947223893244,0.0,0.013161483481034,-0.0695153156404203,0.0,0.0,-0.0159697831233421,0.0181102596169131,0.016483947572701,0.0,0.0212759831407581,0.0246160234693192,0.0219329881067291,0.0,0.0,0.0,0.0,-0.0124626274757836,-0.0166273617722322,0.0,0.0,0.0,0.0,0.0,0.0,0.0,0.0,0.0,-0.0063213966623118,-0.0100297443230868,0.0,-0.0119614143735195,-0.0044622317388243,0.0,0.0,0.0,0.0,0.0113445573984447,0.0,0.0,0.0,0.0,0.0,0.0,0.0,0.0,0.0,0.0,0.0,0.0,0.0,0.0,0.0116300589007189,0.0,0.0,0.0,-0.00827879721802,0.0,0.0,0.0,0.0,0.0,0.0,0.0,0.0,0.0,0.0,0.0,-0.0121497010617148,0.0,0.0,0.0,0.0,0.0,0.0,0.0119764078562264,0.0,0.0160221499881267,-0.0075394955943222,0.0,0.0,0.0,0.0,0.0,0.0216550209800363,0.0,0.0,0.0,0.0,0.0,0.0,0.0,0.0,0.0,0.0,0.0,-0.0069240607207606,0.0,0.0,0.0,0.0,0.0,0.0,0.0,0.0,-0.0067949020864409,0.0,0.0,0.0,0.0,0.0,0.0,-0.0074189836847654,0.0,0.0,0.0,0.0,-0.012327965803256,0.0,0.0,0.0,-0.0079288220746509,0.0,-0.0135846712248809,0.0,0.0
sid0661-noisy-COSINE-1278-F_array1_39.wav,0.0148476650941191,0.0,0.0,-0.485159365163023,0.0,0.0,0.0,0.0,0.0,0.0,0.1162507721653327,-0.141545796714459,0.0,0.0,0.0,0.0,0.0,0.0477914988689257,-0.0326214523990639,0.0,0.011173491650684,-0.0332045428781914,0.0319974642743268,0.0362670326167249,0.0,0.0,0.0,0.0694853313845708,0.1046844582888096,-0.0524389976490133,-0.0240324471520769,0.0,0.0,0.0153144629959765,0.0,0.0,0.0,0.0,0.0,0.0,0.0,0.0,0.0,0.0,0.0,0.0,0.0,0.0,0.0,0.0,0.0,0.0,0.0,0.0157267753861117,0.0,0.0,0.0,0.0,0.0,0.0,0.0,0.0,0.0,0.0,0.0,0.0,0.0,0.0,0.0,0.0,0.0,0.0,0.0,0.0,0.0,0.0,0.0,0.0,0.0,0.0,0.0,0.0,0.0,0.0,0.0,0.0,0.0,0.0,0.0,0.0,0.0,0.0,0.0,0.0,0.0,0.0,0.0,0.0,0.0,0.0,0.0,0.0,0.0,0.0,0.0,0.0,0.0174358143379722,0.0,0.0,0.0,0.0,0.0,0.0,0.0,0.0,0.0,0.0,0.0,0.0,0.0,0.0,0.0,0.0,0.0,0.0,0.0,0.0,0.0,0.0,0.0,0.0,0.0,0.0,0.0,0.0,0.0,0.0,0.0,0.0,0.0,0.0,0.0,0.0,0.0,0.0,0.0,0.0,0.0,0.0,0.0,0.0,0.0,0.0,0.0,0.0,0.0,0.0,0.0,0.0,0.0,0.0
sid5589-noisy-COSINE-8112-F_array1_149-truncated.wav,0.0,-0.0174465912679485,0.0,0.0,0.0,0.0,-0.1034370798996095,-0.0187978798509636,0.0,0.0072755329777552,-0.1071011596540842,0.0,0.0,0.0,0.0113444143181715,0.0,0.0095093369593724,0.0,0.0,0.0074217238860726,-0.0227789913728344,0.0,0.0,0.0135928309229244,-0.0217507380538129,0.0,0.0,-0.252673312670641,-0.1916420128884334,-0.050946266975299,0.0,-0.0619432017597153,0.0,0.0564269471657276,-0.0232031018568934,-0.0737250671638636,0.0096133311064499,0.0,0.0,0.0176095925014532,0.0,0.0,0.0,0.0513976643663705,0.0125655962528666,0.0,0.0,0.0064992790902499,0.0,0.0339394328182339,-0.0406833317191295,0.0898034316182144,0.0,0.0474226970452124,0.0204439220350506,0.0,-0.0467040659836672,-0.013948606455513,0.0,0.0,0.0,0.0,0.0421875607747672,0.0,0.066966504051061,0.0,0.0,0.0352829319372986,0.0495283198452125,0.0535056795018377,0.0,0.0353207883503425,0.0098984419395555,-0.0174166452406795,0.0,0.0,0.0106952551429317,-0.0225186237294161,0.0,-0.0254752992003183,0.0,0.0,0.0,0.0,0.0060023907988568,0.0,0.0,0.0100812987916991,0.0,0.0,0.0,0.0,0.0152425000626316,0.0,0.0,0.0,0.0235461962093918,0.015149309826541,0.0,0.0354024710517488,0.0239974042208497,0.019745147620162,0.0,0.0112175539926052,0.0179070353773262,0.0,0.0063364123178005,-0.0145285498302424,0.0141491605881525,0.0,0.0059785515334541,0.0,0.0137533347696281,0.0,0.0,0.0118919630242058,-0.0205659516459468,0.0,0.009542988134832,0.0,-0.0344344289211013,0.0,0.0083020210293907,0.0170139997344637,0.0,0.0121127498199319,0.0,0.0,-0.0267674976350941,0.0108429951110133,0.0108575859078144,-0.0118775816209808,-0.0223788103972933,-0.0258185375291528,0.0,0.0135681015167367,0.0,0.0293558611208856,0.0168686050832317,0.0,0.0,0.0,0.0,0.0265092874071155,0.0,0.0,0.0,0.0,0.0,0.0377089948905674,0.0,0.0083677483589491,0.0,0.0145299630073856,0.0,-0.0246370381248985,0.0,0.0,0.0,0.0,0.0337607355626301
sid2872-noisy-COSINE-3792-F_array1_141.wav,0.0,0.0,0.0,0.0,0.0,0.0,0.0,0.0,0.0,-0.3642654719899783,-0.0228857482911044,0.0,-0.1543540348456887,-0.0518405541762575,0.0,0.0,0.0,0.0,0.0,0.0,0.0,0.0,0.0,0.0,0.0,0.0,0.0,0.0548781545620059,-0.049392520092015,0.0,0.0096839772103462,-0.0204741823153659,0.0265644102955262,0.0,0.0,0.0,0.0153922651415894,0.0,0.0,0.0302950306130425,-0.0546100386189641,-0.028216074930267,0.0144045019690935,0.0149865603887602,0.0395594327419918,0.0,0.0653601232866945,0.030607585593569,0.0226069398238171,0.0092526060703722,-0.0215351764417794,0.0,-0.0261308943192577,-0.0214625464327439,0.0,0.0,0.0092132832049046,0.0,0.0,0.0,0.0,0.0171072778802569,0.0,0.0,0.0,0.0,0.0,0.0,0.0,0.0,0.0,0.0,0.0113666306237567,0.0,0.0,0.0,0.0,0.0,0.0083405370652299,0.0,0.0,0.0,0.0,0.0,0.0,0.0,0.0,0.0,0.0,0.0,0.0,0.0,0.0,0.0,0.0,0.0,0.0,0.0,0.0,0.0,0.0,0.0,0.0,0.0,0.0,0.0,0.0,0.0,0.0,0.0,0.0,0.0,0.0,0.0,0.0,0.0,0.0,0.0,0.0,0.0,0.0,0.0,0.0,0.0,0.0,0.0,0.0,0.0,0.0,0.0,0.0,0.0,0.0,0.0,0.0,0.0,0.0,0.0,0.0,0.0,0.0,0.0,0.0,0.0,0.0,0.0,0.0082409639692199,0.0,0.0,0.0,0.0,0.0,0.0,0.0,0.0,0.0,0.0,0.0,0.0,0.0,0.0
sid3479-noisy-COSINE-3904-M_array1_3.wav,0.0,-0.008078543261541,0.0103907188042001,0.0,0.0,-0.0141918243711524,0.3617716830888901,0.0,0.0195956939313818,0.0,0.0,-0.0108184639988337,-0.0106243044075654,0.0,0.0,0.0,0.0115400202339502,0.0,0.0,0.0,0.0,0.0,0.0,0.0071741306476047,-0.0103885613900282,-0.0098542462111346,-0.5293960947541109,0.0,0.0216551439097876,-0.0197360608397123,-0.0379944615903976,0.0,0.0117549952538259,0.0085609587667187,0.0078055330905402,0.0157434506899943,-0.0202782652955816,0.1290973998956805,-0.0120916258781119,-0.0080015240123418,-0.0117566742174275,-0.003938137862377,-0.0416683584898835,0.0,0.0179310734769621,0.0,-0.0639243294887706,0.0,0.006923855442595,-0.0091915934413071,0.0728617418004495,-0.0085237598755487,0.027083541258729,-0.0319174591846135,0.0,-0.0069143613773785,0.0081791842618803,0.0064283524233003,0.0,-0.0446840804494221,0.0069079153571101,0.0,-0.0196662527075414,0.0100027420308729,0.0094847546066084,-0.0037580802371291,0.035951270773043,0.0140596321836566,0.0,-0.031579524461527,-0.0129138101030052,-0.0152873964561566,-0.0187486137373773,0.004464266134479,0.0214641218481445,-0.0101642000145211,0.0,-0.0106300181917714,-0.0231105373898139,-0.00450737494045,0.0,-0.0232716234973955,-0.0057877930507639,0.0027361074700947,-0.0103591207992719,0.0151956040782615,0.0184834492365143,-0.0112317363600377,0.0076653350996091,0.0,-0.0044780251727793,-0.0136861697258891,0.0,0.0125840859173921,0.0,0.0099105955985015,-0.0094519129726511,0.0,0.025696850303462,-0.0136303770796317,-0.0142638296256608,-0.0031859614940213,0.0,0.0,0.0,-0.014580889680289,0.0,0.0,0.0,-0.0038118868086688,-0.0138396020175904,-0.017253612606948,0.0,-0.004929144020196,-0.007734309774299,0.0,0.0,-0.0043735417114541,-0.0329677856019972,0.0,-0.0135655019871227,-0.0260989337424486,0.0102202437602763,-0.0061671319166977,0.0121678668809254,-0.0096640116372646,0.0129358797588511,0.0034536479366826,-0.0135425645734935,0.0,-0.021175237463359,0.0,0.0105966248140255,0.0,-0.0180199470468519,-0.0069003219192941,-0.0122339977101665,-0.0094677815474843,0.0,0.0,0.0,0.0,-0.002538821640023,0.0,-0.0077607752201429,0.0134949318416302,0.0,0.0,0.0,-0.0040128490265986,0.0,-0.0115996183186791,0.0140957065713936,0.0074313592842403,0.0108375522509845,0.0,0.0076447239713019,-0.0010459303299423,0.0,-0.0076162040713819,0.0
sid5139-clean-COSINE-7321-M_close_121.wav,0.0,0.0,0.0,0.0,0.0,0.0,0.0,0.0,0.0,0.0,0.0,0.0,0.0,0.0,0.0,-0.3051629664589581,0.0,0.1134003151303116,0.1648722278355037,0.0421128485846009,0.0104604198659783,0.050810023548051,0.0056092245288973,-0.0312895314044606,-0.0178458777893167,0.0298870014454577,0.0062326418816378,0.0185749185762049,-0.0228144666345944,-0.0131358015226249,-0.0339992190866256,-0.0211379971892434,0.0,0.0073534790841776,0.0,0.0,0.0,0.0,0.0,0.0,0.0,0.0,0.0,0.0,0.0,0.0062758329560248,0.0,0.0,0.0,0.0,0.0,0.0,0.0,0.0,0.0,0.0,0.0070601712655728,0.0,0.0,0.0,0.0,0.0,0.0,0.0054941816774796,0.0,0.0,0.0,0.0,0.0,0.0,0.0,0.0,0.0,0.0,0.0,0.0,0.0,0.0,0.0,0.0,0.0,0.0,0.0,0.0,0.0,0.0,0.0,0.0,0.0,0.0,0.0,0.0,0.0,0.0,0.0,0.0,0.0,0.0,0.0,0.0,0.0,0.0,0.0,0.0051760997450486,0.0,0.0,0.0,0.0,0.0,0.0,0.0,0.0,0.0,0.0,0.0,0.0,0.0,0.0,0.0,0.0,0.0,0.0,0.0,0.0,0.0,0.0,0.0,0.0,0.0,0.0,0.0,0.0,0.0,0.0,0.0,0.0,0.0,0.0,0.0,0.0,0.0,0.0,0.0,0.0,0.0,0.0,0.0,0.0,0.0,0.0,0.0,0.0,0.0,0.0,0.0,0.0,0.0,0.0,0.0,0.0,0.0
sid0842-anchor-COSINE-1399-F_close_223.wav,0.0,0.0,0.0,0.0,0.0,0.0,0.0,0.0079718401777935,0.0,0.0,0.0,0.0,0.0026501235532079,0.0,0.0,0.0,-0.1054392882554517,0.0,-0.0106072477846918,0.0,0.0,0.0,0.0,0.0,0.0,0.0,0.0079268535566753,0.0363960473409048,-0.1134136537566381,0.1005956276878425,-0.2795282399646428,-0.0454504744347356,-0.0468189414887001,0.1055287222451002,-0.0313796373304262,0.0138801123980439,0.0,0.0,0.0,0.0,0.0587884059212328,0.0325470741730831,0.0,0.0273642048969245,0.0,0.0363354366633257,0.0,0.0056069351305176,0.0179785780399607,0.009333099256956,0.0,0.0,-0.0244611626931213,0.0,0.033343840775131,0.0,0.0,0.0177497310917654,0.0188803396745947,0.0277243697441709,0.0289321123040557,0.0199877767988284,0.0143697112697785,-0.0117308785509667,-0.0073437102242696,-0.0166953132541033,0.0,0.0,0.0,0.0,0.0,0.0,0.0115316356956377,0.0,0.0,0.0,0.0,0.0087343600052402,0.0050529351808157,0.0,0.044240434788942,0.0198555443869295,0.0,0.0,0.0,0.0139810694952025,0.0,0.0133613309649057,0.0,0.0,0.0,0.0220523676532747,0.0101098995553493,0.0,0.0147295640126236,-0.0159919214874133,-0.0155588876897103,0.0,0.0,0.0,0.0052884639805961,-0.0144164665936668,0.0,0.0,0.0,0.0,0.0,0.0,0.0,0.0,0.0,0.0,0.0,0.0,0.0,0.0,-0.0120819131806843,-0.0095397754785114,0.0,-0.0102757632241595,0.0,0.0,0.0,0.0,0.0,0.0,0.0,-0.0075598634517776,0.0,0.0,0.0,-0.0091923245622084,0.0,0.0,0.0,0.0,0.0,0.0,0.0,0.0103103921339338,-0.0104958395513352,0.0,0.0,0.0,0.0,0.0,0.0,0.0,0.0,0.0,0.0,0.0,0.0,0.0,0.0,0.0,0.0,0.0,0.0,0.0,0.0
sid0609-anchor-COSINE-1278-F_close_205.wav,0.0,0.0,-0.0091292589015352,0.0,0.0,0.0061016569019664,0.1182852336823386,0.0,0.0104347004241937,0.0,0.0,0.0,0.0,-0.2769828582572167,0.0,0.0,-0.0760157552732051,0.0,0.0,-0.0276435470676327,0.024381702819024,-0.0425719450406407,0.0065870664265224,0.0,0.0,-0.0595775644308792,0.0227916752751167,0.0352651884805314,0.0268078389997252,-0.0206775863524236,0.0,0.0,0.0,0.0181481005296697,0.0,0.0,0.007821500083317,0.0270261344408,0.0,0.0,0.0,-0.0101925221420066,0.0,-0.0075660721122645,0.0,0.0037802126017891,0.0,0.0,0.0,0.0,0.0,0.0,-0.0085738830074247,0.0,0.0053213731005249,0.0,0.0,0.0,0.0060848346290542,0.0,0.0,0.0,-0.0101846315688768,-0.0077175378992914,0.0096913868704943,0.0,0.0057228924117144,0.0,0.0,0.0,-0.006489352383528,0.0,0.0053057816013527,0.0,0.0,0.0,0.0057389193724463,0.0,0.0,0.0031451741548289,0.0064187034182273,0.0077660301999619,-0.0164198903480399,0.0,0.0,0.0,0.0,0.0108043628367183,0.0040997314293831,0.0,0.0,0.0,0.0,0.0,0.0,0.0,0.0,0.0064029676276515,0.0,0.0,-0.0084264318982357,0.0078960300630857,0.0,0.0,0.0,0.0,0.0,0.0,0.0,0.0,0.0,0.0,0.0,0.0,0.0,0.0,-0.014254059473325,-0.0146023246722472,0.0,0.0015463089044859,0.0,0.0,0.0,0.0,0.0,0.0,-0.0081539396822096,0.0141807847921807,0.0,0.0,0.0,0.0,0.0,0.0010913405160679,0.0,0.0073215486981105,0.0,0.0,0.0,0.0,0.0,0.0,0.0,0.0,0.0,0.0,0.0,0.0,-0.0120592626219434,0.0,0.0,-0.0069872153821001,0.0052627734087401,0.0,0.0,0.0,0.0,0.0,0.0,0.0,0.0
sid4170-anchor-COSINE-5534-F_close_174.wav,0.0,0.0,0.0,0.0,0.0,0.0,0.0,0.0,0.0,-0.2380984440791249,0.0,0.0,0.0,0.1311103574324959,-0.0607328839146057,0.0,0.0,-0.0419109482262296,0.0398388654006939,0.0,0.0,0.0,0.0,-0.0702944297945231,-0.0371659871163135,-0.0318415305702292,0.0473496811431286,0.0,0.0348772428090207,-0.0126455839295738,0.0,0.0,0.024605963701067,0.0,0.0,0.0,0.015081559229052,0.0129113148952458,0.0,0.0,0.0,0.0,-0.003774064773977,0.0,-0.0058431064484878,-0.0057146577390301,-0.0071954690572855,-0.0029317232067192,0.0,0.0,0.0,0.0,0.0,0.0,0.0,0.0,-0.0065734580253214,-0.0041718685649819,0.0,0.0,0.0,-0.0047600125808121,0.0,0.0,0.0,-0.0125027362493742,0.0,0.0,0.0,0.0,-0.0026421679313783,0.0,-0.0037224555452557,0.0,0.0,0.0,0.0,0.0,0.0143496733188005,0.0,0.0,0.0,0.0,0.0,0.0,0.0,0.0,0.0,0.0,0.0,0.0,0.0,0.0,-0.0097450738204973,0.0,0.0,0.0,-0.0050028235102672,0.0,0.0,0.0,0.0,0.0,0.0,0.0,0.0,-0.0056743718077771,0.0,-0.0039502388937664,0.0,0.0,0.0,0.0,0.009433651401871,-0.009571279906657,-0.0073399861520946,-0.0073802983431327,0.0,0.0,0.0,0.0,-0.0076498326870982,-0.0094934441977783,0.0,0.0,0.0,0.0,-0.0023831368414453,-0.0018052990927636,0.0,0.0119321171283567,0.0,0.0,0.0,-0.0062915133315869,0.0,0.0,0.0,0.0,0.0,0.0,0.0,0.0,0.0,0.0,0.0,0.0,0.0,0.0,0.0,0.0,0.0,0.0093341860493155,0.0,0.0,0.0,0.0,0.0,0.0,0.0,0.0
sid4431-clean-COSINE-5897-F_close_82.wav,0.0146301295769329,0.0,0.0,0.0,0.0,0.0,0.0,0.0,0.0,0.0127866118659536,0.0,0.0198960644264353,-0.0130645965602177,0.0,-0.012177392078109,-0.4125926321355929,0.3550343427576128,-0.2289767141372227,-0.0766742281957974,-0.1465760382579625,0.0,0.0,-0.0575343828781834,0.0273811597698403,-0.009785067042258,0.0077175732299007,-0.0490590996333754,0.037797366833472,0.0680098682664337,-0.0138069304923733,0.0764138686765794,0.0,-0.0442427144393466,0.0290913342693185,0.0,0.0,0.0095176440295605,0.0,0.0,0.0,0.0,-0.0263296679698638,0.0,0.0,0.0,0.0,0.0,0.0285682368456911,0.0180718144596652,-0.0114027126115293,0.0,0.023107749390475,0.0,-0.0237230802483321,0.0,0.0,0.0,0.0,0.0056505445023738,0.0,0.0,0.0,-0.0240684735141759,0.0,0.0,0.013861692879204,0.0,0.0,0.0,0.0150542357378129,-0.0193900065512301,0.0,0.0,0.0,0.0,0.0,0.0,-0.0128600937933707,0.0224238362449155,0.0230608232906654,0.0406202403561096,0.0137513054677742,0.0,0.0,0.0,0.0,0.0137734346055568,0.0145590285778286,0.0,0.0,0.0210110696849288,0.0,0.0,0.0,0.0121824913792944,0.0,0.0,0.0,-0.0216769659033711,0.0217671176337837,0.0,0.0,0.0,-0.0175628521490115,0.0,-0.0153724020590408,0.0,0.0,-0.0292428484994459,0.0,0.0,0.0,0.0157684183671536,0.0086498465700572,0.0,0.0,0.0,0.0,0.0,0.0,0.0,-0.0168182286142327,0.0,0.0,0.0,-0.0178666273940402,0.0,0.0,0.0,0.0311580190283082,0.0,0.0115500874706309,0.0144889471639091,0.0067562571960864,0.0229171023378096,0.0,0.0,0.0,0.0,-0.0208397302781423,-0.0009796486935445,0.0,0.0231331295980625,0.0,-0.021087484267871,0.0,-0.0115653145241607,0.0178880239049359,0.0,0.0,0.0,0.0,0.021589325883476,0.0,0.0,-0.0205671281905585,0.0070751529609374,0.0174585636711224,0.0,0.0,-0.0149691978699651
sid3388-clean-COSINE-3904-M_close_183.wav,0.0,0.0,0.0,0.0,-0.0107545382560938,0.0,0.0,0.0119989873893524,0.0,0.0,0.0,0.0,0.0,-0.0119529233831595,0.0,0.0,0.0,0.2652184755317808,-0.4135238066666765,-0.0717997442422266,0.0,-0.0027752253744075,0.0,-0.0231951791482589,0.0461022245224066,0.0040801143698995,-0.064692214139582,0.0092477582209206,0.0,0.0084527267413114,-0.0226312546452156,-0.0584018848189937,0.0434669277671851,0.0249210848102813,0.0,0.0130941715963928,0.0,0.0,-0.0170390823973783,0.0067222641296854,0.0458970623774128,-0.006137791528902,0.0,0.008764707457681,0.0121773238699884,0.0075917218419771,0.0067875513808853,0.0,0.0151553740781464,0.0,0.0102605525084815,0.0,0.0,0.0,0.0,-0.0128247452273942,0.0,0.0,0.0,-0.0087020269907852,-0.0111277874175237,0.0,0.0,0.0097114167063901,0.0,0.0,0.0,0.0165882419824275,0.0084737607123422,0.0118250666521311,0.0,0.0,0.0,-0.0102501964312627,0.0,-0.0071596895739385,0.0,0.0,0.0045214499475925,0.0,0.0,0.0,0.0,0.0059067808287916,0.0001127160940187,0.0086933987654182,0.0,0.0,0.0131876209845323,0.0148483024748683,0.0,0.0224461374332417,0.0,0.0,0.0,0.0098393227669021,0.0,-0.0083707122853985,0.0053947795249803,0.0,0.0,0.0,0.0,0.0,0.0,0.0152799055251968,-0.0101706569862632,0.0168310049059585,0.0087311787152344,0.0,0.0,0.0,0.0,-0.011709028626921,-0.0061805401446121,0.0,0.0,0.0,0.0,0.0107825456733366,0.0,0.0062792122707759,0.0,-0.0092670024848481,0.0,0.0,0.0,0.0,0.0,0.0,0.0,0.0,0.0,0.008361254788467,0.0,-0.0086168438208179,0.00931521843812,0.0,0.0,0.0,0.0,0.0168716876890484,0.0,-0.0113240450310225,0.0,0.0,0.0,0.0,0.0,-0.0168284600073199,0.0,0.0,0.0,0.0079557842294852,0.0143815646055227,0.0,0.0,0.0,-0.0077269603856771,0.0,0.0067237649047768
sid2611-clean-COSINE-3277-F_close_111-truncated.wav,0.0,0.0,0.0,0.0251766580848412,0.0180060610607025,-0.0108598724800714,0.0292057053044396,-0.0218593994549816,-0.0101401337241872,-0.0071472013813687,0.0214322406796196,0.0179773645739338,0.005577562237989,0.0,-0.6751410207845329,-0.0294413387469026,0.0089468532616106,0.011184617066494,0.5350700920530117,0.025481284844103,0.0126965048453834,-0.0129783866411155,-0.0129526895997633,0.0,-0.0090043913461536,-0.1045748420322392,0.026761594644121,-0.2672359426946324,0.0053002972956879,-0.0376829805067663,0.0,0.0,-0.0164165967442233,0.0635277020228577,-0.0354675493419787,-0.0057147431369994,-0.0222828314825048,0.022194722850508,-0.0158584350849503,-0.051178346757893,0.0144342817339934,0.0207906700276253,-0.0157250517782205,-0.0121421586589311,0.0165439986499251,0.0,-0.0228118725912603,-0.0152668218886792,-0.0187226806284079,0.0123298021997528,0.0135384762647473,0.0,0.0339085121810309,0.016005514674862,0.0,0.0,0.0514360118036677,-0.0155431480527061,0.0232887224346956,-0.0060286696889721,0.017162120392351,-0.0080968466046273,0.0137730925220047,0.0,0.0,0.0,-0.0147773255353914,0.0,0.0,0.0,0.0,0.0042212666151945,0.0,0.0,0.0,0.0201971827132816,-0.0150521218604116,0.0,-0.0341473138758114,0.0,0.0,-0.0152785691082599,-0.0163149025139369,-0.0122370265925549,0.0,0.0126395617756469,0.0110286750902433,-0.0187064543769644,0.0,0.0,0.0,0.0150289471894003,0.0,0.0104912096633287,0.0070252094091622,0.0122766663339983,0.0,0.0,0.0149352068618886,0.0088572699630031,0.0,0.0,0.0,-0.0122726974498125,0.0,0.0,0.0,-0.0138835933115931,0.0202026086838132,0.0,0.0,-0.0156777934061531,0.0118259656371133,0.0,0.0,-0.0089578098340224,0.0,0.0,-0.0340680887876484,0.0,0.0,0.0,0.0060856812222431,0.0,0.0130292610411171,0.0,0.0,0.0,0.0,0.0170800691879153,-0.0122148017571616,-0.0071471344074355,0.0,0.0,0.0179826851195979,0.0207357876828451,0.0,0.0,0.0,0.0105356500627561,0.0,-0.0163118794163722,-0.0100878630539787,-0.0191003730999968,0.0162193911342054,0.0,0.0122867581891349,0.0,0.0217403750560632,0.0165267133292584,0.0147108067967873,0.0083959485443175,-0.014989169442376,-0.0237338965938298,0.0,0.0,-0.01784859392262,0.0,0.0248926203160959,0.0,-0.014561639253524
sid0925-anchor-COSINE-1399-F_close_312.wav,0.0,0.0,0.0,-0.0178095373574856,0.0,-0.0082831861868595,0.0,0.0,0.0,-0.0101559357811662,0.0,0.0,0.0,0.0,0.0,0.0,0.0,-0.0114041784932424,0.0,0.0,0.0143939733146968,0.0160544600629917,-0.0984757749327154,0.0791551273010618,-0.1093621181718429,-0.0093466897933962,-0.0133922998657716,0.1330199981650148,0.0,0.0142922981968973,0.0,0.0,0.0189581964558801,-0.0165982224695236,-0.3267726255227948,-0.017023575582041,-0.0266254328310821,0.0,-0.0111803549376869,-0.1175276911080125,-0.0221839865953504,0.2148085123162974,-0.0893968215213733,0.0,-0.0254936265601227,0.0,-0.0516132430139934,0.0478169927875214,-0.0280563104213236,0.0150937630251294,0.0112464390753932,0.0,-0.0415072666800067,0.0124902678358058,-0.0222911479875669,0.0306688697739538,0.0,0.0,0.0162174427513828,0.0353742884453088,0.0349181441632329,0.0140573822927868,0.0151965700745238,0.0,0.0171700384895728,0.0,0.0200721168304508,0.0,0.0,0.0151260038630978,0.0144388411692397,0.0,-0.0195240729131976,-0.0227461275338584,-0.0203004733188153,0.0,0.0115526572963228,0.0193745909027378,-0.0092162257582869,-0.0200098299751611,0.0,0.0137559005496818,0.0,0.0,-0.0072941677014875,0.0,0.0114419420682463,-0.0180762333232549,0.0050460548040134,0.0,0.0,0.0,0.0,0.0,0.0174081030698056,0.0443012071015322,0.0,0.0106163939334444,0.0224370182310752,0.0337981916745294,0.0,0.0,0.0,0.0059251178967216,0.0,-0.0139992194659639,0.0,-0.011622463159253,0.0,0.0147114340689895,0.0,-0.0149838915430471,0.0,-0.0097191150270758,0.0,0.0,0.0,0.0,0.0,-0.0228001376438585,0.0,0.016204099927295,0.0,0.0,0.0,0.0198512031348345,-0.0112142552136277,0.0210732877491039,-0.0119128628529689,0.0,0.0,0.0,0.0,-0.0218558910139446,0.0,0.0,0.0163052166728567,0.0,0.0,0.0097225551441947,-0.004699449738251,-0.011900323561323,-0.0108659319182971,-0.0287843381717918,0.0291892264914066,0.0,0.0,0.0,0.0,-0.0096061449190947,0.0,-0.0100581925510604,0.0,0.0180435065797088,0.0,0.0,0.0,0.0,0.0,0.0,0.0
sid5663-noisy-COSINE-8112-F_array1_64.wav,0.0,0.0,0.0098730514293168,0.0,0.0,0.0099964207272615,0.0934682954650167,-0.2798495223583572,0.0,0.0,-0.2168749286864039,0.0,-0.0110087734837952,0.0,0.0,0.0,0.0,-0.0669847852730772,0.0,0.0,0.0,0.0120438699006691,0.0,0.0152303094225459,-0.0670876595415812,0.0,0.0,-0.0525720643354371,0.0262550578883324,0.0,0.0169312926896953,0.0044826680108943,0.0493340441014379,0.0700578933049946,-0.0741400067405321,-0.0268284962175532,0.0,0.0214116298248987,0.0090986370459675,0.0,0.0,0.010661144667818,0.0,0.0,0.0,0.0,0.0,0.0228051688034839,-0.0164680046585684,0.0089493114812901,0.0225295158494342,0.0,0.0,0.0,0.0,0.0099360492171792,0.0,0.0,0.0,0.0,0.0,0.0,0.0,0.0,0.0,0.0,0.0,0.0,0.0,0.0,0.0,0.0,0.0,0.0,0.0,-0.0161620565630016,0.0,0.0,0.0,0.0,0.0104917961157352,0.0162136743564756,0.0,0.0,0.0,0.0082773265868418,0.0,0.0190089334482811,0.0177603052975502,0.0224307644070397,0.0153540160099192,0.0031543856049661,0.0,0.0,0.0042064803026359,0.0088406596478093,0.0,0.0,0.0,-0.0179461272656113,-0.0172259002908126,0.0082340468489047,0.024013998742908,0.0,0.0,0.0,0.0,0.0,0.0,-0.028130524337193,0.0,-0.0156180663435584,0.0,0.0,0.0,0.0,0.0,0.0,0.0099460193380693,0.0054628366778572,0.0046389980285971,0.0,0.0,0.0,0.0,0.0052790648362489,0.0,0.0,0.0089500820915662,0.0202552660252253,0.0109593973660986,0.0044011050294926,0.0,0.0,0.0,-0.0141816538660688,0.0,0.0,0.0244017131142803,0.005704106149461,0.0165515050980429,0.0,0.0,0.0,0.0,0.0,0.0,0.0,0.0,0.0093186738139968,0.0,0.0,0.0,0.0045004828516685,0.0,0.0,-0.0130601550283544,0.0,0.0,0.0033812020022595,0.0
sid2553-noisy-COSINE-3231-F_array1_54.wav,0.0,0.0,0.0,0.0,0.0,0.0,0.2745319150474283,0.0,0.0,-0.4342363483485654,0.0,-0.1305286705201243,-0.0607487640219342,0.0760216976803154,0.0077039541278034,0.0,0.0,-0.0384162627867565,0.0,0.0,0.0,0.0,0.0,0.0,-0.026623001316249,0.059399836900472,0.0,0.0159037260384147,0.0,0.0,0.0,0.0,0.0482371390635794,-0.0440181588900563,0.0,-0.0118614920958252,0.0,0.0,0.0,0.0110361734220539,0.0252010320755856,0.0214685497360384,0.0121686797034922,0.0083208071338744,0.0,0.0,0.0,0.0,0.0,0.0,0.0,0.0,-0.0121456221278306,0.0,0.0,0.0174905512624114,0.0,0.0113685088943787,0.0051106138432903,0.0,0.0,0.0,0.0,0.0,0.0,0.0,0.0,0.0,0.0,0.0,0.0,0.0,0.0,0.0,0.0,0.0,0.0,0.0,0.0,0.0,0.0,0.0,0.0,0.0,0.0,0.0,0.0,0.0,0.0,0.0,-0.0080795795358308,0.0,0.0,0.0,0.0,0.0,0.0,0.0,0.0,0.0,-0.0177032275710284,0.0,0.0,0.0,0.0,0.0,-0.0099384273339478,0.0,0.0,0.0,0.0,0.0,0.0,0.0,0.0079063197753051,0.0,0.0,0.0,0.0,0.0,0.0,0.0,0.0,0.0,0.0,0.0,0.0,0.0,0.0,0.0,0.0,0.0,0.0,0.0,0.0,0.0,0.0,0.0,0.0,0.008227209914607,0.0,0.0,0.0,0.0,0.0,0.0,0.0,0.0,0.0,0.011690984415392,0.0,0.0,0.0137765087195774,0.0,0.0,0.0,0.0,0.0,0.0,0.0,0.0
sid4090-clean-COSINE-5289-F_close_92.wav,0.0,0.0,0.0,0.0,0.0,-0.887715994969518,0.969954512165666,-0.1541673030744305,-0.1648870091782882,-0.1106987275197463,0.0,0.0,0.0,0.0,0.0,0.0,0.0,0.0,0.0,0.0,-0.0129646006667148,0.0,0.0,0.0,0.0,0.0,0.0,0.0,0.0,0.0,0.0,0.0,0.0,0.0,0.0,0.0,0.0,0.0,0.0,0.0,0.0,0.0,0.0,0.0,0.0,0.0,0.0,0.0,0.0,0.0,0.0,0.0,0.0,0.0,0.0,0.0,-0.0046927432228891,0.0,0.0,0.0,0.0,0.0,0.0,0.0,0.0,0.0,0.0,0.0,0.0,0.0,0.0,0.0,0.0,0.0,0.0,0.0,0.0,0.0,0.0,0.0,0.0,0.0,0.0,0.0,0.0,0.0,0.0,0.0,0.0,0.0,0.0,0.0,0.0,0.0,0.0,0.0,0.0,0.0,0.0,0.0,0.0,0.0,0.0,0.0,0.0,-0.0067306986051094,0.0,0.0,0.0,0.0,0.0,0.0,0.0,-0.0149145221928001,0.0,0.0,0.0,0.0,0.0,0.0,0.0,0.0,0.0,0.0,0.0,0.0,0.0,0.0,0.0,0.0,0.0,0.0,0.0,0.0,0.0,0.0,0.0,0.0,0.0,0.0,0.0,0.0,0.0,0.0,-0.0044931992580811,0.0,0.0,0.0,0.0,0.0,0.0,0.0,0.0,0.0,0.0,0.0,0.0,0.0,0.0,0.0,0.0
sid5030-noisy-COSINE-7275-F_array1_13.wav,0.0,0.0,0.0,0.0,0.0,0.0,0.3298031843534715,0.0,-0.4323095790295866,0.0,0.0,-0.0067028334767612,0.0,0.0,0.0,-0.0060451578410717,0.0,-0.0077838088616826,-0.0736003255274263,0.0,0.0,-0.0731413008910876,0.0454075043035893,-0.0464054510869646,0.0,-0.0191801911780784,0.0071610343860829,0.0,0.0,0.0,0.0050118306935081,-0.0149536500404685,-0.0178990789718528,0.0,0.0146947770266037,-0.0083768868795509,0.0536039974333563,0.0107080016525366,-0.0685579422962276,0.0,-0.0597241329626272,0.0219826593507008,0.0,0.0132328448390643,0.0094145478997323,0.0,0.0,0.0,0.0,0.0,0.0,-0.0072242411484472,-0.0074104350635695,-0.0077574516471888,0.0,0.0,-0.0035736253070736,0.0,0.0,0.0,0.0111002601019285,0.0,0.0,0.0,0.0,0.0,0.0,0.0,-0.0024708522006636,0.0,0.0,0.0,0.0,0.0,0.0,0.0,0.0,-0.0042588146224504,0.0,-0.0034216246934182,0.0,0.0,0.0071799373028708,0.0,0.0,0.0,0.0,0.0,0.0,0.0,0.0093079135373727,0.0099412328212902,0.0,0.0058378790863461,-0.0044014978701012,0.0,0.0,0.0,0.0,-0.0055934071944965,0.0,0.0,0.0,0.0,0.0,0.0,0.008159825614925,-0.0076351960149806,0.0,0.0,0.0,0.0,0.0,0.0,0.0,-0.0051274901183431,0.0,0.0,0.0,0.0,0.0,-0.0062806922502694,0.0,0.0,0.0,0.0,-0.0056129490467886,0.0,0.0,-0.0036977061308048,0.0,0.0144648957297045,0.0163232378797115,0.0,0.0,0.0,0.0077494411391927,0.0,0.0,0.0,-0.0042401182012892,0.0,0.0,-0.0052548267255791,0.0,0.0,0.0,0.0,-0.0054227754829334,-0.0114243154897786,0.0,0.0,-0.0068488562723475,0.0,-0.0063128745153138,-0.0068545186705612,0.0,0.0,0.0,0.0087659970966762,0.0
sid3058-clean-COSINE-3792-F_close_78.wav,0.0,-0.0097385155124816,0.0,0.0,0.0,0.0,0.0,0.0,0.0,0.0,-0.0096215193926749,0.0,0.0,0.0,-0.1233060498500802,0.0,-0.0591317572110485,0.0115830812896696,-0.0819782391019751,0.0,-0.01513951762108,-0.00885270414944,0.0,0.0,-0.0231210235075981,-0.007322415191755,-0.0134426585414415,0.0,-0.025231902597258,0.0086495673588414,-0.0089127992709828,0.0,0.0092388832246133,0.0,0.0,0.0,-0.0120730587816656,0.0,0.0,0.0,-0.0072158088771874,0.0,0.0,-0.005424206098015,0.0,0.0,0.0,0.0,0.0,0.0,0.0,0.0,0.0,0.0,0.0,0.0,0.0,0.0,0.0,0.0,0.0,0.0,0.0,0.0,-0.0062174264576999,0.0,0.0,0.0170707597200051,0.0172436087850359,0.0,0.0,0.0155242766457761,0.0,0.0,0.0,0.0,0.0,0.0073999048383701,0.0,0.0069030880472141,0.0,0.0,0.0,0.0,0.0,0.0,0.0,0.0,0.0114147117208147,-0.0058991874329351,0.0,-0.0086041772628672,0.0,0.0,0.0,0.0,0.0,0.0,0.0,0.0,0.0,0.0,0.0,0.0,0.0,0.0,0.0,0.0,0.0,0.0120092318882882,0.0,0.00979961527661,0.0102168540846694,0.0180241680705833,0.0,0.0,0.0,-0.005203802760905,0.0,0.0129003506091824,0.0132450793099042,0.0130479280057677,0.0105698569537731,0.0,0.0,0.0,0.0,0.0,0.0,0.0093433961777923,0.0,0.0,0.0,0.0,0.0,0.0,-0.0088484486429302,0.0,0.0,0.0,0.0,0.0,0.0,0.0,0.0,0.0,0.0,0.0,0.0,0.0,0.0,0.0,0.0,0.0,0.0,0.0,0.0,0.0,0.0,0.0,0.0085658897862994
sid2253-clean-COSINE-2898-M_close_19.wav,0.0,0.0,0.0,0.0,0.0,0.0,0.0,0.0,0.1224837670945563,-0.2294887280939935,0.0,0.0,-0.0317301489505364,0.0,0.0,0.0125231742642755,-0.0645110420053653,-0.0111915577740129,-0.0185421525561233,0.0129477058279759,0.0,0.0,0.0,0.0,0.0107534002268945,-0.0349404835013149,0.0,0.0212915965748856,0.0188870675963079,0.0,0.0,0.0,0.0,0.0,-0.0093846700515746,0.0,-0.0107089885733865,0.0,0.0,0.0,0.0,0.0,0.0,0.0,0.0,0.0,0.0,0.0,0.0,0.0,0.0,0.0,0.0,0.0,0.0,0.0,0.0,0.0,0.0,0.0,0.0,0.0,0.0,0.0,0.0,0.0,0.0,0.0,0.0,0.0,0.0,0.0,0.0,0.0,0.0,0.0,0.0,0.0,0.0,0.0,0.0,0.0,0.0,0.0,0.0,0.0,0.0,0.0,0.0,0.0,0.0126329045753936,0.0091197152873864,0.0,0.0,0.0,0.0,0.0,0.0,0.0,0.0,0.0,0.0,0.0,0.0,0.0,0.0,0.0,0.0,0.0,0.0,0.0,0.0,0.0,0.0,0.0,0.0,0.0,0.0,0.0,0.0,0.0,0.0,0.0,0.0,0.0,0.0,0.0,0.0,0.0,0.0,0.0,0.0,0.0,0.0,0.0,0.0,0.0106624876431652,0.0,0.0,0.0,0.0,0.0,0.0,0.0,0.0,0.0,0.0,0.0,0.0,0.0,0.0,0.0,0.0,0.0,0.0,0.0,0.0,0.0,0.0,0.0,0.0
sid4715-noisy-COSINE-6463-F_array1_69.wav,-0.0017851395400005,0.0,0.0,0.0,0.1142836067941274,0.0,0.0,0.0,0.0,0.0,0.0,0.0,0.0,0.0,-0.2061189531729284,0.0,0.0,-0.05644029665731,0.0,0.0,-0.0505414514224812,0.0,0.0,0.0,0.0,-0.0015085316834333,-0.043002729594982,0.0,-0.0132364931045694,-0.0346970836706729,0.0,0.0,0.0463130415683434,0.0,-0.0290070478169094,-0.0381530159509589,-0.0368364272696233,-0.0137472176227064,-0.0087499735063724,0.0,0.0,-0.0181312854958311,-0.0171185795514346,0.0,-0.0103893518511103,-0.0026332417224193,0.0,-0.0034534646250536,-0.0099502590922265,0.0,0.0,0.0,-0.0065157782657223,-0.0063155992839332,0.0,0.0,-0.0030367204980979,0.0,0.0,-0.0019458877428274,0.0,-0.00624600222613,0.0,-0.0081438629612489,0.0,0.0,0.0,0.0,0.0,0.0,-0.0033301197269638,0.0,0.0,0.0,0.0,0.0,0.0,0.0,0.0,0.0,0.0,0.0,0.0,0.0,0.0,0.0,-0.0064838723556738,0.0,0.0143133368141644,0.0,0.0,0.0,0.0,0.0,-0.0039812476033582,0.0,0.0,0.0,0.0,-0.0042304714985209,0.0,-0.0028543501748103,0.0,0.0,0.0,0.0,0.0,0.0,0.0,0.0,0.0,0.0,0.0,0.0,0.0,0.0,0.0,-0.0051679627336418,-0.0176456545274287,-0.0130403041542475,0.0,0.0,-0.0026338436029705,0.0,0.0,-0.0033150700129185,-0.0036124524883203,0.0,-0.0040152795275205,0.0,0.0,0.0,0.0,0.0,0.0,-0.0033904590534815,0.0,-0.0022715607409404,0.0,0.0,0.0,-0.0090517899953318,0.0,0.0,0.0,0.0,-0.0060977989036435,-0.0010313153700216,-0.0010640071221024,0.0,0.0,-0.0016939915294971,0.0,0.0,0.0,0.0,0.0,0.0,0.0,0.0,0.0
sid0597-clean-COSINE-1278-F_close_193.wav,-0.0031976294593567,0.0,0.0,0.0,0.0,-0.0062836321310713,-0.6008012772139008,0.0,0.3832691426634921,-0.162310959986511,0.0,0.0,0.0,0.0,-0.1262513948254823,-0.122972055492102,-0.0620880241934371,0.0,0.0617779325169078,0.0,0.0,0.0,-0.0177432164531593,-0.0195738183317811,-0.007374406462441,-0.0212586972320379,0.0,0.0,0.0,0.0,0.0,-0.0105407466491166,0.0,-0.0092716095924302,0.0,0.0,0.0,0.0,0.0,0.0,0.0,0.0,0.0,0.0,-0.0086339858492959,0.0,0.0,0.0,0.0,0.0,0.0,0.0,0.0,0.0,0.0,0.0,0.0,0.0,0.0,0.0,0.0,0.0,0.0,0.0,0.0,0.0,0.0,0.0,0.0,0.0,0.0,0.0,0.0,0.0,0.0,0.0,0.0,0.0,0.0,0.0,0.0,0.0,0.0,0.0,0.0,0.0,0.0,0.0,0.0,0.0,0.0,0.0,-0.0072211741267741,0.0,0.0,-0.0139510242717079,0.0,0.0,0.0,0.0,0.0339715799236667,0.0,0.0,0.0,0.0,0.0,0.0,-0.0183820917144135,-0.0090846582235079,0.0,0.0,0.0,0.0,0.0,0.0,0.0,0.0,0.0,0.0,0.0,0.0,0.0,0.0,0.0,0.0,0.0,0.0,0.0,0.0,0.0,0.0,0.0,0.0,0.0,0.0,0.0,-0.0044641791421827,0.0,0.0,0.0,0.0,0.0,0.0,0.0,0.0,0.0,0.0,0.0,0.0,0.0,0.0,0.0,0.0,0.0,0.0,0.0,0.0,0.0,0.0,0.0,0.0
sid1155-anchor-COSINE-1777-F_close_74.wav,0.0,0.0,0.0,0.0,0.0,-0.0053022329678681,0.0841215502720989,0.0,-0.0018975291771491,0.0,0.0,0.0,-0.2243244574776289,0.0,-0.0819221621260519,0.0,-0.0355466581929531,0.0342935496212679,0.0,0.0,0.0,-0.0648773285712667,0.0,-0.0462331886322908,-0.0039281448325123,0.0,0.0432126055110826,0.0092318216832696,0.0089535286933172,-0.0064337107049841,0.0,-0.0052150212232381,0.0,0.0,0.0,0.0118593502228213,0.0,0.0,0.0088244559028917,-0.0105809556552052,-0.0122526262946814,0.0,0.0,0.0,0.0113555964276361,0.0,0.0091587611108069,0.0,0.0,0.0,0.0,0.0,0.0,0.0,-0.0054220941213462,0.0,-0.0052099766286639,0.0,0.0,0.0,0.0,0.0,0.0,0.0,0.0,0.0,0.0,0.0,0.0090759203510522,0.0,0.0,0.0,0.0,0.0,0.0,0.0,0.0,0.0,0.0,0.0,0.0,0.0,0.0,-0.0134261811844918,0.0,0.0,0.0113614296753516,0.0,0.0,0.0,0.0,0.0,0.0,0.0,0.0,0.0,0.0,0.0,0.0,0.0,0.0,0.0,0.0091245970853286,0.0,0.0,-0.0062450959814762,-0.0148240398346445,-0.0054452790550327,0.0,0.0,0.0120640325710876,0.0,0.0,0.0,0.0,0.0,-0.0090190503388031,0.0,0.0,0.0,0.0,0.0,0.0,0.0,0.0,0.0,-0.0070616481444013,0.0,0.0,0.0,0.0,0.0,0.0,0.0,-0.0074362039979109,0.0,0.0,0.0,0.0,0.0,0.0,0.0,0.0,0.0,0.0,0.0,0.0,0.0,0.0,0.0,0.0,0.0,0.0,0.0,-0.0060500308481865,0.0,-0.0056472727505675,0.0,0.0,0.0,0.0
sid2837-anchor-COSINE-3792-F_close_108.wav,0.0119419447158353,0.0,0.0,0.0,-0.4984977560828704,-0.0207098626771004,0.0212818010195226,0.0,0.0118744631430269,0.013702342633459,0.0,0.0,0.3957055895203563,0.0,-0.0183446868216307,0.0,0.0,-0.2092809985634375,0.0201896544221235,0.0,0.0,0.0,0.0247119596200819,0.0,0.0,-0.0752939354086279,0.0,0.0117684440335969,0.0,-0.1208975449768618,-0.1262137730497057,0.0116553743036607,0.0295580139163038,0.0,0.0,0.0516033818893591,0.0173898986001226,0.0,0.0126410849568163,0.072968134801923,0.0,0.0899556838652109,0.0,0.022634310920195,0.0264474699149806,0.0747957637889014,0.0,-0.059153955306031,0.0,-0.0283931716366984,0.0,0.0,0.0148949339046856,0.0,0.0356009881994831,0.0435313940917533,0.0240305172046178,0.0,0.027392391059338,0.0268753402456378,0.0076701343095669,0.0,0.0176976748093092,-0.0114924709762563,0.0,0.0,-0.0197168108399641,0.0,0.0,0.0,0.0,0.0,0.022454361595106,0.0128815563968764,0.0,0.007816454992872,0.01872998130005,0.066902232599345,0.0,-0.0001175350724531,0.0043965815552782,0.0,0.0,0.0,0.0142598671108927,0.0,0.006609252489304,0.0,0.0099501667246043,0.0,0.0,-0.0234519308548788,0.0,-0.0391091618367888,0.0109498342461774,0.0,0.0,0.0,0.0,-0.0165465792204019,0.0,0.0,0.0,0.0,0.0195595962892265,0.0106862925448941,-0.0239465926599165,0.0,0.0019268804825527,0.0285536315099454,0.0242604554168352,0.0,0.0,0.0,0.0,0.0,0.0,0.0,0.0,0.0,0.0,0.0,0.0,0.0,0.0093480795593392,0.0,0.0,0.0,0.0,0.0,0.0,0.0130696062058485,0.0,0.0,0.0,0.0,0.0110748863074545,0.0,0.0,0.0,0.0,0.0,0.0,0.0,0.0,0.0,0.0,0.0,0.0,0.0,0.0,0.0,0.0153665702878574,0.0,-0.0229814739642478,0.0,0.0,0.0,0.0,0.0,0.0
sid5044-anchor-COSINE-7275-F_close_3.wav,0.0,0.0,0.0,0.0,0.0,0.0,0.0,0.0,0.0,0.0,0.0,0.0,-0.1962356579027623,0.0,0.0,0.0169183707213978,-0.0846920685238654,-0.0119673996666832,-0.0268825419759413,-0.0619327250489752,0.0165322338673546,-0.0299584742512843,0.0301052557052281,0.0,-0.0178407396116856,-0.0096379583389066,-0.0173171866490871,0.0,-0.0113669067736675,0.0166035429373801,0.0,0.0,0.0,0.0,0.0,0.0,0.0,0.0,-0.0074781094567837,0.0,0.0,0.0,0.0,0.0,0.0,0.0,0.0,0.0,0.0,0.0,0.0,0.0,0.0,0.0,0.0,0.0,0.0,0.0,0.0134894642836999,0.0,0.0,0.0,0.0,0.0,0.0,0.0,0.0,0.0,0.0,0.0,0.0,0.0,0.0,0.0,0.0,0.0,0.0,0.0,0.0,0.0,0.0,0.0,0.0,0.0,0.0,0.0,0.0,0.0,0.0,0.0,0.0,0.0,-0.0126462218763455,0.0,0.0,0.0,0.0,0.0,0.0,0.0,-0.0093609405563979,0.0,0.0,0.0,0.0,0.0,0.0,0.0,0.0,0.0,0.0,0.0,-0.0060493933421278,0.0,0.0,0.0,0.0,0.0,0.0,0.0,0.0,0.0,0.0,0.0,0.0,0.0,0.0,0.0,0.0,0.0,0.0,0.0,0.0,0.0,0.0,0.0,0.0,0.0,0.0,-0.0022491773372387,0.0,0.0,0.0,0.0,0.0,0.0,0.0,0.0,0.0,0.0,0.0,0.0,0.0,0.0,0.0,0.0,0.0,0.0,0.0,0.0,0.0
sid3071-anchor-COSINE-3792-F_close_90.wav,0.0,0.0,0.0,0.0,0.2354456407663626,-0.0068073652756334,0.0,0.0,0.0,-0.3255926591625144,0.0,0.0,-0.0611407878426027,0.0,0.0,0.0,-0.0175874683773955,0.0,-0.0468673270286888,0.0195140653375216,0.0,-0.0355491274962995,0.0204060574544549,0.0,0.0,0.0218352273097529,-0.0267972626368329,0.0,-0.0208832491014914,0.0093991221223776,0.0226612134180951,0.0,0.0,0.0,0.0,0.0085135699333763,0.0,0.0,0.0,0.0,-0.0061950385838416,0.0,0.0,0.0,0.0,0.0,0.0,0.0,0.0,0.0,0.0,0.0,0.0,0.0,-0.0036487652545743,0.0,0.0,0.0,0.0,0.0,0.0,0.0,0.0,0.0,0.0,0.0,0.0,0.0,0.0,0.0,-0.0071090243101127,0.0,0.0,0.0,0.0128474324368617,0.0,0.0,0.0171264031854311,0.0,0.0,0.0,0.0,0.0,0.0,0.0,0.0,0.0087548978411749,0.0,0.0,0.0,0.0,0.0066107223124277,0.0036392690912888,0.0,-0.0057784802220669,0.007158795266128,0.0,0.0,0.0,0.0,0.0,0.0,0.0,0.0,0.0,-0.0079739168562193,-0.0075082741092734,0.0,0.0,-0.0117797479515519,-0.0133552161596568,0.0046858791706227,-0.0148328257833107,0.0,0.0,0.0,0.0,0.0,-0.0138355745515205,-0.0061612239491394,0.0,0.0,0.0,0.0,-0.0077708862516688,0.0,-0.012142219643562,0.0113736475904323,0.0110171807225302,0.0,-0.0134520909301549,0.0,-0.0084543554441303,0.0,0.0,0.0,0.0,0.0,0.0,0.0,0.0,0.0,0.0,-0.0100246096774294,0.0,0.0,0.0,0.0,-0.0056310530218729,0.0,0.0,0.0,0.0,0.010197240838671,0.0,0.0,0.0,0.0,0.0,0.0,0.0072010740223384
sid2837-clean-COSINE-3792-F_close_108.wav,0.0,-0.0128990945085218,0.0092820175092226,-0.0218827652044563,-0.4920359522848794,0.0189477874468433,-0.0123396997865491,0.4095895666264085,0.0,0.0,-0.0238560062180938,0.0,0.011223317874239,0.0,0.0,0.0101815308424887,0.0,-0.0171400941767533,-0.0109476862240467,0.0,0.0,0.0019648555190445,-0.1964119439017423,-0.0309590622670781,-0.1082369759382848,0.0,0.0180147082012871,-0.131294584888236,0.0104325568378626,0.0094367574671323,-0.09886233416927,0.0159801539543053,0.0,0.0,0.0,0.0127239201384306,0.0240683508658514,-0.0127889816046826,0.0072616889773009,0.0146540916457129,-0.0211362902100805,0.0,0.0357213889639222,0.0233921188628354,0.0,-0.0071138230733624,-0.0316903213781464,-0.0368135601817746,0.0078265750375675,0.0868707963092875,0.114605691706328,0.0188334372076382,-0.0202700193619248,0.0610690127819497,0.0272984753840178,0.0,0.0103307640650549,0.0314281527648435,0.0,0.0691876760277533,0.0,0.0318963021596958,-0.0151984831909519,-0.0181110993381554,0.0,0.0128855638005047,0.0,0.0,0.0,-0.0457763779199941,-0.0332232712294486,0.0,0.00983470522164,-0.017352767143119,0.0,0.0,0.0111767226210805,-0.0104845512117541,0.0345396427265401,0.0,0.0271558857204855,0.0112730940741298,0.0025940749016139,-0.0108832283462396,0.0161225367361005,0.0148109455065904,0.0132478296670414,0.0043766629918495,0.008653767100448,0.0331030328165606,0.0207034386326481,0.0097929583020417,0.0127067755678839,0.0126753996151038,-0.0174336011200461,0.0292710511391701,-0.0305271305336388,0.0,0.025162823515805,0.0,-0.013655126543322,0.0,-0.0089191056221366,0.0,-0.0216399764653954,0.0186968243784236,-0.0151654276126819,0.0,0.0,0.0,0.0306799481611974,-0.0143254655633794,0.0,0.0,0.0098828756911142,0.0137146031338921,-0.0165761006783997,0.0157392781168385,0.0,0.0361728971555513,0.0,0.0099765177321051,0.0,0.0,0.0177910256261185,0.0545212273406832,0.0,0.0084911178838348,0.0,0.0,0.0313134516103865,0.0409746167379895,-0.0154343107908387,0.0,0.0173198566668318,0.0,-0.0103082245900807,0.0,0.0275599135624897,0.0191805070176248,0.0551624853282881,-0.0195881821535498,0.0289343905048277,0.0203897490831767,0.0324668482475491,-0.0188507847647139,0.0263649768971071,0.0,0.0362710464930158,0.0118481296364123,0.0,0.0342793666882898,0.0180022784581173,0.0059224993650304,-0.019762497188907,-0.0380066832004209,0.0,0.0276770223588169,-0.0138143067056,0.0049450697976619,0.0081603315418702
sid3629-clean-COSINE-4174-F_close_72.wav,0.0,-0.0101274787452119,0.0,0.0,0.0,0.0,0.2753657597204112,0.0,-0.0095884859060527,0.0,0.0,0.0,0.0,-0.3816390714189174,0.0,-0.005341821412887,-0.0956476656276101,0.0,-0.0179224189939136,0.0,0.0,-0.0085466056129604,0.0,0.0516124278346756,0.0052489433461213,0.0,0.00890282853569,-0.0416489027152445,0.0,-0.0539217348427655,0.0487376634550119,0.0178203046179739,0.0138290948761063,-0.0170936269401421,0.0033064514296076,0.0,-0.0067391268356694,0.0161704730780408,0.0,0.0,0.0605234882276688,-0.0176120542393372,0.0,0.0,0.0,-0.0077549731926342,0.0,-0.0144316898184996,0.0060257502063762,-0.0133843007319774,-0.0099792202786007,0.0,0.0052913850560294,0.0,0.0028804021453084,0.0,0.0,0.0090574558258537,0.0043808734724661,0.0129491347967464,0.0066543188295066,0.0,-0.0130246581481136,0.0,0.0,0.0,0.0,0.0,0.0,0.0,0.010237063164119,0.0079250527822552,0.0134793601423193,0.0,0.0049123507161678,0.0,0.0132226345894142,0.0,0.0,0.0,0.0,0.0,0.0,-0.0075311161331264,0.0,0.0124171063349636,0.0137011229022357,0.0,0.0,0.0,0.0,0.0,0.0,-0.0083875124043094,0.0,0.0,0.0034764175126059,0.0,0.0,0.0,0.0,0.0,-0.0165517364899363,0.0162621826694261,0.0057646337261959,0.0,0.0,-0.0083329640735437,0.0,0.0,0.0077293734698024,0.0,0.0074478489887686,0.0,0.0,0.0,0.0,0.0,0.0,0.0,0.0,0.0,0.0,0.0,0.0,0.0,0.0,-0.0137292612210633,-0.0074190784430858,0.0,-0.006430440493094,0.0,0.0,0.0,0.006574186001104,0.006382353064499,0.0,0.0,0.020204815541663,0.0,0.0213806249280435,0.0,0.00999898443991,0.0068886763000995,0.0,0.0,0.0,0.0,0.0,0.0,-0.0097107965153813,0.0039002799529137,0.0,0.0,0.0,0.0,0.0,0.0,0.0053596845222987,0.0,0.0
sid1490-anchor-COSINE-2406-F_close_132-truncated.wav,-0.004541265937137,0.0,0.0,0.0067690547168428,0.0,0.0144611619271999,-0.012739407997289,0.0,0.0072532789017347,0.0,0.0,0.0137138055799507,0.0,0.0094934501021049,0.0,0.0,0.021258362883947,0.0,-0.1414037863907752,-0.0091696406611797,-0.2241202309618974,0.0,0.0,0.0,-0.07520602351757,-0.0529560721978989,0.0,0.0,0.0,-0.1198675077116355,0.0136484062914179,0.0,0.0157867568271335,0.0,0.0,0.0,-0.0384987704225291,0.1726668948472551,0.0,-0.0100446987684278,-0.0081171912253289,-0.0075828568815246,0.0,0.0,-0.0085425859898804,0.0,0.0,0.0,-0.1180792963409687,0.0205147896635807,-0.0124584163787168,0.0,0.0,0.0685091288441364,0.1423576731857272,-0.0653754335343013,0.0,0.0091880015542291,-0.0126435689066786,0.0,-0.0174342040141497,0.0396962145473932,-0.0113382028097102,0.0147465089205303,-0.0154902451551932,0.0,0.0,0.0,0.0,0.0,0.0,0.0209645701842399,0.0,0.0,-0.020966788193308,-0.0083717398941649,0.0186585501751295,0.0,0.0,-0.0066420076620862,-0.0089806035965558,0.0,0.0123075331562065,0.008695644290416,0.0,0.0,0.0,0.0,-0.0094387680699912,0.0074304119736066,0.0,0.0,-0.0013615599739233,-0.0120530921608963,0.0121592521751462,-0.0145774135570792,0.0,-0.0096242204393079,-0.0047706702107688,-0.010532540054772,-0.0038271908959119,0.0105980576460608,0.0,-0.0131023274676676,0.0164270114457569,0.0070887500331969,0.0,0.0,0.0127058571126884,0.0063649489514174,0.0,0.0062841291286352,0.0,0.0092209192012562,0.0222367677496306,0.0165758785463639,0.0,0.0254818047356761,0.0217039275692753,0.0099739497477729,0.006209886345295,0.0071100409900065,0.0,0.0056792449456443,0.0,-0.0108574758424954,0.0,-0.0074085807615691,-0.0102698382400756,0.0,0.0061789447358485,0.0,0.0,0.0,-0.0111993840795121,-0.0027615643051997,-0.0133731287815338,-0.0097081963149884,0.0,0.0112350113842286,0.0,-0.0202028942702282,0.0,-0.0070531717039889,0.0197762486842099,0.0,0.0,0.0182788989365526,0.0147888441321796,0.0,0.0139540117233271,0.0114955558167056,0.016997683876297,0.0,0.0,0.0239778524363559,0.0,0.0101784821315839,0.0,-0.0081519062361244,0.0
sid2117-noisy-COSINE-2828-M_array1_51.wav,-0.0011928776325711,0.0,0.0,0.0,0.0,0.0,0.0,-0.0011859689365999,0.0,0.0,0.0,0.0,0.0,0.0,0.0,0.0,0.0,0.3809507306391588,0.0,-0.2824891520113685,-0.001138122227202,0.0,0.0594966590393361,0.0,-0.003863077209045,-0.0185620474701677,0.0300316556152331,-0.0225239157651902,-0.0237011209653221,-0.0006170098657462,-0.0034145446993578,0.0,0.0,0.0,0.0,-0.0018229524210624,-0.0197702738236304,0.0,-0.0443487764948713,-0.0762615920203418,-0.0112584846985772,-0.0327360264909861,-0.0107625185565099,-0.020798454811811,-0.0554776600962178,-0.0228393933806109,0.0,0.0,-0.0055554120349048,0.0,0.0,-0.0048551310707224,0.0,-0.0045986753019177,-0.0075941815822589,0.0,0.0,-0.002714078228507,-0.0023334500599326,0.0,0.0,0.0,0.0,0.0,0.0,-0.0057446036476708,-0.0068644490453985,-0.0020757906147635,-0.0125624760009492,-0.0082614585731829,0.0,-0.002616455243434,0.0,-0.0026927103607068,-0.0088958518529231,0.0,0.0,0.0,0.0,0.0,0.0,0.0,0.0,0.0,0.0,0.0,-0.0020039867373301,0.0,0.0,0.0,-0.0053636381395485,-0.003811005031836,-0.0114962249028275,0.0,0.0,0.0,0.014107342381126,0.0,0.0,0.0,0.0,0.0,0.0,0.0,0.0,-0.0014517022292391,0.0,0.0,-0.000796772090219,0.0,0.0,0.0,0.0,0.0,0.0,0.0,-0.0039545067262272,0.0,0.0,0.0,0.0,0.0,-0.0026090149909949,0.0,0.0,0.0,-0.0034558027273834,-0.0052447616963491,0.0,0.0,-0.0010781757591464,0.0,0.0,0.0,0.0,0.0,0.0,0.0,0.0,0.0,-0.0015958277759649,0.0,0.0,0.0,0.0,0.0,0.0,0.0,-0.0036366052035973,0.0,0.0,0.0,0.0,-0.0051368824189142,-0.0029997112200984,-0.0022812896831923,0.0,0.0,0.0,0.0,0.0
sid3314-clean-COSINE-3904-M_close_104-truncated.wav,0.0,0.0,-0.0122258434583689,0.0151466640352244,-0.0332176335703305,-0.1347708104072115,0.0,0.0043761578125986,0.0,-0.02401323211425,0.0,0.0234021645683849,0.0,0.0,0.0,0.0,0.0073168571891857,0.038576992846116,0.0,0.0,0.0,0.0,0.016700028247849,-0.0152286580501703,-0.1623954167715768,0.0084570246397771,0.0819016003266452,0.0176870342441097,0.0,-0.1767510196011376,0.0105791402268135,0.0,0.0,-0.0380463836680281,0.0,0.1951476439991874,0.0,0.0285146775385833,0.0,0.0,0.0,-0.1172592462584679,0.0208187380970668,0.0,0.0064432867775717,0.0280259088812521,0.0001220864195726,0.0,-0.0200522117266358,0.0054448462880552,0.000298626987649,-0.0199350515275559,-0.014381573356151,0.0180053599024821,-0.0149057185246609,-0.0086334927926761,0.0094043125173026,0.0,-0.0301611427674659,0.0098114985561969,0.0171986646014852,-0.0328979688126833,-0.0200740918552813,0.0,0.0,0.0124222125162477,0.0280641856777233,0.0,0.0485203724151403,0.00915082730481,0.0,0.0,0.0,0.0062237361133474,0.0,0.0138042077321581,0.0,0.0186497240378476,0.032292533417058,0.0,0.0,0.0286163271630686,-0.0115652997329813,0.0483077487560649,0.0,-0.0179199415330063,-0.0202051572434325,-0.0125602847167166,0.0,0.012060059827672,-0.005690943651385,0.0139102355335128,-0.026363698072132,0.0271166115118228,-0.0059741862444218,0.0,-0.0309210293096946,0.0,0.0009160757091417,0.0,0.0,-0.0106857735057583,0.0,0.0199307120858392,-0.0210918733284951,0.012409221047842,0.0,0.0,-0.0151602028041637,0.0,0.0122213646189009,-0.0126857070448972,0.0092451656529329,0.0178593387664242,0.0136298555773046,0.0926616752575452,0.021107895930863,0.0,0.0,0.0139198982839709,0.0,0.0,-0.0186632044815114,0.0259183714263555,-0.0201461353488947,0.0130196792148149,0.0235505985157718,-0.0181439758858539,0.0179167330746764,0.0,0.0276457637831419,-0.0168742305450431,0.0258974704748215,0.0,-0.0157364713048881,-0.0316693274852094,-0.0183969838133442,-0.0176698100229836,0.0080227611668865,0.0,-0.0460537994714593,0.0,0.0083890731557992,-0.013944585841594,0.0085616324304131,0.0055241775365432,0.0,0.0155043443286405,0.023383850164549,0.0,0.0127902084516809,0.0,0.0,-0.0089615170781581,0.0,0.0,0.0,0.0,0.0,0.0100334925304331,-0.0110421885220954
sid4977-anchor-COSINE-7111-M_close_49.wav,0.0,0.0,0.0,0.0,-0.3505948426468638,0.0,0.2354192397810216,0.0,0.0,0.0,0.0,0.0,0.0,0.0,0.0,0.0,0.0521629524750067,0.0758378064025267,-0.0039891816530465,0.0,0.0652098377691775,0.0,0.0414438766562985,-0.0124881001809181,0.0,0.0,0.0,0.0,-0.0492225110696903,-0.0510960095171583,-0.0359513725395377,-0.0069913396988308,0.0,-0.0099410582565018,0.0,-0.0146018643930815,0.0,-0.0008285504498538,-0.0170183750541761,0.0,0.0,-0.010410501656246,0.0,0.0,0.0,0.0,0.0,0.0,0.0,0.0,-0.0082015864407537,-0.0053524365365791,-0.0074114642981728,-0.0078768797993425,0.0,0.0,0.0,0.0,0.0,0.000214464654121,0.0,-0.0041138836600089,0.0,0.0,-0.0075741363384279,-0.0049020183718921,0.0,0.0,0.0,0.0,0.0,-0.0042883009990626,-0.003114452513971,0.0,0.0,0.0,0.0,0.0,-0.0070009064810062,0.0,0.0,0.0,0.0,0.0,0.0,0.0,0.0,0.0,0.0,0.0,0.0,-0.0054074824787703,0.0,0.0,0.0,0.0,0.0,0.0,-0.0052939427150132,0.0,0.0,0.0,0.0,0.0,-0.0037228902109295,0.0,0.0,0.0,0.0,-0.0044434351854397,-0.0091980924115722,-0.0050352718517859,-0.0111427694363336,0.0,0.0,0.0,0.0,-0.0030009514330799,0.0,0.0,-0.0044956712934619,0.0,0.0,-0.0010952716731579,0.0,0.0,0.0,0.0,0.0,0.0,0.0,0.0,0.0,0.0,0.0,0.0,0.0,0.0,0.0,0.0,0.0,0.0,-0.0038751994625982,0.0,0.0,0.0,0.0,0.0,0.0,0.0,0.0,0.0,0.0,0.0,0.0,0.0,0.0,0.0,0.0,0.0,-0.0037293895781892
sid2938-noisy-COSINE-3792-F_array1_206.wav,0.0064115847171221,0.0,0.0,0.0110249388275558,0.0,0.0,0.1770800986839763,0.0,0.0,-0.3973934510104386,0.0,-0.1152530651852226,-0.055468717991556,0.0,0.0,0.0,0.0,0.0647172666867587,-0.0135041324988926,0.0,-0.0489501656418503,0.0,0.0,0.0,0.0,-0.0445037621360644,0.0,0.0591034453954687,0.0,0.0,0.0038221208614237,-0.0099811091485986,0.0,0.0,0.0,0.0,0.0,0.0,0.0,0.0,0.0073803402142831,0.0,0.0,0.0,0.0459280353699808,0.0111266639539193,-0.0122880805386834,0.0,-0.0194620108520496,-0.0169378801899419,0.0,0.0059607325230107,0.0099259783292279,0.0248872286620724,0.0,0.0338533532543814,0.0092255674639479,-0.0081061178440182,0.0,0.0,-0.0207274438817989,0.0,-0.0147725418798249,0.0,0.0,0.0,0.0100017152257061,0.0053624389313803,0.0,0.0,0.0,0.0101894589193388,0.0015449062961341,0.0,0.0011211372455903,0.0088603608081305,0.0091460995695024,0.0,0.0062739802789378,0.0155748303104383,0.0095636444709696,0.0100286874721895,0.0,0.0092900657477241,0.0,0.0,0.0080436178372402,0.0,0.0,-0.0129460554593948,0.0045319419207972,0.0037595374726942,0.0,0.0,0.0,0.0,0.0,0.0021141175193188,0.0,0.0,0.0,0.0033715990864598,0.0,0.0,0.003775043716473,0.0,0.0,0.0049918829636681,-0.0097969579223986,0.0,0.0,0.0050493822656088,0.0,0.0,0.0,0.0,0.0,0.0,-0.0112590475311972,0.0,0.005378921746505,0.0,0.0,0.01152389244204,0.0,0.0059197460793834,0.0,0.0055601903740141,0.0,0.0050049108910969,0.0,0.0,-0.0188747895569202,0.0,0.0037430102647475,-0.015065647287127,0.0,0.0,0.0,0.0,-0.012813691944265,0.0,0.0,0.0,0.0040107643757341,0.0,0.0,0.0,0.0,0.0,0.0,0.0,0.0106316239792729,0.0,0.005735390192343,0.0,0.0,0.0040771898500237,0.0,0.0,0.0
sid5175-anchor-COSINE-7321-M_close_157.wav,0.0,0.0,0.0,0.0,0.0,0.0,-0.2000704951442225,0.0,0.0,0.0,0.0771338221009791,0.0,0.0,0.0322564321121848,0.0,-0.0466076841534422,0.0753727274496303,0.0,0.0,0.0,-0.0277563103671289,0.0,0.0,0.0,0.0,0.0144656321614435,0.0,-0.0465326013447286,0.0418349132518134,-0.0076532949821707,0.0,-0.0060246393795162,0.0,-0.0335790392807369,0.0,-0.008035499135567,0.0113981014623507,0.0,0.0,0.0,0.0,-0.0164573805157604,-0.0035810278438245,0.0230120719829264,0.0,0.0,-0.0031949843885035,0.0,-0.0109699316009259,0.0,-0.0115372004371208,0.0,-0.0065115213970734,-0.0107315264761871,0.0,-0.0083472271740645,-0.0072988105725196,-0.008149439189518,0.0,0.0,0.0,0.0136715582998598,0.0,0.0,-0.0106077624202482,0.0,0.0,0.0,-0.0100424437096392,0.0,0.0,0.0,-0.0103975620595146,0.0002261555019167,0.0,0.0,0.0,0.0,-0.0034490727518615,0.0,-0.0070394404292873,0.0,0.014443933038904,-0.0079751191122326,0.0001359723616184,0.0,-0.0056437795500698,0.0,0.0,0.0,0.0,-0.0035615762518291,-0.0047467886509774,0.0,0.0,-0.008989615036105,0.0,0.0,0.0,0.0,-0.0057442226222266,0.0,0.0,0.0,0.0,-0.0051842705815175,0.0,0.0,0.0,0.012425719808137,0.0,0.0,-0.0055720961224967,-0.0029890242532283,0.0,0.0,0.0,0.0,0.0,0.0,0.0113977072178213,-0.0028616629803998,-0.0062235397398193,0.0,0.0,-0.001995895353279,0.0,0.0,0.0,0.0,0.0,-0.0218484615661607,-0.0082577657571089,-0.0097527700432243,0.0,0.0,0.0,0.0145478138231607,0.0,0.0,-0.0190778251269869,0.0,0.0,-0.0035426201102767,0.0,0.0,0.0,0.0,0.0,0.0,0.0,-0.0043494435662898,0.0,-0.008719061675322,0.0,-0.0036898967537989,0.0,0.0,0.0,-0.0079914302537292,-0.0044486388087232
sid3188-anchor-COSINE-3826-M_close_206.wav,0.0,0.0,0.0,0.0,0.0,0.0,0.0,0.0,-0.0085562732494644,0.3661651064543063,0.0,0.0081549385593626,-0.0089472379747571,-0.002503134407008,-0.3823986872663473,-0.0091490098844167,-0.0073025062895916,0.0576468475397206,-0.0025970217902533,0.0,0.0033710637844923,0.0,0.006728222031631,-0.0063440278330802,0.0,-0.0112224908738161,0.0124252281619318,-0.0096887563300079,-0.0063541790176022,0.0579979089404678,0.0,0.0037929494828322,-0.0034715568749317,0.0,0.0126144358966676,-0.0057161208076961,0.0121206577836301,0.0694939897393861,0.0044866303222468,-0.0014227149824873,0.0,-0.0123832186027966,-0.010661564378422,-0.0058835014330374,0.0047326896449526,-0.0094511030833665,0.007986428368168,-0.0063921265725438,-0.0031506856901958,0.0,-0.0311574692812879,-0.0064925736525323,0.0,0.0096273932727716,-0.0030464916716994,-0.0066069490593373,0.0,0.0,0.0,0.0,0.0,-0.0045546534159106,-0.0078744518162767,0.0071860133084358,-0.02873061030412,0.0165114463492354,0.0,0.0188820436784201,-0.0223241190852337,-0.0060369529061329,-0.0036217734881504,0.0,0.0052135472631966,0.0169012746715448,0.0127712485272764,0.0090651833266995,0.0,0.0041945689292441,0.0093147875173401,0.0,-0.0075414026282231,-0.0144518384544334,0.0,0.0052235706392689,0.0326880684689585,0.0141406019181199,0.0075966784570434,0.0,0.0,-0.0104011286618565,-0.0294539286143996,-0.0129826396404851,-0.0048400469759118,0.0,0.0071740534510334,-0.0097997756877694,-0.0048665664694533,-0.0030908720344913,-0.0185333272178894,0.0,-0.0110015419053676,0.0,0.0,0.0067732039370651,0.0,0.0,0.0090466634506537,0.0037613948333421,-0.0045773836340419,-0.0117697483484937,0.0213376989016884,0.0059750544644967,0.006045504994219,0.0,0.0059243847783251,-0.0116516944069928,-0.0035817452051904,-0.0098627811996247,0.0,0.0094392228089064,-0.0089788635678737,0.0,0.0,-0.0130979976169778,0.0098677053321112,-0.0042898290158579,0.0,-0.0029843248316276,0.0,-0.0090754356376061,-0.0231641692563075,0.0,0.0,-0.0140840347137021,0.0,-0.0067046288960276,-0.0035563862541602,0.0080684163010434,0.0028600193686205,-0.0043301591321597,0.0087755644904254,0.0043489939739808,0.0,0.0,-0.0081418168200716,-0.0074291723221146,0.0,-0.0083754663060606,0.0,-0.0058501591009554,0.0,-0.005168375627157,0.0,-0.0042810267806253,0.0074959073524792,-0.0067717374000767,-0.0098074493105371,-0.0074473302960184,-0.0028395799212036,-0.0051730118142393,0.0
sid2789-noisy-COSINE-3381-F_array1_57.wav,0.0,0.0,0.0,0.0,-1.0000336218714283,0.0,0.0,0.0,0.0,1.3168807425501157,0.0,-0.1950907074682517,0.0,-0.2437150588375494,0.0,0.0,0.0,0.0206549641059537,0.030765416341223,0.0,0.0332418873662471,0.028001186624731,0.0,-0.0266970099328966,0.0,0.0,0.0174098010081322,0.0,0.0,-0.0661205226144869,-0.0203668852019621,0.0,0.0,-0.0152739927404435,0.0,0.0,0.0,0.0,-0.0307374473282457,0.0,0.0,0.0,0.0,0.0,0.0,0.0,0.0,0.0,0.0,0.0,0.0,0.0,0.0,0.0,0.0,0.0,0.0,0.0,0.0,0.0,0.0,0.0,0.0,0.0,0.0,0.0,0.0,0.0,0.0,0.0,0.0,0.0,0.0,0.0,-0.0212196479426948,0.0,0.0,0.0,0.0,0.0396613483291705,0.0,0.0,0.0,0.0,0.0,0.0,0.0,0.0,0.0,0.0,0.0,0.0,0.0,0.0,0.0,0.0,-0.0192540930396724,0.0,0.0,0.0,0.0,0.0,0.0,0.0240003596690873,0.0,0.0,0.0,0.0,0.0,0.0,0.0,0.0,0.0,0.0,0.0,0.0,0.0,0.0,0.0,0.0,0.0,0.0,0.0,0.0,0.0,0.0,0.0,0.0,0.0,0.0,0.0,0.0,0.0,0.0,0.0,0.0,0.0,0.0,0.0,0.0,0.0,0.0,0.0,0.0,0.0,0.0,0.0,0.0,0.0,0.0,0.0,0.0,0.0,0.0,0.0,0.0,0.0,0.0,0.0,0.0,0.0
