file,freqbin_0,freqbin_1,freqbin_2,freqbin_3,freqbin_4,freqbin_5,freqbin_6,freqbin_7,freqbin_8,freqbin_9,freqbin_10,freqbin_11,freqbin_12,freqbin_13,freqbin_14,freqbin_15,freqbin_16,freqbin_17,freqbin_18,freqbin_19,freqbin_20,freqbin_21,freqbin_22,freqbin_23,freqbin_24,freqbin_25,freqbin_26,freqbin_27,freqbin_28,freqbin_29,freqbin_30,freqbin_31,freqbin_32,freqbin_33,freqbin_34,freqbin_35,freqbin_36,freqbin_37,freqbin_38,freqbin_39,freqbin_40,freqbin_41,freqbin_42,freqbin_43,freqbin_44,freqbin_45,freqbin_46,freqbin_47,freqbin_48,freqbin_49,freqbin_50,freqbin_51,freqbin_52,freqbin_53,freqbin_54,freqbin_55,freqbin_56,freqbin_57,freqbin_58,freqbin_59,freqbin_60,freqbin_61,freqbin_62,freqbin_63,freqbin_64,freqbin_65,freqbin_66,freqbin_67,freqbin_68,freqbin_69,freqbin_70,freqbin_71,freqbin_72,freqbin_73,freqbin_74,freqbin_75,freqbin_76,freqbin_77,freqbin_78,freqbin_79,freqbin_80,freqbin_81,freqbin_82,freqbin_83,freqbin_84,freqbin_85,freqbin_86,freqbin_87,freqbin_88,freqbin_89,freqbin_90,freqbin_91,freqbin_92,freqbin_93,freqbin_94,freqbin_95,freqbin_96,freqbin_97,freqbin_98,freqbin_99,freqbin_100,freqbin_101,freqbin_102,freqbin_103,freqbin_104,freqbin_105,freqbin_106,freqbin_107,freqbin_108,freqbin_109,freqbin_110,freqbin_111,freqbin_112,freqbin_113,freqbin_114,freqbin_115,freqbin_116,freqbin_117,freqbin_118,freqbin_119,freqbin_120,freqbin_121,freqbin_122,freqbin_123,freqbin_124,freqbin_125,freqbin_126,freqbin_127,freqbin_128,freqbin_129,freqbin_130,freqbin_131,freqbin_132,freqbin_133,freqbin_134,freqbin_135,freqbin_136,freqbin_137,freqbin_138,freqbin_139,freqbin_140,freqbin_141,freqbin_142,freqbin_143,freqbin_144,freqbin_145,freqbin_146,freqbin_147,freqbin_148,freqbin_149,freqbin_150,freqbin_151,freqbin_152,freqbin_153,freqbin_154,freqbin_155,freqbin_156,freqbin_157,freqbin_158,freqbin_159,freqbin_160
sid4173-anchor-COSINE-5534-F_close_177.wav,0.0,0.0,0.0,-0.022171458128993,0.0,0.0,-0.0106412313625258,0.0,-0.0158364866804372,-0.0238532486666262,0.0,0.0,0.0,0.0,0.0,0.0,0.0,0.0,-0.0111740301189481,0.0,0.0,0.0,-0.0125803995418315,0.0,0.0,-0.0100317579104994,0.0,-0.013086358684748,0.0,0.0,0.0,0.0,0.0,0.0,0.0,0.0,0.0,0.0,0.0,0.0,-0.0054866524136409,0.0,0.0,0.0,0.0,0.0,0.0,0.0,0.0,0.0,0.0,0.0,0.0,0.0,0.0,0.0,0.0,0.0,0.0,0.0,0.0,0.0,0.0,0.0,0.0,0.0,0.0,0.0,0.0,0.0,0.0,0.0,0.0,0.0,0.0,0.0,0.0,0.0,0.0,0.0,0.0,0.0,0.0,0.0,0.0,0.0,0.0,0.0,0.0,0.0,0.0,0.0,0.0,0.0,0.0,0.0,0.0,0.0,0.0,0.0,0.0,0.0,0.0,0.0,0.0,0.0,0.0,0.0,0.0,0.0,0.0,0.0,0.0,0.0,0.0,0.0,0.0,0.0,0.0,0.0,0.0,0.0,0.0,0.0,0.0,0.0,0.0,0.0,0.0,0.0,0.0,0.0,0.0,0.0,0.0,0.0,-0.0082530005151866,0.0,0.0,0.0,0.0,0.0,0.0,0.0,0.0,0.0,0.0,0.0,0.0,0.0,0.0,0.0,0.0,0.0,0.0,0.0,0.0,0.0,0.0,0.0,0.0
sid4757-anchor-COSINE-7000-F_close_113.wav,0.0,0.0,0.0,0.0,0.0,0.0,0.0,0.0248390895142553,0.007077102630789,0.002109527354208,0.0201867568871286,0.0380977817279016,0.0306144913362786,0.0,0.0113532367411847,0.0,0.0,0.0,0.0,0.0,0.0,0.0229357885696896,0.0,0.0,0.0,0.0,0.0,0.0,0.0,0.0,0.0,0.0,0.0,0.0,0.0,0.0,0.0,0.0,0.0,0.0,0.0,0.0,0.0,0.0,0.0,0.0,0.0,0.0,0.0,0.0,0.0,0.0,0.0,0.0,0.0,0.0142195514056004,0.0,0.0,0.0,0.0,0.0,0.0107360360180075,0.0,0.0,0.0,0.0,0.0,0.0,0.0,0.0,0.0018283771407477,0.0,0.0,0.0,0.0,0.0,0.0,0.0,0.0,0.0,0.0,0.002773972183138,0.0,0.0,0.0,0.0,0.0,0.0,0.0,0.0,0.0,0.0,0.0,0.0,0.0,0.0,0.0,0.0,0.0,0.0,0.0,0.0,0.0017835978277454,0.0,0.0109001310644201,0.0,0.0,0.0,0.0,0.0,0.0,0.0,0.0045211868059819,0.0,0.0,0.0,0.0,0.0031035901562287,0.0,0.0119911020126222,0.0043698462839945,0.0,0.0,0.0,0.0,0.0,0.0,0.0,0.0,0.0,0.0,0.0,0.0,0.0,0.0,0.0,0.0,0.0,0.0063613035445703,0.0,0.0,0.0,0.0,0.0,0.0,0.0,0.0,0.0,0.0,0.0,0.0158742635943035,0.0106079372671045,0.0,0.0,0.0,0.0,0.0,0.0,0.0,0.0064711530694751,0.0
sid3359-anchor-COSINE-3904-M_close_153.wav,0.0,0.0,0.0,0.0,0.0,0.0719311689985904,0.0496943833675953,0.0067635666969856,0.0084573144374362,0.0028371144396077,0.0,0.0,0.0032465652794515,0.0,0.0025637943122236,0.0,0.0049410894545226,0.0380681301308559,0.0,0.0,0.0047786979377786,0.0,0.0,0.0046094992375542,0.0130351132532971,0.0221658991224096,0.0,0.010892760438046,0.0036532975242876,0.0,0.0,0.0,0.0101886995682667,0.021643505711406,0.0075966421259392,0.0109771497170523,0.0,0.0,0.0,0.0,0.0,0.0108193365648072,0.0124518056062995,0.0,0.0,0.0,0.0145166718541893,0.0123812707238761,0.0,0.0,0.0,0.0117174470329108,0.0035007316048379,0.0091574162263227,0.0,0.0,0.0,0.0,0.0,0.0,0.0,0.0,0.0,0.0,0.0062629310441776,0.0,0.0,0.0,0.0,0.0,0.0045589259564173,0.0,0.0,0.0,0.0,0.0059653921497863,0.0,0.0032807430436242,0.0,0.0,0.0,0.0,0.0,0.0092853653564209,0.0,0.0,0.0,0.005809801585526,0.0,0.0063304899486607,0.0,0.0,0.0,0.0,0.0,0.0,0.0,0.0,0.0,0.0,0.0,0.0,0.0,0.0,0.0034278527829128,0.0,0.0,0.0,0.0,0.0,0.0,0.0,0.0,0.0,0.0,0.0,0.0,0.0,0.0,0.0,0.0,0.0,0.0064069367052558,0.0,0.0,0.0,0.0022350147837637,0.0075814738174551,0.0041687920170406,0.0,0.0,0.0,0.0,0.0,0.0,0.0,0.0,0.0,0.0,0.0067915502164669,0.0073198034250633,0.0,0.0,0.0,0.0,0.0,0.0,0.0,0.0,0.0050952594111068,0.0,0.0,0.0,0.0,0.0,0.0,0.0,0.0,0.0,0.0,0.0
sid5417-noisy-COSINE-7408-M_array1_76.wav,0.0,0.0,-0.02770594672408,0.0247385004800855,0.0,-0.02547675889562,0.0,0.0,0.0,-0.0295883871251855,0.0256261761045014,0.0,0.0,0.0,0.0,-0.0509221822270713,0.0,-0.0363905453170974,0.0,-0.0409595994032526,-0.0586537097991921,-0.0134815387664839,0.0,0.0,-0.0283510061504094,0.0,0.0,-0.026614773548621,0.0,0.0459426298608999,0.0,0.0,0.0,0.0,0.0,0.0395312189661891,0.0,-0.028657999118678,0.0,0.0,0.0,0.0,0.0,-0.0285571772100575,0.0,0.0,0.0,0.0,-0.0236581174431836,0.0,0.0,0.0,0.0,0.0,0.0,0.0,0.0419587143284061,0.0,0.0,0.0,0.0,-0.0392583576619967,0.0,-0.0449493890095981,0.02281636268588,0.0,0.0,0.0,-0.0262949555726715,0.0,0.0,0.0,0.0,0.0,0.0,0.0,0.0,-0.0391294899622528,-0.0512490639232319,0.0,0.0366957975231744,0.0,0.0,0.0340219109080022,0.0,0.0270358284844113,0.0,0.0367854892170501,0.0,0.0,0.0,0.0280230563865451,0.0,0.0,0.0,0.0377899204633096,0.0,0.0,0.0,0.0,0.0,0.0,0.0,0.0,0.0,0.0,-0.0300096893973671,0.0,0.0,0.0,0.0,0.0,0.0,0.0,-0.0191483495523816,0.0,0.0,-0.0527099967850453,0.0,-0.0112702508224507,0.0,-0.0239410312274861,0.0,0.0327991630218001,-0.0223054620474596,0.0,0.0,0.0,0.0,0.0,0.0,0.0,0.0,0.0,0.0,0.0,0.0,0.030632563927168,0.0514104318128094,0.0,0.0,0.0,0.0,0.0,0.0,0.0,0.0,0.0327546523776702,0.0,0.0,0.0,0.0,0.0,0.0,0.0,0.037385303480008,0.0,0.0,0.0,0.0,0.0
sid4331-clean-COSINE-5897-F_close_166.wav,0.0,0.0,0.0305026766957415,0.0,0.0,0.0047956939117884,0.0,0.0,0.0,0.0031061119279594,0.0090571708307027,0.0,0.0,0.0229451349599722,0.0076843088569668,0.0,0.0,0.0,0.0,0.0,0.0053776287894647,0.0,0.0,0.0,0.0,0.0030247441674984,0.0,0.0,0.0,0.0,0.0,0.0,0.0,0.0,0.0,0.0,0.0,0.0,0.0,0.0,0.0,0.0,0.0071155249336933,0.0,0.0,0.0,0.0,0.0,0.0,0.0,0.0,0.0,0.0,0.0,0.0,0.0,0.0,0.0,0.0,0.0,0.0,0.0,0.0,0.0,0.0,0.0,0.0,0.0,0.0,0.0,0.0089753020943766,0.0,0.0,0.0,0.0,0.0,0.0028458063459184,0.011436204200942,0.0,0.0036296792234517,0.0,0.0,0.0,0.0,0.0,0.0,0.0,0.0,0.0,0.0,0.0,0.0,0.0,0.0,0.0,0.0,0.0,0.0,0.0,0.0,0.0,0.0,0.0,0.0,0.0,0.0,0.0,0.0,0.0,0.0,0.0,0.0,0.0,0.0,0.0,0.0,0.0,0.0,0.0,0.0,0.0,0.0,0.0,0.0,0.0,0.0,0.0,0.0,0.0,0.0,0.0,0.0,0.0,0.0,0.0,0.0,0.0,0.0,0.0,0.0,0.0,0.0,0.0,0.0,0.0,0.0,0.0,0.0,0.0,0.0,0.0,0.0,0.0,0.0,0.0,0.0,0.0,0.0,0.0,0.0,0.0
sid2144-noisy-COSINE-2828-M_array1_82-truncated.wav,0.0,0.0,0.0,0.0,0.0,0.0,0.0,-0.0017198452002614,-0.0055018747718976,0.0,0.0,0.0,-0.013720842262854,0.0668937930130756,0.0,0.0,0.0,0.0,0.0,0.0,0.0,0.0,-0.0343877805669926,0.0,-0.0085892665638177,0.0,-0.0144012883558262,-0.0311790591868597,0.0,0.0,-0.0184946263047056,0.0,0.0,-0.0044636170902577,0.0,-0.0121363250481337,0.0,0.0,0.0,0.0,0.0,0.0,0.0,0.0,0.0,0.0,0.0,0.0,0.0,-0.0188899025595506,0.0,0.0,0.0,0.0,0.0,0.0,0.0,0.0,0.0,0.0,0.0,0.0,0.0,0.0,0.0,0.0,0.0,0.0,0.0,0.0,0.0,0.0,0.0,0.0,0.0,0.0,0.0,0.0,0.0,0.0,0.0,0.0,0.0,0.0,0.0,0.0,0.0,0.0,0.0,0.0,0.0,0.0,0.0,0.0,0.0,0.0,0.0,0.0,0.0,0.0,0.0,0.0,0.0,0.0,0.0,0.0,-0.0038005266067489,-0.0089342586310398,-0.0108855967284644,0.0,0.0,0.0,0.0,0.0,0.0,0.0,0.0,0.0,0.0,0.0,0.0,0.0,0.0,0.0,0.0,0.0,0.0,0.0,0.0,0.0,0.0,0.0,0.0,0.0,0.0,0.0,0.0,0.0,0.0,0.0,0.0,0.0,0.0,0.0,-0.0070466163448932,0.0,0.0,0.0,0.0,0.0,0.0,0.0,0.0,0.0,0.0,0.0,0.0,0.0,0.0,0.0,0.0
sid5534-clean-COSINE-7551-F_close_96.wav,0.0,0.0341974375393313,0.0,0.0,0.1441534547424729,0.0,0.0761635731307122,0.0365630125066865,0.024633422670434,0.0,0.0234843731023492,0.026808113336242,0.0,0.0188207495892003,0.0371060886107166,0.0,0.0,0.0,0.0,0.0,0.0,0.0265763315026226,0.046131119510939,0.0456017209602111,0.0158089446293526,0.0,-0.0640775043554335,0.0477386401790409,0.0,0.0,0.006383702659435,-0.0583606644626867,0.0162493124928899,0.0,0.0,0.0362020812743953,0.0,0.015496680409614,0.0361723547928581,0.0,0.0,0.0,0.0229860305840999,0.0274254327692542,0.0,0.0,0.0,0.0522085104279243,0.0348483035804904,-0.0403872585086789,0.0,0.0,0.0,0.0,0.0,0.0,0.0,0.0176641003486032,0.0,0.0,0.0,0.0,0.0167420785221569,0.0,0.0423986391982555,0.024994988686133,0.0,0.0,0.0,0.0,0.034192762140884,0.0,0.0405002629082621,0.0,0.0,-0.0561471824562875,0.0,-0.0414857397647621,0.0,0.0320390646418914,0.0,0.0251907021877612,0.0,0.0331334155129439,0.0,0.0,0.0,0.0,0.0,-0.0736801884941209,-0.0293183306985187,-0.0972482654527276,0.0249024501180914,0.0,-0.0627136872348325,0.0,0.0397845989207801,0.0,-0.0555398787491726,0.0197455621748237,-0.0975002434687155,0.0,0.0,0.0,0.0,0.0,0.0200044696654277,-0.0307356709401201,-0.0476045132011785,0.0,0.0,0.0,0.0,0.0200676778608646,0.049824847286507,0.0,-0.0541011417646879,-0.0768008466094331,-0.0335356484162436,0.0,0.0369986617155622,0.0230398027034161,0.0195361937717757,0.0,0.0580674049261496,0.0206224664139639,0.0112571133558183,0.0361506278648464,0.0,0.0121146092104359,0.0,0.0,0.0,0.0,0.0215582215788058,0.0,-0.0439230775438345,-0.078463583797384,0.0,0.0,0.0,-0.0537523923478298,0.032124443378275,0.0281095418209981,0.0052401753136418,0.0,0.0,0.0,0.0,0.0269057540757358,-0.0364946773886471,-0.0517200094681608,0.0,0.0153107880717504,0.0,0.0,0.0,0.0,-0.0665510436964699,0.0,0.0678928863829346
sid2565-clean-COSINE-3231-F_close_65.wav,0.0,0.0,0.0,0.0,0.0,0.0,0.0,0.0,0.0,0.0177589740474985,0.0,0.0142389142842817,0.0442343962929155,0.0,0.0206321218423622,0.0297459658013278,0.0,0.033530502663875,0.0315772478124736,0.0097389899290744,0.0,0.0,0.0023640447092731,0.0,0.0,0.0236611653945018,0.0,0.0,0.009419898388076,0.0,0.0,0.0,0.0045630532403185,0.0,0.0,0.0,0.0,0.0,0.0,0.0,0.0,0.001360796214229,0.0,0.0,0.0,0.0,0.0,0.0,0.0085512616947593,0.0,0.0,0.0,0.0,0.0,0.0,0.0,0.0219189664393837,0.0,0.0,0.0,0.0166484793938662,0.0,0.0,0.0041471551235852,0.0,0.0,0.0,0.0006225802865011,0.0,0.0,0.0,0.0,0.0,0.0058955904741271,0.0050619679971213,0.005753825627593,0.0075568036450031,0.0089071178096985,0.0,0.0,0.0,0.0,0.0,0.0,0.0,0.0,0.0,0.0,0.0092526243398444,0.0,0.0,0.0,0.0,0.0,0.0,0.0,0.0,0.0,0.0,0.0,0.014449778207152,0.0,0.0,0.0,0.0,0.0,0.0107151559645643,0.0,0.0,0.0,0.0,0.0,0.0,0.0,0.0273132064826657,0.0,0.0,0.0049736468774094,0.0,0.0,0.0008241063417549,0.0065280449740802,0.0199113004461707,0.0,0.0,0.0,0.0,0.0,0.0,0.0018259476670888,0.0,0.0013599737767127,0.0037629844020998,0.0,0.0,0.0,0.0,0.0,0.0,0.0,0.0,0.0,0.0,0.0,0.0,0.0,0.0,0.0,0.0028624424915318,0.0,0.0,0.0,0.0,0.0,0.0,0.0239406481653417,0.0,0.0,0.003681492779324,0.0,0.0
sid3543-clean-COSINE-3904-M_close_91.wav,0.0,0.0,0.0,0.0439698891669543,0.0,0.0,0.033690408720614,0.0148381616353275,0.0,0.0,0.0,0.0,0.0,0.0,0.0,0.0,0.0,0.0,0.0,0.0,0.020468365042178,0.0055040625891168,0.0,0.0,0.0,0.0167875839598991,0.0067335698038635,0.0009620017181401,0.0188846346600336,0.0183427381960169,0.0,0.0195149064248119,0.0323663820010902,0.0,0.0,0.0,0.016578176807197,0.0012206618142576,0.0,0.0093906133200878,0.0103381879176573,0.0,0.0,0.0,0.0107229584933438,0.0,0.0,0.0,0.0,0.0,0.0,0.0,0.0,0.0063746083481779,0.0,0.0,0.0030375816182742,0.008700683951404,0.0,0.0112233634261647,0.0,0.0,0.0144401755384572,0.0,0.0,0.0,0.0,0.0,0.0,0.0,0.0,0.0,0.0,0.0,0.0045678235948191,0.0,0.0,0.0,0.0,0.0,0.0,0.0,0.0061495730053679,0.0,0.0,0.0,0.0,0.0,0.0,0.0,0.0,0.0,0.0,0.0,0.0,0.0,0.0,0.0,0.0,0.0,0.0,0.0,0.0,0.0,0.0,0.0,0.0,0.0,0.0,0.0,0.0,0.0,0.0,0.0,0.0,0.0,0.0,0.0,0.0,0.0,0.0,0.0,0.0,0.0,0.0,0.0,0.0,0.0,0.0,0.0,0.0,0.0032465438711343,0.0,0.0,0.0,0.0,0.0,0.0,0.0,0.0,0.0,0.0,0.0,0.0,0.0,0.0,0.0,0.0,0.0,0.0,0.0,0.0,0.0,0.0,0.0,0.0,0.0,0.0,0.0,0.0,0.0
sid0876-clean-COSINE-1399-F_close_260.wav,0.0,0.0,0.0133594367442303,0.0452426969698062,0.0350138370557845,0.0,0.0098363829763426,0.0,0.0021590399759386,0.0,0.0129527570007926,0.0,0.0,0.0173840440769147,0.0,0.0008481889073169,0.0,0.0076968572225761,0.0005044040840735,0.017114304961527,0.0,0.0027438451661065,0.0035269423434503,0.0085214399673971,0.0071408547768657,0.0,0.0081515440249108,0.0,0.0183777837140749,0.0209762780339067,0.0134411391325517,0.0,0.0209939321990323,0.0,0.0,8.982966106673233e-05,0.0,0.0,0.0,0.0,0.0,0.0,0.0059977867018517,0.0118391998801903,0.0,0.0,0.0015394267538333,0.0036885455690973,0.0,0.0,0.0025869457298747,0.0018344704077061,0.0,0.005176709624341,0.0,0.0,0.0229127431228402,0.0,0.0,0.0008995869029259,0.0,0.0,0.0189082088958992,0.0,0.0,0.0,0.0,0.0,0.0090096778057227,0.0,0.0,0.0053429435690916,0.0,5.0315636308935225e-05,0.0098565535810712,0.0203609664075034,0.0,0.0,0.0,0.0,0.0,0.0,0.0,0.0060921096330458,0.010265292974809,0.0,0.0,0.0,0.0115212866728791,0.0,0.0119782905597916,0.0,0.0026208157128915,0.0043872298298082,0.0146215179370412,0.0061590260713579,0.0,0.0136467686794244,0.0003800449889611,0.0,0.0,0.0,0.0089055985285903,0.0035739380149405,0.0,0.0,0.0,0.0,0.0105481832958629,0.0234801392234206,0.0,0.0,0.0004542486117733,0.0,0.0070739349410527,0.0047487839585857,0.0,0.0,0.0108938080133805,0.0,0.0,0.0075426326993302,0.0095805709241484,0.0,0.0156067910698987,0.0088035580606947,0.0,0.0,0.0,0.0007575733273047,0.0,0.0,0.0143194160487076,0.0006543232343508,0.0,0.0010388090145018,0.0096626527401641,0.0074092897830723,0.003456920120076,0.0,0.00364389329144,0.0,0.0079555586803737,0.0071543444892538,0.0067777911971322,0.0,0.0,0.0,0.0128070175094961,0.0100074380259146,0.0,0.0,0.0,0.0031141252245817,0.0,0.0082742862303918,0.0,0.0078615815170756,0.0,0.0,0.0057354875338185
sid5659-noisy-COSINE-8112-F_array1_59.wav,0.0,0.0,-0.0038666432127515,0.0,0.0,0.0,0.0,0.0,-0.0009763251177015,-0.0004562187477785,0.0,0.0,0.0,0.0,0.0,0.0,0.0,0.0,-0.0241316354747364,-0.0219775663479302,0.0,-0.0254995181711469,-0.0089756749411374,-0.0157430315420024,0.0,-0.0165896405830664,0.0,-0.0044242956348464,0.0,0.0,0.0,0.0,0.0,0.0,0.0,0.0,0.0,0.0,0.0,0.0,0.0,-0.0150038136916743,-0.0222653043088595,0.0,0.0,0.0,-0.0268425408501468,-0.0275796632311896,-0.0186126294899606,-0.0356621080234468,-0.0208541705722329,-0.0114465089568693,-0.017388922767133,-0.0245527391919007,-0.0229631422712523,-0.0072248624404433,0.0,0.0,0.0,0.0,0.0,-0.000643925341873,0.0,0.0,0.0,0.0,0.0,0.0,0.0,0.0,0.0,0.0,-0.0018550176556353,0.0,-0.0065702233846807,-0.0062750246731385,0.0,-0.0044545799774858,-0.003492722731714,0.0,-0.006590157861322,-0.0161459201581218,-0.015281974175427,-0.0112003765377366,-0.0093482954591311,-0.008849559545769,-0.0017746967801601,-0.0142101839464314,-0.0114978687950095,-0.0128366454423618,-0.0037372707033305,-0.0049149611914186,0.0,0.0,0.0,-0.0041118824937924,-0.0074386837331306,-0.0037937895903369,0.0,0.0,0.0,0.0,0.0,0.0,0.0,0.0,0.0,0.0,0.0,0.0,0.0,-0.0019762900282428,-0.0034175184461374,-0.0014365485770649,0.0,-0.0068177772684455,0.0,-0.0083178977631179,0.0,-0.0055897161063877,-0.0053847239213199,-0.0021278196081719,-0.0031277072384877,0.0,-0.0011227676828348,0.0,0.0,0.0,0.0,0.0,-0.0073119246446409,0.0,0.0,-0.0005733659618856,0.0,0.0,0.0,0.0,0.0,0.0,-0.0016319496776324,0.0,0.0,0.0,0.0,0.0,-0.0044491215982132,0.0,0.0,0.0,0.0,0.0,0.0,0.0,0.0,0.0,0.0,0.0,0.0,0.0,0.0
sid5793-anchor-COSINE-9472-F_close_7.wav,0.0,0.0,0.0636097039186724,0.0366562746945412,0.0,0.0,0.0,0.0,0.0,-0.0504676107622593,0.0,-0.0437578218030682,0.0,0.0,0.0,-0.0336215879750758,0.0,0.0,0.0,0.0,0.0,0.0,0.0,0.0,0.0,0.0,0.0,0.0,0.0,0.0,0.0,0.0,0.0,0.0135401502081438,0.0,0.0,-0.0436157863188941,0.0,0.0,0.0,-0.0313653450883879,0.0,0.0,0.0,0.0,0.0,0.0,0.0,0.0,0.0,0.0,0.0,0.0,0.0,0.0,0.0,0.0,0.0,0.0,0.0,0.0,0.0,0.0,0.0,0.0,0.0,0.0,0.0,0.0,0.0,0.0168009972620663,0.0,0.0,0.0,0.0296110493432259,0.0,0.0,0.0,0.0,0.0,0.0,0.0,0.0,0.0,0.0,0.0,0.0,0.0,0.0,0.0,0.0,0.0,0.0,0.0,0.0,0.0,0.0,0.0,0.0,0.0,0.0,0.0,0.0,0.0,0.0,0.0194549718098143,0.0,0.0,0.0,0.0,0.0,0.0221548008492578,0.0,0.0,0.0,0.0,0.0,0.0,0.0,0.0,0.0,0.0,0.0,0.0,0.0,0.0142185820343013,0.0,0.0,0.0,0.0,0.0,0.0,0.0,0.0,0.0,0.0,0.0,0.022469971632447,0.0,0.0,0.0,0.0,0.0223784474516849,0.0,0.0,0.0,0.0,0.0,0.0,0.0,0.0,0.0,0.0,0.0,0.0,0.0,0.0,0.0,0.0,0.0,0.0
sid0853-anchor-COSINE-1399-F_close_234.wav,0.0,0.0,0.0,0.0,0.0,0.0,-0.0570093166056904,-0.0640232808756975,0.0221303687991256,0.0,0.0,0.0,0.0,0.0,0.0,0.016589666591909,0.0,0.0,0.0,0.0298118864399846,0.0,0.0,0.0,0.0,0.0,0.0,0.0,0.0,0.0,0.0,0.0,0.0,0.0,0.0,0.0,0.0,0.0,0.0,0.0,0.0,0.0,0.0,0.031040081436733,0.0,0.0,0.0106563404939795,0.0106983346247556,0.0,0.0296416599149453,0.0,0.0,0.0452045547573142,0.0,0.0,0.0,0.0,0.0,0.0,0.0,0.0,0.0,0.0,0.0,0.0,0.0,0.0,0.0,0.0,0.0,0.0,0.0,0.0,0.0,0.0,0.0069093214121988,0.0,0.0,0.0097183752913456,0.0,0.0,0.0,0.0,0.0,0.0,0.0,0.0,0.0,0.0,0.0,0.0,0.0273144717168647,0.0,0.0,0.0,0.0,0.0,0.0,0.0,0.0,0.0,0.0,0.0,0.0,0.0,0.0,0.0,0.0138451736134861,0.0,0.0,0.0,0.0,0.0,0.0,0.0,0.0,-0.0378489982884523,-0.0428414408679684,0.0,0.0,0.0,0.0106846706329636,0.0,0.0,0.0,0.0,0.0,0.0,0.0,0.0,0.0,0.0,0.0,0.0,0.0,0.0307382752756427,0.0,0.0,0.0,0.0,0.0,0.0,0.0,0.0,0.0,0.0,0.0,0.0,0.0,0.0,0.0,0.0,0.0,0.0,0.0,0.0,0.0,0.0,0.0,0.0,0.0,0.0148955353393184
sid1464-clean-COSINE-2406-F_close_103.wav,0.0,0.0,0.0,-0.0033641418230421,-0.0041268143722408,0.0,0.0,-0.041896104496414,0.0,-0.0136831682724818,-0.0101883061010301,0.0,0.0,0.0,0.0,-0.0068102708925923,0.0,0.0,0.0,0.0,-0.0079682321713005,0.0,0.0,0.0,0.0,0.0,0.0,0.0,0.0,0.0,0.0,0.0,0.0,0.0,-0.0022999784317932,0.0,0.0,-0.0095786976561147,0.0,0.0,0.0,0.0,-0.0053514171224415,0.0,0.0,-0.0144732882565736,0.0,0.0,0.0,0.0,0.0,0.0,0.0,0.0,0.0,0.0,0.0,0.0,-0.00089527646282,-0.0065160008738215,0.0,0.0,0.0,-0.00242757791916,0.0,0.0,0.0,0.0,0.0,0.0,0.0,0.0,0.0,0.0,0.0,0.0,-0.0050344030866287,0.0,0.0,0.0,-0.0034614202055312,0.0,0.0,0.0,0.0,0.0,0.0,0.0,0.0,0.0,0.0,0.0,0.0,0.0,0.0,0.0,0.0,0.0,0.0,0.0,0.0,0.0,0.0,0.0,-0.0020544612176414,0.0,0.0,0.0,0.0,0.0,0.0,0.0,-0.0048614246563363,0.0,0.0,0.0,0.0,0.0,-0.0061800222886255,0.0,0.0,-0.0016935736702891,0.0,0.0,0.0,0.0,0.0,0.0,0.0,0.0,0.0,0.0,0.0,0.0,0.0,0.0,0.0,0.0,0.0,0.0,0.0,0.0,0.0,0.0,0.0,0.0,0.0,0.0,0.0,-0.0027448369847904,0.0,0.0,0.0,0.0,0.0,0.0,0.0,0.0,0.0,0.0,0.0
sid0018-noisy-COSINE-0100-M_array1_116.wav,0.0184226045417601,0.0,-0.0805454159223801,0.0760960840767201,-0.0220144886803516,0.0316304817155344,-0.0183514226485191,0.0,0.0,0.0544530110147899,-0.0556701463412248,0.0,-0.0346680820577142,0.0,0.0,0.0,-0.028311366929049,-0.0437669134801422,0.0,0.0365127304859747,-0.0481763183698848,0.1027636047055784,0.0,0.0,0.0,0.0,0.0251537398778636,0.0166225173178204,-0.1186346340330513,0.0,0.0554494759285798,0.0221181246213058,0.0,0.071760966072055,0.0,0.0689084704953782,0.0,0.0,0.0265090198401288,0.0,-0.0328656177339541,0.0,0.0,0.0,0.0,0.0,0.0,0.0,0.0,0.0523982258095625,-0.0451704095425104,0.0316363286094447,0.0,-0.0372545650169253,0.0440286427626398,0.0,0.0484090261051906,0.0,0.043482540619593,0.060652132954146,-0.0729663666297402,0.0503753976009485,0.0,0.0,0.0,0.0520888514344796,-0.1066268162776182,0.0582629996636785,0.0,0.0,-0.0288480562790618,0.0,-0.0299501995093592,-0.0445138139134545,0.0646800500361836,0.0,0.0292954001632668,0.0,-0.0400211128834884,0.0,0.0400889358998597,0.0,-0.0571461265482506,0.0,0.0,0.0,0.0,0.0384971741644866,0.0,0.040631104422677,-0.0825628757167529,-0.0739863948981361,-0.0423691244996919,0.0,0.063461950289548,0.0153202396774001,0.0,0.0349223705531583,-0.0409151338138697,0.0,0.0,0.0,0.0,0.0342950601552536,-0.0670382361472324,0.0340257126063357,0.0,0.0,0.0,0.0697809673002815,0.0451887328781411,0.0099260843605646,0.0173805645661011,0.0,-0.0779239270118843,0.0229714402560691,0.0,0.0448959652837669,0.0,-0.0333632630004397,0.0,0.028052784619434,0.0,0.0,0.0,0.0530655000227903,0.0,0.0288019465227751,0.0,0.0,0.0,0.0,-0.036474176974685,0.0,0.0,0.0342075344111755,0.0284858662725045,-0.0277177996406935,0.0,0.0,0.040616061859874,0.0,0.0163395733794421,0.0801367297577969,0.0,-0.0389747350610283,0.0,0.063401311089389,0.0,-0.0450666743711394,0.0,0.0,-0.0162353609508725,0.0312029557077458,-0.1035884008253287,0.0279083700888812,0.0,0.0,0.0207362407210862,0.0,-0.0134190634780368
sid4928-clean-COSINE-7000-F_close_88.wav,0.0024641742972905,0.0,0.0,0.0143666684907841,0.0,0.0010875721299395,0.0,0.0,0.0,0.0020562664572481,0.0,0.0,0.0341134021823529,0.0057665785229887,0.0087437467716851,0.0172559048529075,0.004099579792,0.0,0.0,0.0,0.0,0.0113282297783655,0.0057081409667387,0.0471361296775823,0.0312494350585974,0.0262178101116836,0.0,0.0,0.0112348343773867,0.0132660389327602,0.0,0.0,0.0048720555615621,0.0072504547032901,0.0121061846913264,0.0,0.0049718492836613,0.0044945067930628,0.0,0.0,0.011738750960967,0.020586531545962,0.0151022906084275,0.0,0.0127399111240646,0.0079276201644522,0.001780953798138,0.0,0.0,0.0,0.006623337692428,0.0,0.0,0.0,0.0039474811845222,0.004034737558517,0.0079996543209864,0.0085665810552459,0.0,0.0,0.0,0.0027191314805119,0.0005584406985863,0.0,0.0,0.0,0.0,0.0,0.0047080399161584,0.0,0.0022779056558941,0.0,0.0098588530199837,0.0,0.0,0.009927898616813,0.0,0.0,0.0084960523317578,0.0,0.0090581037207136,0.0,0.0,0.0,0.0,0.0012753356639218,0.0027703944524433,0.0,0.0,0.0015613614794755,0.0097929398658268,0.0,0.0,0.0,0.0,0.0,0.0,0.0,0.0,0.0,0.0,0.011753171097245,0.0110619017515044,0.0086932517290301,0.0,0.0027299808153148,0.0,0.0049607228660031,0.0,0.0,0.0,0.0,0.0,0.0,0.0,0.0004207681355628,0.0,0.0,0.0172448965133161,0.0125214265421639,0.0,0.012142920086677,0.0,0.0112809587870459,0.0,0.0,0.0,0.0,0.0,0.0,0.0,0.0,0.0,0.0123890700587609,0.0,0.0,0.0075528441479439,0.0,0.0070738558645454,0.0,0.005726488796186,0.0,0.0,0.0,0.0144817774566139,0.0,0.0012051341951485,0.0,0.0,0.000966383399369,0.0,0.0,0.0,0.0,0.0,0.0118861339223817,0.0038708269515679,0.0,0.0,0.0025609272035509,0.0
sid1434-anchor-COSINE-2145-F_close_75-truncated.wav,0.0,0.0,0.0,-0.0046805945400464,0.0,0.0,0.0,0.0,0.0,-0.0212313986304365,-0.0418348454725819,0.0,0.0,0.0,0.0,0.0,0.0,0.0,0.0,0.0,0.0,0.0,0.0,-0.0120434115423526,-0.037171372687208,0.0,0.0,0.0,-0.0040582671129472,-0.0080526921243742,-0.0168508724629343,0.0,-0.012567973992663,-0.007693680206153,-0.0057488455675355,-0.0059490788156846,0.0,0.0,0.0,0.0,-0.0039037082944411,0.0,0.0,0.0,0.0,0.0,0.0,0.0,0.0,0.0,0.0,0.0,0.0,0.0,0.0,0.0,0.0,-0.0154656675196725,0.0,0.0,0.0,0.0,0.0,-0.0157834218947332,0.0,0.0,0.0,-0.0148827932914514,-0.0030361947732443,-0.0085179996050053,0.0,-0.023788153726679,0.0,0.0,0.0,0.0,0.0,-0.0169051510616707,0.0,-0.0043645103910714,0.0,0.0,0.0,0.0,0.0,0.0,0.0,0.0,-0.0019242852813931,-0.0014860925060844,0.0,-0.0019939764451526,0.0,0.0,0.0,0.0,0.0,0.0,0.0,0.0,0.0,0.0,0.0,0.0,0.0,-0.0005365879601015,0.0,0.0,-0.0163069820510278,-0.0025210843283805,-0.0081301068945338,0.0,0.0,0.0,-0.0037911611297486,0.0,0.0,0.0,0.0,-0.0086916352589052,0.0,0.0,0.0,-0.0109537309295599,-0.0048394656549604,0.0,0.0,0.0,0.0,0.0,-0.0025064912509456,0.0,0.0,0.0,0.0,0.0,-0.002766340667069,0.0,0.0,-0.0162996759980401,-0.0143103965700101,0.0,0.0,0.0,0.0,0.0,-0.0055512870449517,0.0,0.0,0.0,0.0,0.0,0.0,0.0,0.0,0.0,0.0,0.0,0.0,-0.0267759865738154,0.0
sid2677-anchor-COSINE-3277-F_close_45.wav,0.0,0.0677065972753909,0.0,0.0,0.0,0.0,0.0329157008460286,0.0,0.0,0.0,0.0,0.0720488950326878,0.0673616873900723,0.0,0.0,-0.0720185618696182,-0.0465447551055929,0.0107169761920652,0.0,0.0,0.0,0.0,0.0,0.0,0.0,0.0,0.0,0.0,0.0,0.0203626404976352,0.0,0.0,0.032661830344715,0.0242443542640472,0.0,0.0,0.0,0.0,0.0,0.0,0.0,0.0,0.0,-0.0584526993126419,0.0,0.0,0.0,0.0,0.0,0.0,0.0,0.0,0.0,0.0,0.0,0.0,0.0,0.0,0.0,0.0,0.0,0.0,0.0,0.0,0.0,0.0,0.0,0.0,0.0,0.0,0.0119890974208294,0.0150882532095599,0.0,0.0161175999915613,0.0,0.0,0.0084803236347724,0.0,0.0142173566324244,0.0,0.0,0.0,0.0,0.0120532023803695,0.013977887188698,0.0,0.0161505912431732,0.0,0.0,0.0160774795825428,0.0,0.0,0.0,0.00806632761811,0.0,0.0,0.0,0.0,0.0,0.0,0.0,0.0,0.0,0.0,0.0,0.0,0.0,-0.0480055349921279,0.0,0.0,0.0,0.0,0.0,0.0143928048433067,0.0,0.0,0.0,0.0,0.0,0.0,-0.0552888322283521,0.0,0.0,0.0165584195989732,0.0,0.0,0.0,0.0,0.0,0.0,0.0,0.0,0.0,0.0,0.0,0.0,0.0,0.014795864262898,0.0,0.0,0.0,0.0,0.0,0.0,0.0,0.0162583815867847,0.0,0.0,0.0,0.0,0.0,0.0229568349424059,0.0,0.0084098488420659,0.0269454739447833,0.0,0.0,0.0,0.0,0.0,0.0
sid2882-anchor-COSINE-3792-F_close_150.wav,0.0,0.0,0.07727187768515,0.041795266708771,0.0,0.0,0.0,0.0,0.0,0.0,0.0,0.0,0.0,0.0,0.0,0.0,0.0,0.0,0.0,0.0,0.0,0.0,0.0,0.0,0.0,0.0,0.0,0.0,0.0,0.0,0.0,0.0,0.0,0.0,0.0,0.0,0.0,0.0,0.0,0.0,0.0,0.0,0.0,0.0,0.0,0.0,0.0,0.0,0.0,0.0,0.0,0.0,0.0,0.0,0.0,0.0,0.0,0.0,0.0,0.0,0.0,0.0,0.0,0.0,0.0,0.0,0.0,0.0,0.0,0.0,0.0,0.0,0.0,0.0,0.0,0.0,0.0,0.0,0.0,0.0,0.0,0.0,0.0,0.0,0.0,0.0,0.0,0.0,0.0,0.0,0.0,0.0,0.0,0.0,0.0,0.0,0.0,0.0,0.0,0.0,0.0,0.0,0.0,0.0,0.0,0.0,0.0,0.0,0.0,0.0,0.0,0.0,0.0,0.0,0.0,0.0,0.0,0.0,0.0,0.0,0.0,0.0,0.0,0.0,0.0,0.0,0.0,0.0,0.0,0.0,0.0,0.0,0.0,0.0,0.0,0.0,0.0,0.0,0.0,0.0,0.0,0.0,0.0,0.0,0.0,0.0,0.0,0.0,0.0,0.0,0.0,0.0,0.0,0.0,0.0,0.0,0.0,0.0,0.0,0.0,0.0
sid4646-noisy-COSINE-6463-F_array1_296.wav,0.0,-0.0026665328279714,0.0,0.0,-0.0025652790231279,-0.0021415153871135,0.0,0.0,0.0,0.0,0.0,-0.0051624794547302,-0.0013853867427366,0.0,0.0,0.0,0.0,0.0,0.0,0.0,0.0,0.0,0.0,-0.0291457860056461,-0.0455125891968395,-0.0303628243602218,0.0,-0.0282319088146031,-0.0304873383912149,-0.0308181050171252,-0.023191851647134,0.0,0.0,-0.0402409010680156,0.0,0.0,0.0,0.0,-0.001960637651327,-0.0050253415036373,0.0,-0.056791650350054,-0.0085514810723722,-0.0032658280184067,0.0,-0.065797913375622,-0.054709692659328,0.0,-0.0502009986574668,0.0,0.0,-0.0428791617835201,-0.0370899808219496,0.0,-0.0324939024615847,-0.0330668684244948,-0.0245587981315149,-0.0186456411101676,0.0,0.0,-0.0068413738874209,-0.0109554033184004,-0.0024841931877468,-0.0041544162522809,-0.0072698586462267,0.0,0.0,0.0,-0.0059243602207176,0.0,0.0,0.0,0.0,0.0,0.0,-0.0090496454210366,-0.0087552426248242,0.0,-0.0078934362057961,-0.0119329133568043,-0.0084521217795315,-0.0020534656700661,-0.0024353022843501,-0.0066767327071295,-0.0037286572451903,0.0,0.0,-0.0019092722078801,-5.726265086141086e-05,-0.005045482173553,0.0,0.0,-0.0009739091948361,0.0,0.0,0.0,-0.0028824679933438,0.0,-0.0016811537130406,-0.004393234338307,-0.0008802518240277,0.0,0.0,0.0,-0.0018120750021395,0.0,0.0,0.0,0.0,-0.0074562044013121,-0.0039358480737629,0.0,0.0,0.0,0.0,-0.0003412459707073,0.0,0.0,0.0,0.0,0.0,0.0,0.0,0.0,0.0,0.0,-0.0044022191343886,0.0,0.0,0.0,-0.0029549521756491,-0.0010276254483637,0.0,0.0,0.0,0.0,0.0,0.0,0.0,0.0,0.0,0.0,-0.0016442069261366,0.0,0.0,0.0,0.0,-0.0006615137667502,0.0,0.0,0.0,-0.0004182141822048,-0.0069618628835502,-0.0003624871017742,0.0,0.0,0.0,0.0,0.0,0.0,0.0
sid3769-anchor-COSINE-5219-M_close_54.wav,0.0,0.0,0.0,0.0,0.0,0.0,0.0,0.0,0.0,0.0,0.0,0.0,-0.0044627914414392,0.0,0.0,0.0,0.0,-0.0191287299287906,0.0,0.0,0.0,0.0,0.0,0.0,-0.008834949912401,0.0,-0.0339051252354585,-0.0394894721061774,-0.0210404105392428,-0.0339006640403564,-0.0255338020710292,-0.014191176849686,-0.0160045469882994,-0.0245209467302453,-0.0294577569879336,0.0,0.0,-0.0282219387705238,-0.0141410833347967,-0.0072672824613782,0.0,-0.0060674783377869,0.0,-0.0022102626025713,-0.0204032434700789,-0.0071340954338645,-0.0103377640372876,-0.0041956142861039,-0.0064092482972187,0.0,0.0,0.0,-0.0033485105379824,0.0,0.0,0.0,0.0,0.0,0.0,0.0,0.0,0.0,-0.0048783612801146,-0.0027029220891543,0.0,0.0,0.0,0.0,-0.0052703546784209,0.0,0.0,0.0,0.0,0.0,0.0,0.0,0.0,0.0,-0.0043911126739768,-0.0046410440276831,0.0,0.0,0.0,0.0,0.0,0.0,0.0,0.0,0.0,0.0,0.0,0.0,-0.007107193297183,0.0,0.0,0.0,0.0,0.0,0.0,0.0,0.0,0.0,0.0,0.0,0.0,0.0,0.0,0.0,0.0,0.0,0.0,0.0,0.0,0.0,0.0,0.0,0.0,0.0,0.0,0.0,0.0,0.0,0.0,0.0,0.0,0.0,0.0,-0.0015726697848073,0.0,0.0,0.0,0.0,0.0,0.0,0.0,0.0,0.0,0.0,0.0,0.0,0.0,-0.0025787996573172,0.0,-0.0029717349942335,0.0,0.0,0.0,0.0,0.0,0.0,0.0,0.0,0.0,0.0,0.0,0.0,0.0,0.0,0.0,0.0,0.0
sid4469-anchor-COSINE-6463-F_close_12.wav,0.0,-0.0132425590685178,0.0,-0.0112609622419724,-0.0092259007758281,0.0,0.0,0.0,0.0,0.0,-0.0034061093418435,-0.0141001258131908,0.0,0.0,0.0,0.0,0.0,0.0,-0.0073459954231673,0.0,-0.0108115088088465,0.0,-0.015351634600801,0.0,-0.0405476731386555,0.0,-0.0523090765951013,0.0,0.0,-0.0031602879110038,0.0,-0.0177994561600084,-0.0052628860421839,0.0,-0.0235164296712081,-0.0475838949082151,-0.0099994811814645,-0.006086559327811,-0.0060088176066424,0.0,-0.0015060011000471,-0.0164521700093518,0.0,-0.0017746904890468,0.0,-0.0045447552922636,0.0,-0.0229524872026042,-0.0073031822820435,-0.0061026754193045,-0.0090222295391561,-0.0129032246084224,0.0,0.0,0.0,0.0,-0.0108291636432752,0.0,0.0,-0.0190302933489876,-0.0005621238780536,-0.0154426316045545,0.0,-0.0076392469993601,0.0,-0.0022910730177635,0.0,-0.0235835852830696,0.0,-0.0329235656251531,-0.0044628915081664,-0.014603465725342,-0.025453749844635,0.0,-0.0078754274452408,-0.0047585969534445,0.0,0.0,0.0,0.0,0.0,0.0,0.0,0.0,-0.0006757416670544,-0.0006495046807794,0.0,-0.0032489657318522,0.0,0.0,-0.009078479377115,-0.0032315279138045,0.0,-0.0151305861094075,0.0,-0.0122384982541535,-0.000697189421579,0.0,0.0,0.0,0.0,0.0,0.0,0.0,-0.0194711062876118,-0.0114664719368829,-0.0082972112276782,-0.0020170188516668,0.0,0.0,0.0,-0.0041473563316467,-0.0121721305143339,0.0,0.0,-0.0198700791852206,0.0,-0.010235371769651,0.0,0.0,0.0,0.0,0.0,0.0,0.0,0.0,0.0,0.0,0.0,0.0,0.0,0.0,0.0,-0.0033740066666484,-0.0072212571881487,0.0,0.0,0.0,-0.0038057978564087,-0.0101348686695323,0.0,0.0,0.0,0.0,0.0,0.0,0.0,0.0,-0.002860602815235,0.0,0.0,-0.0170247996324792,0.0,0.0,0.0,-0.0049261018793398,0.0,0.0,-0.001483535535428,-0.0052920186112511,0.0
sid2753-anchor-COSINE-3381-F_close_21.wav,0.0,0.0,0.0,-0.0139018977170715,0.0,-0.0102337892873552,0.0,-0.0025091982711256,0.0,0.0,0.0,0.0,0.0,-0.0463386279136097,0.0,0.0,0.0,-0.0088062037642538,0.0,0.0,-0.0051780226491645,0.0,0.0,-0.056548457919584,-0.0098679546081485,-0.0136398603769543,-0.0114634304478463,0.0,-0.0126053288519297,0.0,0.0,-0.0154077174862924,0.0,-0.0243810383507114,0.0,-0.0092084384312102,-0.0136008176400445,-0.0168416500100117,-0.0206856837335893,-0.0171084483158553,-0.0122058639239641,-0.0019296470674477,-0.0203988025513719,-0.0048412200392408,-0.0073804028983462,0.0,0.0,0.0,0.0,0.0,0.0,0.0,0.0,0.0,0.0,-0.0052301772191474,0.0,-0.004211947952956,-0.0033768712725564,0.0,-0.0008080448902369,0.0,0.0,0.0,0.0,0.0,0.0,0.0,0.0,0.0,0.0,0.0,0.0,-0.0056389506258908,-0.001336743767927,0.0,0.0,0.0,0.0,-0.0078998168993138,0.0,0.0,-0.0238769295595887,-0.0062830410473746,0.0,0.0,0.0,-0.0002317548538223,0.0,0.0,0.0,-0.0014684092911543,-0.0021888473080246,-0.008841563415649,0.0,0.0,0.0,0.0,0.0,-0.0036513344616653,0.0,0.0,-0.0101936573669729,0.0,0.0,0.0,0.0,-0.0087822496895647,0.0,0.0,0.0,0.0,0.0,0.0,0.0,0.0,-0.0016235743016216,0.0,0.0,0.0,0.0,0.0,-0.0030854378036472,-0.00085951582931,0.0,0.0,-0.0101572967362831,-0.0016644660310854,0.0,0.0,-0.0049509973625665,0.0,0.0,0.0,0.0,-0.0021953889212094,-0.0045217822937764,0.0,0.0,0.0,0.0,-0.0019435318900745,-0.0100356693389612,0.0,0.0,0.0,0.0,0.0,0.0,0.0,0.0,0.0,0.0,0.0,0.0,0.0,0.0,-0.0038682505568405,-0.0009380642984223,0.0,-0.0095905744218235
sid3031-anchor-COSINE-3792-F_close_49.wav,0.0,0.0,0.0461589930560113,0.0,0.0227690727755664,0.0,0.0,0.0,0.0,0.0,0.0,0.0099135605720646,0.0053569767002578,0.0072313024093683,0.0012241618361188,0.0,0.0,0.0214316733858227,0.0,0.0187940844057735,0.0063468473852631,0.0205778785336222,0.0024461244812061,0.018157857406437,0.0292355014396404,0.0310494284058876,0.002263172780036,0.0245183552829876,0.0121775886597508,0.0008438282155553,0.0046147576747433,0.0,0.0164208949332642,0.0056965751193098,0.0,0.017574027424397,0.0,0.0,0.0,0.0,0.0,0.0,0.0,0.0,0.00332998367929,0.0213921237650316,0.0121913666444205,0.0,0.0008160144228173,0.0,0.0040664293766961,0.0,0.0,0.0,0.0,0.0,0.0,0.0044310561118653,0.0,0.0031007216851548,0.0,0.0,0.0,0.0,0.0,0.0,0.0,0.0,0.0,0.0037083946479995,0.0,0.0,0.0,0.0,0.0024237503250182,0.0,0.0,0.0014779612030907,0.0,0.0,0.002355696413347,0.0,0.0018615374343535,0.0009785847320884,0.0,0.0,0.0,0.0,0.0023602250090849,0.0006236245127779,0.0078570504516691,0.0,0.0054141796295644,0.0012467228864865,0.0,0.0080635931243311,0.0,0.005266308283188,0.007041445453519,0.003169257186717,0.0,0.0126144025933197,0.0,0.0072948742822126,0.0023726284176176,0.0092216080582719,0.0029959419411916,0.0045332438767081,0.0,0.0,0.0,0.0,0.0041653788241825,0.0069963116346072,0.0104833253850165,0.0091377746594649,0.006336260823237,0.0016936486673034,0.0,0.0,0.0,0.003938870441858,0.0094262274642691,0.0054268759813639,0.0,0.0,0.0074400238379242,0.0084844312258339,0.0011147090954995,0.0051379538634775,0.0034793933685672,0.0162975481105309,0.0,0.0,0.0099014446790579,0.0009915599972111,0.0,0.0006803044162059,0.0134803810979406,0.0037345663590577,0.0028255209031724,0.0,0.0053273170590513,0.0,0.0,0.0120960594187362,0.0,0.0011388092866771,0.0,0.0,0.0,0.0011486045641408,0.0,0.0,0.0,0.0,0.0103617636847074,0.00115017513608,0.0013134571782338,0.0057127522456134,0.0
sid1539-anchor-COSINE-2406-F_close_184.wav,0.0,0.0232228755950929,0.0,0.0,0.0,0.0,0.0,0.0,0.0,0.0,0.0,0.0,0.0,0.0,0.0,0.0,0.0,0.0,0.0,0.0,0.0,0.0,0.0,0.0,0.0,0.0,0.0,0.0,0.0,0.0,0.0,0.0,0.0,0.0,0.0,0.0,0.0,0.0,0.0,0.0,0.0,0.0,0.0,0.0,0.0,0.0,0.0,0.0,0.0,0.0,0.0,0.0,0.0,0.0,0.0,0.0,0.0,0.0,0.0,0.0,0.0,0.0,0.0,0.0,0.0,0.0,0.0,0.0,0.0,0.0,0.0,0.0,0.0,0.0,0.0,0.0,0.0,0.0,0.0,0.0,0.0,0.0,0.0,0.0,0.0,0.0,0.0,0.0,0.0,0.0,0.0,0.0,0.0,0.0,0.0,0.0,0.0,0.0,0.0,0.0,0.0,0.0,0.0,0.0,0.0,0.0,0.0,0.0,0.0,0.0,0.0,0.0,0.0,0.0,0.0,0.0,0.0,0.0,0.0,0.0,0.0,0.0,0.0,0.0,0.0,0.0,0.0,0.0,0.0,0.0,0.0,0.0,0.0,0.0,0.0,0.0,0.0,0.0,0.0,0.0,0.0,0.0,0.0,0.0,0.0,0.0,0.0,0.0,0.0,0.0,0.0,0.0,0.0,0.0,0.0,0.0,0.0,0.0,0.0,0.0,0.0
sid3683-noisy-COSINE-5068-F_array1_35.wav,0.0,0.0,0.0,-0.0524889040587012,-0.0024943123331318,0.0,0.0,0.0,-0.0054946521066175,0.0,0.0,0.0,0.0,-0.0038587573123057,0.0,0.0,0.0,0.0,0.0,0.0,0.0,0.0,0.0,0.0,-0.0367801550415153,-0.0063129354003698,0.0,-0.0071185908693686,-0.0217355148595718,-0.0057710725804618,-0.0178144397040665,0.0,-0.0326016455016396,-0.0269292247496835,-0.0369450863331964,-0.0433420554050948,0.0,-0.0413754175699001,0.0,-0.0310903624447933,-0.033195757895236,-0.0371930932655703,-0.0260531521450822,-0.0190601137200876,-0.0101679876730462,-0.0103122534341742,-0.0057186521582957,-0.0154727695446296,-0.0094084076745154,-0.0038658423029987,0.0,0.0,0.0,-0.0025599774298787,0.0,-0.0028163405001075,0.0,0.0,0.0,0.0,-0.0032640509594586,0.0,0.0,0.0,0.0,0.0,-0.0089065672501365,0.0,-0.002126113789879,0.0,0.0,0.0,0.0,0.0,0.0,0.0,0.0,0.0,0.0,0.0,0.0,0.0,0.0,-0.0034520493671531,-0.0057684162959748,-0.004101768078392,0.0,0.0,0.0,0.0,0.0,0.0,0.0,0.0,0.0,-0.0016254587149818,0.0,0.0,0.0,0.0,0.0,0.0,0.0,0.0,0.0,0.0,0.0,0.0,0.0,0.0,0.0,0.0,0.0,0.0,0.0,0.0,0.0,0.0,0.0,0.0,0.0,0.0,0.0,0.0,0.0,0.0,0.0,0.0,0.0,0.0,0.0,0.0,0.0,0.0,0.0,0.0,0.0,0.0,0.0,0.0,0.0,0.0,0.0,0.0,0.0,0.0,0.0,-0.0012835460566555,0.0,0.0,0.0,0.0,0.0,0.0,0.0,0.0,0.0,0.0,0.0,0.0,0.0
sid5337-clean-COSINE-7408-M_close_152.wav,0.0013740530280372,0.0,0.0,0.0576886740518632,0.0039798366230923,0.0309625181004514,0.0090717265885828,0.0,0.0,0.0034355053325111,0.0085801938952817,0.0,0.0,0.0,0.0038102483539789,0.0,0.0,0.000679059448282,0.0,0.0094226851786572,0.0,0.0,0.0,0.0,0.0,0.0,0.0,0.0,0.0096827869499018,0.0,0.0,0.0114708418101535,0.0,0.0228668228982637,0.0,0.0017263588124022,0.0119939116502122,0.0,0.0,0.0104841407468712,0.0,0.0,0.0,0.0059871480798212,0.0,0.0,0.0,0.0,0.0,0.0,0.0,0.0345990464570631,0.0,0.0155159150384291,0.0,0.0197774633168233,0.0,0.0,0.0,0.0,0.0,0.0,0.0,0.0,0.0,0.0,0.0,0.0134864663873997,0.0,0.0,0.0,0.0,0.016231736386277,0.0,0.0,0.0,0.007849669436423,0.0,0.0,0.0,0.0151966791543414,0.007986553496986,0.0,0.0,0.0,0.0042701054676656,0.0,0.0,0.002564092502178,0.0,0.0,0.0342799727706514,0.0211934893631429,0.0125770818545422,0.0,0.0,0.0091787804488211,0.0,0.0,0.0,0.0,0.0,0.0,0.0,0.0,0.0,0.007988026488311,0.0,0.0,0.0,0.002834750838389,0.0,0.0,0.00391883244897,0.0099673168240289,0.0,0.0,0.0,0.0,0.0,0.0,0.0,0.0,0.0,0.0,0.0,0.0,0.0,0.0,0.0021325362301622,0.0133261499930545,0.0,0.0,0.0,0.0,0.0,0.0058017635061827,0.0,0.0,0.0,0.0,0.0,0.0,0.0,0.0,0.0,0.0,0.0136228289751298,0.0,0.0,0.0,0.0,0.0,0.0,0.0051772941983959,0.0,0.0,0.0,0.0016609083495896,0.0,0.0
sid3330-clean-COSINE-3904-M_close_12.wav,0.0,0.06021819610066,0.0,0.0,0.0,0.0,0.0,0.0,0.0,0.0,0.0,0.0122954591906705,0.0100075084136103,0.0,0.0,0.0,0.0,0.0088262770319951,0.0,0.0,0.0,0.0,0.0,0.0,0.0,0.0,0.0,0.0,0.0,0.0,0.0,0.0,0.0,0.0,0.0,0.0,0.0,0.0,0.0,0.0,0.0,0.0,0.0,0.0,0.0,0.0,0.0,0.0,0.0,0.0,0.0,0.0,0.0,0.0,0.0,0.0,0.0,0.0,0.0,0.0,0.0,0.0,0.0,0.0,0.0,0.0,0.0,0.0,0.0,0.0,0.0,0.0,0.0,0.0,0.0,0.0,0.0,0.0,0.0,0.0,0.0,0.0,0.0,0.0,0.0,0.0,0.0,0.0,0.0,0.0,0.0,0.0,0.0,0.0,0.0,0.0,0.0,0.0,0.0,0.0,0.0,0.0,0.0,0.0,0.0,0.0,0.0,0.0,0.0,0.0,0.0,0.0,0.0,0.0,0.0,0.0,0.0,0.0,0.0,0.0,0.0,0.0,0.0,0.0,0.0,0.0,0.0,0.0,0.0,0.0,0.0,0.0,0.0,0.0167061958139673,0.0,0.0,0.0,0.0,0.0,0.0,0.0,0.0,0.0,0.0,0.0,0.0,0.0,0.0,0.0,0.0,0.0,0.0,0.0,0.0,0.0,0.0,0.0,0.0,0.0,0.0,0.0
sid0361-noisy-COSINE-0622-F_array1_200.wav,0.0,0.0,0.0,0.0,0.0,0.0,0.0,0.0,0.0158583593300244,0.0,0.0165156568861451,0.0,0.0241971812935961,0.0,0.0,0.0,0.0,0.0,0.0,0.0,0.0,0.0,0.0,0.0,0.0,0.0,0.0,0.0,0.0,0.0,0.0,0.0,0.0,0.0,0.0,0.0,0.0,0.0,0.0,0.0,0.0,0.0,0.0,0.0,0.0,0.0,0.0,0.0,0.0,0.0,0.0,0.0,0.0,0.0,0.0,0.0,0.0,0.0,0.0,0.0,0.0,0.0,0.0,0.0,0.0,0.0,0.0,0.0,0.0,0.0,0.0,0.0,0.0,0.0,0.0,0.0,0.0,0.0,0.0,0.0,0.0,0.0,0.0,0.0,0.0,0.0,0.0,0.0,0.0,0.0,0.0,0.0,0.0,0.0,0.0,0.0,0.0,0.0,0.0,0.0,0.0,0.0,0.0,0.0,0.0,0.0,0.0,0.0,0.0,0.0,0.0,0.0,0.0,0.0,0.0,0.0,0.0,0.0,0.0,0.0,0.0,0.0,0.0,0.0,0.0,0.0,0.0,0.0,0.0,0.0,0.0,0.0,0.0,0.0,0.0,0.0,0.0,0.0,0.0,0.0,0.0,0.0,0.0,0.0,0.0,0.0,0.0,0.0,0.0,0.0,0.0,0.0,0.0,0.0,0.0,0.0,0.0,0.0,0.0,0.0,0.0
sid1815-anchor-COSINE-2734-M_close_90.wav,0.0227746878714273,0.0,0.0861928374018002,0.0,0.0,0.0354810513505298,0.0,0.0,0.008996006911971,0.0289042547988543,0.0,0.0286075136774795,0.0,0.0,0.0,0.0,0.0,0.0,0.0,0.0,0.0,0.0,0.0071286617654131,0.0328490984518012,0.0,0.0,0.0,0.0,0.0042633299550637,0.0,0.0045545261755248,0.0,0.0147408861141077,0.0,0.0128154172187857,0.0,0.0140239785695403,0.0,0.0,0.004452602483931,0.0,0.0,0.0,0.0209110283682212,0.0,0.0341646961517708,0.0059840998561231,0.0,0.0,0.0,0.0,0.0,0.0032714088730492,0.0013617421730458,0.0130390654789072,0.0,0.0,0.0,0.0105296219163764,0.0,0.0,0.0,0.0112690591796927,0.0,0.0,0.0,0.0,0.0036461758929911,0.0,0.007906162121284,0.0,0.0,0.0,0.0287791216231991,0.0031226517761699,0.0,0.0,0.0,0.0170135091105102,0.0,0.0158038163953911,0.0,0.0,0.0127977035183484,0.0,0.0191571181370338,0.0,0.0,0.0062239750473285,0.0,0.0,0.0,0.0,0.0,0.0021506208403134,0.0,0.0,0.0,0.0,0.0,0.0,0.0,0.0,0.0,0.0,0.004640390255467,0.0060392358664834,0.0,0.0,0.0,0.0,0.0,0.0,0.0,0.0036803003946872,0.0,0.0,0.0,0.0027829577757341,0.0,0.0,0.0,0.0017191355372178,0.0054125163844269,0.0,0.0,0.0,0.0,0.0,0.0,0.0,0.0,0.0,0.0,0.0,0.0,0.0,0.0,0.0,0.0,0.0,0.0,0.0,0.0,0.0,0.0,0.0,0.0,0.0,0.0,0.0,0.0,0.0,0.0,0.0,0.0,0.0,0.0073505747258701,0.0,0.0,0.0
sid1816-anchor-COSINE-2734-M_close_91.wav,0.0,0.0,0.0,0.0,0.0616010944266622,0.036357763463657,0.0,0.0,0.0,0.0,0.0,0.0,0.0444480846931949,-0.0181780040198214,0.0,0.0,-0.0161259213052264,0.0,-0.025770178986491,-0.0328264752883609,-0.0078519556538088,-0.0247090184324923,-0.0189821436120816,0.0,0.0,0.0,0.0,0.0,0.0,0.0,-0.0034155194844777,0.0,0.0,0.0,0.0,0.0,0.0,0.0,0.0,0.0,0.0,0.0,0.0,-0.0145020663656081,-0.0276707927347088,0.0,0.0,-0.0169233691489977,-0.0185949536664223,0.0,0.0,0.0,0.0,-0.0105790231806612,0.0,0.0,0.0,0.0,-0.0097323857723861,0.0,0.0,0.0,0.0,0.0,0.0,0.0,0.0,0.0,0.0,0.0,0.0,-0.0113511770755958,0.0,0.0,0.0,0.0,0.0,-0.0076264290198957,0.0256372913454089,0.0,0.0,0.0,0.0,0.0,0.0,0.0,0.0,0.0,0.0,0.0,0.0,0.0,0.0,0.0,0.0,0.0,0.0,0.0,-0.0112693963319764,0.0,0.0,0.0,0.0,0.0,0.0,0.0,0.0,0.0,0.0,0.0,0.0,0.0,0.0,0.0,-0.0165834414911686,0.0,0.0,0.0,0.0,0.0,-0.0159956830796402,0.0,0.0,0.0,0.0,0.0,0.0,0.0,0.0,0.0,0.0,0.0,0.0,0.0,0.0,0.0230089512659071,0.0,0.0,0.0,0.0,0.0,0.0,0.0,0.0,0.0,0.0,-0.005014360399052,0.0,0.0,0.0,0.0,0.0,0.0,0.0,0.0,0.0,0.0,0.0,0.0,0.0,-0.0007301683289395
sid0961-noisy-COSINE-1399-F_array1_350.wav,0.0,0.0,0.0007971620098895,0.0031190268047358,0.0,0.0,0.0,0.0,0.0051087553768314,0.0,0.0,0.0,0.0084852220771593,0.0,0.0,0.0014851454965873,0.011761750769606,0.012827805263353,0.0152098706869323,0.00775419311704,0.0087830683661603,0.0,0.0011190129718569,0.0,0.0,0.0,0.0,0.0019958819503211,0.0,0.0,0.0079371044078436,0.0,0.0,0.0,0.0,0.0,0.0,0.0,0.0,0.0028343464159445,0.0,0.0045580972222375,0.0,0.0108319678868464,0.015434757268343,0.0058481639329671,0.0,0.0,0.0,0.0,0.0013799135080598,0.008090676804007,0.0004547874613727,0.0,0.0,0.0,0.0,0.0,0.0,0.0,0.0,0.0,0.0021687498097578,0.0,0.0,0.0,0.0,0.0,0.0,0.0,0.0,0.0,0.0,0.0,0.0003749507346276,0.0,0.0,0.0,0.0,0.0,0.0,0.0023000714761434,0.0,0.0028445152452419,0.0,0.0,0.0,0.0,0.0093816073867815,0.0,0.0024227030467074,0.0005445781686667,0.0029628445107396,0.0004121381464672,0.0,0.0010687969620845,0.0095579967185308,0.0,0.0044422338365871,0.0152931902243482,0.0024214560622865,0.0023306752940435,0.0,0.0040407341494624,0.0,0.0,0.0044585390649527,0.0087500926899064,0.0,0.0,0.0,0.0040018464475967,0.0,0.0004454296652908,0.0,0.0051675185850591,0.0,0.0,0.0044374696436461,0.0,0.0094702506421063,0.0074353684031149,0.0075500096376614,0.001107671846973,0.003439595613133,0.0066869343737141,0.0,0.0,0.0034369809119972,0.0014515981522472,0.0043572661600525,0.0,0.0,0.0064660586365003,0.0029184710976878,0.0,0.0,0.0044516200911817,0.0,0.0,0.0,0.0,0.0047439784583833,0.0040448358958345,0.0,0.0,0.0,0.0,0.0022340130011728,0.0,0.0017774904244714,0.0,0.0,0.0,0.0063987400211377,0.0113367116843494,0.0,0.0,0.0,0.0,0.0018054270017156
sid5333-noisy-COSINE-7408-M_array1_149.wav,0.0,0.0,0.0,0.0,0.0,-0.0065400684432434,0.0,0.0165778185805973,0.0,-0.0054165370291115,0.0,0.0,0.0002939850875717,0.0,0.0,0.0,0.0,-0.0064787916187154,0.0,0.0,0.0908686711179214,0.0370427173980476,-0.0184361099625814,0.0,-0.0106866292407644,-0.009433304099722,0.0,-0.0042148255632762,0.0,0.0,0.0,0.0,0.0,0.0,0.0,-0.0006378319844583,0.0,0.0,0.0,0.00050786778982,-0.0031059954968166,-0.0019158358152057,0.0,-0.0056376626416238,-0.0327316201958841,-0.005398230112729,-0.005663862323376,-0.0225837552573923,0.0,-0.0102689766203041,-0.0057637590125609,-0.0047155572908497,-0.0193141434015637,0.0,0.0,0.0,-0.0258175243409831,0.0,0.0,0.0,-0.0010702095980986,0.0,0.0,-0.0347902473019471,0.0222351167619098,-0.0375947381886201,0.0,0.0,-0.0379857223420381,0.0,0.0,0.0,-0.009775329697992,-0.0566084767740059,0.0,-0.0280190292747545,0.0,-0.0280102938038617,-0.0118338348570753,-0.013361994529047,-0.0251850573874835,0.0,0.0,0.0,0.0,0.0,-0.0075651101631321,0.0,0.0,0.0239132850734767,-0.0099664321593622,-0.0093699633812541,-0.0189408105574164,-0.0256771168058963,-0.0079948358123888,-0.0019058979212231,0.0,-0.0002254893938785,-0.0190835783077579,-0.0123682759701594,-0.0145392517057394,-0.0085301535617509,-0.0042544366759532,-0.0234100730267191,0.0,-0.0117773092375364,-0.0033783047892838,0.0,-0.0124536277971686,-0.009586185635972,0.0,0.0,-0.0140499782886777,0.0,-0.0006609383157037,-0.0080118311714181,-0.0071188593489565,0.0,0.0,-0.0018858754268989,0.0,-0.0118754252922636,0.0,-0.0067409560445372,-0.010014313811501,-0.0057984569671337,0.0,0.0,0.0,-0.00843347081573,-0.0059335644042549,-0.0050523911758633,0.0,-0.0080709122921166,-0.0052103951818837,-0.0026373341115791,0.0,-0.0002846475719706,0.0,-0.006012524626117,-0.0068459405868209,-0.0058194419881551,0.0,-0.0033908554253168,0.0,0.0,0.0,0.0,-0.0038996873064874,-0.0079114596583238,0.0,-0.0023021912966545,-0.0017846228888722,-0.0030410096916495,0.0,-0.0023086997496113,0.0,0.0,-0.0052254531930125,0.0,-0.0090823451016244
sid4445-anchor-COSINE-5897-F_close_96.wav,0.0,0.0,0.0437450276136628,0.0,0.0,0.0313491501224335,0.0,0.0013534640141071,0.0219186024402452,0.0,0.0,0.0,0.0,0.0,0.0,0.0,0.0,0.0,0.0,0.0,0.0,0.0,0.0,0.0,0.0,0.0,0.0,0.0,0.0,0.0,0.00216569089888,0.0059001376910568,0.0085265476578408,0.0,0.0,0.0,0.0,0.0134503835942266,0.0,0.0,0.0,0.0,0.0,0.0,0.0,0.0032380951172947,0.0,0.0,0.0,0.0034885831660564,0.0,0.0033220179634282,0.0113668131283859,0.0,0.0,0.0011740528191054,0.0,0.0013862746470917,0.0,0.0,0.0039014239348709,0.0,0.0,0.0,0.0,0.0,0.0,0.0046850805832753,0.0121892078330485,0.0,0.0,0.0,0.0044530394985626,0.0,0.0,0.0102776540035525,0.0,0.0,0.0,0.0,0.0139475478101,0.012832572160989,0.0090491900729817,0.0,0.006477472566978,0.0106272728247707,0.0030299251149804,0.0,0.0,0.0,0.0011552918096126,0.0,0.0,0.0133060131706549,0.0044184465286641,0.0,0.0,0.0,0.0018785474477272,0.0,0.0,0.0,0.0,0.0,0.0158415582572227,0.0,0.0,0.0,0.0,0.0,0.0,0.0,0.0111779049199687,0.0,0.0,0.0093821251603433,0.0053347919387282,0.0,0.0,0.0,0.0058344736711017,0.0,0.0,0.0055792367054827,0.0016017683597307,0.0,0.0,0.0,0.0,0.0,0.0,0.0,0.0,0.0,0.0,0.0,0.0,0.0,0.0,0.0,0.0,0.0,0.0,0.0,0.000882585137531,0.0,0.0,0.0,0.0,0.0,0.0006645435971973,0.0049317732112587,0.0025926346747687,0.003291055489353,0.0,0.0,0.0,0.011812873467053,0.0,0.0032451236782384,0.0
sid3114-clean-COSINE-3826-M_close_132.wav,0.0,0.0,0.02106374055916,0.0,0.0100678437179663,0.0,0.0,0.0,0.0010161234267672,0.0,0.0,0.0,0.0030154722048622,0.0082591645912035,0.0233114866263517,0.0,0.0128964149667077,0.0,0.0,0.0229060507534111,0.0,0.0145983409919299,0.0,0.0114847447906738,0.0,0.0264452500330429,0.0,0.0,0.0,0.0,0.0037532852782893,0.0,0.0,0.0,0.0,0.0091506679329498,0.0,0.0,0.0,0.0091202472528664,0.0,0.0,0.010955771774432,0.0,0.0,0.0,0.0,0.0069740931402344,0.0,0.0,0.0,0.0106730565170199,0.005605374143369,0.0070841737633758,0.0,0.0,0.0,0.0,0.0091082700660315,0.0,0.0038489685240662,0.0,0.0,0.0,0.0,0.007482274537827,0.0,0.0,0.0,0.0,0.0,0.0,0.0,0.0,0.0,0.0,0.0,0.0,0.0,0.0,0.0,0.0,0.0,0.0,0.0,0.0118211966314298,0.0,0.0,0.0053258958724069,0.0,0.0,0.0,0.0,0.0,0.0,0.0,0.0006999915420728,0.0,0.0078147142950228,0.0,0.0040848228192793,0.013339783620505,0.0,0.0110051203488331,0.0,0.0,0.0,0.0,0.0,0.001716772942661,0.013862588494285,0.0,0.0,0.0,0.0125623591191979,0.0,0.0,0.0027736266463526,0.0020035484480948,0.0,0.0,0.0106837979579485,0.0,0.0030539268834981,0.0151121265114056,0.0,0.0,0.0,0.0,0.0,0.0,0.0,0.0,0.0,0.0,0.0024108798614568,0.0089672434053419,0.0,0.0052180056295251,0.0,0.0,0.0,0.0,0.0053663746694431,0.0,0.0,0.0,0.0,0.0,0.0,0.0,0.0,0.0,0.0,0.0038887624517417,0.004092556611573,0.0,0.0,0.0,0.0,0.0
sid4685-anchor-COSINE-6463-F_close_34.wav,0.0,0.0,0.0881166300079403,0.0,0.0,0.0,0.0,0.0,0.0,0.0,0.0,-0.0066559672946581,0.0,0.0387978168390383,0.0,0.0,0.0,0.0,-0.0048996689911259,0.0,0.0,-0.0521063108462493,0.0,-0.0238773583757497,-0.0202274207243049,-0.0498077869691771,0.0,0.0,-0.0385487441941075,-0.0122540232782446,0.0,0.0,0.0,-0.0087593806375609,0.0,0.0,-0.0214700267923129,0.0,0.0,0.0,-0.0171712456404395,0.0,0.0,-0.0062836058235414,-0.0157346597912407,-0.0163071653577647,0.0,0.0,-0.0075193112250316,-0.0158318208906524,0.0,0.0,0.0,-0.0068118982257734,0.0,0.0,0.0,-0.0057254387571806,-0.0050348008548101,0.0,0.0,0.0,-0.0215169518686432,-0.0180399295609913,-0.010988629789382,0.0,-0.0151266048730138,-0.009144507568862,0.0,-0.0056273114017995,-0.005910928712775,0.0,-0.0093977494277841,0.0,-0.0054831497205089,0.0,0.0,0.0,0.0,0.0,0.0,0.0,0.0,-0.0100535655266959,-0.0031401154656641,0.0,0.0,0.0,0.0,0.0,0.0,0.0,0.0,-0.0080456875493467,0.0,0.0,0.0,0.0,0.0,0.0,0.0,0.0,0.0,0.0,-0.0162955593815033,0.0,0.0,0.0,0.0,0.0,0.0,0.0,0.0,0.0,0.0,0.0,0.0,0.0,0.0,0.0,0.0,0.0,0.0,0.0,0.0,0.0,-0.0037554444452353,0.0,0.0,0.0,0.0,0.0,0.0,0.0,0.0,0.0,0.0,0.0,0.0,0.0,0.0,0.0,0.0,0.0,-0.0001715656128662,0.0,0.0,0.0,0.0,0.0,0.0,0.0,-0.0062090716460874,0.0,0.0,0.0,0.0,0.0,0.0,-0.0032840124194718,0.0
sid4551-noisy-COSINE-6463-F_array1_204.wav,0.0,-0.0064183374426966,0.0,0.0,-0.0006898880581263,0.0,0.0,0.0,0.0,0.0,0.0,-0.0028146495780483,0.0,0.0,0.0,-0.0076912145282901,-0.0058965694059542,0.0,0.0,-0.0011801423888017,0.0,-0.0024820457082928,0.0,0.0,0.0,0.0,0.0,-0.0154443177965875,-0.0105927634290613,0.0,-0.0119881424610935,-0.0344608110107952,-0.0305586332378556,-0.0051047149608677,-0.0077441160747118,-0.003008997938725,-0.0053462230407108,0.0,-0.0039626638149605,0.0,0.0,-0.0071378487297111,-0.012451861371935,-0.0177203194124098,-0.0194604930109048,-0.0142448139252974,-0.0226238341016151,-0.0219307685439579,-0.0089950004067461,-0.0066362652024908,-0.005829960808984,0.0,0.0,-0.0047196268539578,0.0,0.0,0.0,0.0,0.0,-0.0293662108785221,0.0,0.0,0.0,0.0,0.0,0.0,0.0,0.0,0.0,-0.002174205114451,0.0,0.0,0.0,0.0,0.0,0.0,0.0,0.0,0.0,0.0,0.0,0.0,0.0,0.0,0.0,-0.002786394871358,0.0,0.0,-0.0044380987293645,0.0,-0.0027681373801956,0.0,-0.0009869051376114,0.0,-0.0040857257529701,0.0,0.0,0.0,0.0,0.0,0.0,-0.0025221330086535,0.0,0.0,0.0,-0.0052853844729104,0.0,0.0,0.0,0.0,0.0,0.0,0.0,0.0,0.0,0.0,0.0,0.0,0.0,0.0,0.0,0.0,0.0,0.0,0.0,0.0,0.0,0.0,0.0,0.0,0.0,0.0,0.0,0.0,0.0,0.0,0.0,0.0,-0.0020897764590397,0.0,0.0,0.0,0.0,0.0,0.0,0.0,0.0,0.0,0.0,-0.0044028597993957,-0.0008904273345204,-0.0028870790997651,0.0,0.0,0.0,0.0,0.0,0.0,0.0,0.0,0.0
sid0557-anchor-COSINE-1278-F_close_151.wav,0.0,0.0,0.0,0.0,0.0,0.0,0.0,0.0,0.0,0.0,0.0,0.0230961946932951,0.0,0.0,0.0,0.0,0.0175053456427977,0.0,0.0,0.0,0.0,0.0,0.0,0.0,0.0,0.0,0.0,0.0,0.0,0.0,0.0,0.0,0.0,0.0,0.0,0.0,0.0,0.0,0.0,0.0,0.0,0.0,0.0,0.0,0.0,0.0,0.0,0.0,0.0,0.0,0.0,0.0,0.0,0.0,0.0,0.0,0.0,0.0,0.0,0.0,0.0,0.0,0.0,0.0,0.0,0.0,0.0,0.0,0.0,0.0,0.0,0.0,0.0,0.0,0.0,0.0,0.0,0.0,0.0,0.0,0.0,0.0,0.0,0.0,0.0,0.0,0.0159089195318132,0.0,0.0,0.0,0.0,0.0,0.0,0.0,0.0,0.0,0.0,0.0,0.0177037124953753,0.0,0.0,0.0,0.0,0.0,0.0,0.0,0.0,0.0,0.0,0.0,0.0,0.0,0.0,0.0,0.0,0.0,0.0,0.0,0.0,0.0,0.0,0.0,0.0,0.0,0.0,0.0,0.0,0.0,0.0,0.0,0.0,0.0,0.0,0.0,0.0,0.0,0.0,0.0,0.0,0.0,0.0,0.0,0.0,0.0,0.0,0.0,0.0,0.0,0.0,0.0,0.0,0.0,0.0,0.0,0.0,0.0,0.0,0.0,0.0,0.0,0.0
sid0101-clean-COSINE-0100-M_close_202-truncated.wav,0.0,0.0,0.0,0.0,0.0,0.0,0.0,0.0323022484451428,0.0286745933858147,-0.0364354985716939,0.0,-0.0237646501315491,-0.0397717841512989,-0.0585240201755352,-0.0239331234258557,0.0,0.0,0.0,0.0338457731471597,0.0,0.0,0.0,0.0,0.0,0.0,0.0,0.0,0.0,0.0,0.0,0.0,0.0,0.0,0.0,0.0,0.0,0.0,0.0,0.0313012437348959,0.0,0.0,0.0,0.0,0.0,0.0,0.0,0.0,0.0,0.0,0.0,0.0,0.0,0.0,0.0,0.0,0.0,0.0,0.0,0.0,0.0,0.0,0.0,0.0,0.0,0.0,0.0,0.0,0.0,0.0,0.0,0.0,0.0,0.0,0.0,0.0,0.0,0.0,0.0,0.0,0.0,0.0,0.0,0.0,0.0,0.0,0.0,0.0,0.0,0.0,0.0,0.0,0.0,0.0,0.0,0.0,0.0,0.0,0.0,0.0,0.0,0.0,0.0,0.0,0.0,0.0,0.0,0.0,0.0,0.0,0.0,0.0,0.0,0.0,0.0,0.0,0.0,0.0,0.0,0.0,0.0,0.0,0.0,0.0,0.0,0.0,0.0,0.0,0.0,0.0,0.0,0.0,0.0,0.0,0.0,0.0,0.0,0.0,0.0,0.0,0.0,0.0,0.0,0.0,0.0,0.0,0.0,0.0,0.0,0.0,0.0,0.0,0.0,0.0,0.0,0.0,0.0,0.0,0.0,0.0,0.0,0.0
sid1857-clean-COSINE-2794-M_close_132.wav,0.0,0.0,0.0236866673238762,0.0249601112613841,0.0,0.0,0.0,0.0,0.0,0.0021614948781353,0.0,0.0,0.0,0.0021811236904903,0.0,0.0,0.0,0.0079730112901555,0.0,0.0036846298230066,0.0,0.0021917144169312,0.0,0.0,0.0,0.0,0.0,0.0,0.0,0.0312304296609904,0.0,-5.709497842994135e-07,0.010592851765091,0.0228554106352481,0.0060587083218398,0.0,0.0136590751981973,0.0177887160361697,0.0,0.0102726145480802,0.0,0.0,0.0,0.0,0.0036595841907411,0.0,0.0,0.0079819094893597,0.0,0.0065914371100951,0.0,0.0090110914303007,0.0,0.0102730898626231,0.0116180172108456,0.0113345121048471,0.0176549774787919,0.0,0.0,0.0041858761054785,0.0130169725577396,0.0,0.0,0.0141563672769961,0.0218144069888669,0.0,0.0104846303564388,0.0,0.0,0.0,0.0093288987747587,0.0,0.0,0.0009331930031841,0.0,0.0,0.0,0.0,0.0065292421059578,0.0,0.0,0.0092153170130261,0.0,0.0287058061052971,0.0,0.0139525093705334,0.0028098168733789,0.0,0.0037306144956706,0.0056475924039107,0.0,0.0108226082854283,0.0075203998336694,0.0186111062223158,0.0,0.0064925478751451,0.0,0.0027179732578804,0.0,0.0025997377183568,0.0,0.0,0.0,0.0,0.0,0.0,0.0096413969213729,0.0,0.0111964142533811,0.0,0.0,0.0,0.019731887135479,0.0,0.0,0.0,0.0,0.0,0.0075856976242878,0.0030841123596224,0.0,0.0,0.0064169821979483,0.0,0.0031543307314279,0.0,0.0076744565194028,0.0,0.0,0.0,0.0,0.0023158239828168,0.009952066928138,0.0,0.0,0.0,0.0,0.0,0.0,0.0,0.0069702500277438,0.0,0.0,0.0,0.0,0.0,0.0,0.0,0.0,0.004897313458338,0.0,0.0132713732693304,0.0,0.0,0.0,0.0,0.0,0.0,0.0026968137648511,0.0,0.0077926848780212
sid3179-clean-COSINE-3826-M_close_199.wav,0.0,0.0900983152307664,0.014463308773745,0.0,0.0,0.0,0.0368255034971866,0.0686388170695102,0.0321795748212108,0.0,0.0050453975694793,0.0142028961957904,0.0,0.0096883452266781,0.0,0.0,0.0,0.0,0.0,0.0,0.0,0.0,0.0,0.0,0.0071003591512634,0.0380954197461006,0.0,0.0383792684070343,0.0,0.0048391126513673,0.0,0.0,0.0194371637684755,0.0,0.0,0.0,0.0,0.0169431878790265,0.0024898174043611,0.0262558966940727,0.0,0.0780552293878602,0.0379666090291751,0.0,0.0,0.0066658297266115,0.0,0.0,0.0320728626416504,0.0,0.0,0.0,0.0015141062122083,0.0,0.0,0.0,0.0193375202485709,0.0,0.0082860631945534,0.0489786096844652,-0.0893682467646779,0.0,0.0183241537158791,0.0177853706260058,0.0,0.0,0.0,0.0,0.0,0.0180195539600412,0.0,0.0149008101740023,0.0,0.0,0.0,0.0,0.0192341536135824,0.0,0.0,0.0,0.0,0.0,0.0,0.0,0.0,-0.0932843119249526,0.0,0.0116492740503884,0.0,0.0023389642531484,0.0,0.0,0.0162910002148463,0.0,0.0,0.0,0.0,0.0,0.0,0.0,0.0,0.0,0.0,0.0,0.0,0.0,0.0,0.0,0.0,0.003586581729913,0.0345790153817734,0.0,0.0,0.0,0.0,0.0121850349799242,0.0,0.0,0.0,0.0,0.0,0.0,0.0,0.0,0.0,-0.0655428058715921,0.0,0.0,0.0,0.0,0.0,0.0,0.0,0.0,0.0,0.0566919678931151,0.0,0.012183369939799,0.0,0.0,0.0,0.0271177074346449,0.0,0.0,0.0,0.0135787237175977,0.0,0.0,0.0,0.0,0.0,0.0,0.0,0.0,0.0297230341190025,0.0,0.0,0.0,0.0,0.0,0.0191021453160474
sid1453-anchor-COSINE-2145-F_close_93.wav,0.0,-0.0073014252055925,0.0875463605906961,-0.0115188383250986,-0.0242182529841354,0.0,0.0146380949969181,0.0123191248246504,0.0,0.0130822061458377,-0.0312381293112577,0.0,0.0,0.0136907932886619,0.0119475204156658,0.0,0.0,0.0,0.0,0.0,-0.0126258410611061,0.0135603669397996,0.0,0.0265211374069814,0.0337356625237007,0.0,-0.0099638514681302,-0.0238610994495615,-0.0142689105572591,-0.0527826160499379,-0.0270767237003847,-0.0245269417735511,0.0,0.0115591637007485,-0.0170310592173449,-0.0293381567821623,0.0,0.0,0.0,-0.0402921614941543,0.0189665642650089,-0.048978904880678,-0.0093880227563562,-0.1014639932299677,-0.0454718117606652,0.0109064797106047,-0.0175971187473186,-0.0408264977667924,-0.0098570133795298,-0.0063820476875309,-0.0069338664406287,0.0,-0.0142253048145692,0.0,-0.0301520674369147,-0.0199894556898454,0.0,0.0208325306861056,0.0,0.0,0.0,0.0055027238693768,-0.0209506663531269,0.0195941394284939,0.0,0.0172841798757244,0.0,0.0179734386009433,0.0100439614699193,0.0,-0.017748975862796,0.0,0.018335675889797,0.0139118149356861,0.0168375947137034,0.0,0.0161351116016797,0.0074307728935156,-0.0084629607106439,0.0,0.0,-0.020469363437282,-0.0112353122084986,-0.0286896132151984,0.0329031293381412,-0.0187841525425609,-0.0091634040858919,0.0,0.0133879261160501,-0.0374162992258678,-0.0107180016850749,-0.0156895098954748,0.0,0.0187871410391921,0.0,0.0,0.0115650171350858,0.0,0.019134582528355,0.0,-0.0035493809746483,-0.0080094444208682,0.0165360896512125,-0.0231843874243647,0.0280637573507597,-0.0245520675574087,0.0,0.0,0.0,0.0,0.016080901989983,-0.0153882485715193,0.0080996295525512,-0.010340713956002,-0.0368764880318912,-0.0220552157306829,0.0,-0.0250060311921743,-0.0245936949864959,-0.0097425093282207,-0.0190823551406659,0.0,-0.0171405036238068,0.048460549507491,0.0,0.0,-0.0131305169423906,0.0,0.0,0.0,0.0,0.0183175182638992,-0.0325109274647039,0.0183487421890286,0.0,-0.0150228059868864,0.0,0.0087496477447589,0.0,0.0193966175854306,0.0,-0.0090572914203046,0.0126418037764853,0.0,0.0,0.0,-0.0118849289093189,0.0280035281571594,0.0,0.0,0.0152776554460134,0.0111379013172723,-0.0050495896184301,-0.0027821980288885,-0.0092924761199898,0.0149858139021037,0.0179694643791481,0.0,0.0124536298046078,0.0,-0.0150038963647513
sid3308-clean-COSINE-3826-M_close_99.wav,0.0,0.0557347087257518,0.0,0.0249276741069506,0.0,0.0,0.0130672021740714,0.0,-0.031598138727016,0.0,0.0,0.0,0.0,0.0235748545742728,0.0,-0.0416810323656855,0.0,0.0,0.0,0.0,0.0275960474761503,0.0789916239142497,0.0,0.0,0.0075633364272831,0.0,0.0,0.0,0.0,0.0,0.0,0.0,0.0,0.0724790094161579,0.0131904571066241,-0.0565740188932232,0.032740564813663,0.0,-0.0495173326714634,0.025153397105294,0.0,0.0220031967110265,0.0,0.04473839643136,0.0,0.0268438195970023,0.0,0.0,0.0715836028748209,0.0,0.0,0.0,-0.0370041093806871,-0.0684568289149077,0.0515969807476396,0.0,0.0150713949330084,0.0,0.0461712924041239,0.022707313588378,-0.0528189650757036,0.0,0.0676390463101798,-0.0557671179523695,0.0153267348005717,0.0,-0.0352498874350302,0.0337901266556306,0.0,-0.0450650888552167,0.0245692498942894,0.0671573493188178,0.0,0.0,0.020108900816032,0.0265526291541058,0.0356635870406422,0.0604017629498075,0.0,0.0,0.0,0.0265470716435462,0.0311521566971473,0.0,0.0339780141497135,0.0,0.0478860354432318,-0.0976153012496892,0.0,0.0,0.0,0.0,0.0073309991118815,0.0,0.0,0.0370966500428075,0.0315262996223949,0.0,0.0,0.0,0.0,-0.033702684147221,0.062204459327671,0.0,0.0,0.0412481506903267,-0.0394094156518643,-0.0735179611190329,0.0667309318220071,0.0961010821095558,0.0,-0.0270395968772644,0.0,0.0368354462730964,-0.0461088356057046,0.0300655963036345,0.0,-0.0665483854243792,0.0198071442706327,0.0,0.0,0.0507194885883583,0.0645474243408691,0.0336938915451944,0.0323100567903301,0.0,0.0,0.0,0.0,-0.0734862869058273,0.0,0.0,0.0,0.0,0.0110721230299598,0.0,0.0254535113812863,0.0,0.0,0.0,0.0,-0.0597064292290539,0.0,0.0,-0.0374187144043957,0.0,-0.0532968263389436,0.0,0.0,-0.072002885250454,0.0,0.0551540300803792,0.0,0.0,0.0293995649340578,0.0262357622947667,0.0201333078811751,0.0,0.0,0.0,0.0
sid2219-anchor-COSINE-2898-M_close_156.wav,0.0,0.0,0.0,0.0,0.0,0.0,0.0,0.0,0.0,0.0,0.0,0.0,0.0,0.0,0.0,0.0,0.0,0.0,0.0,0.0,0.0,0.0,0.0,0.0,0.0,0.0,0.0,0.0,0.0,0.0,0.0,0.0,0.0,0.0,0.0,0.0,0.0,0.0,0.0,0.0,0.0,0.0,0.0,0.0,0.0,0.0,0.0,0.0,0.0,0.0,0.0,0.0,0.0,0.0,0.0,0.0,0.0,0.0,0.0,0.0,0.0,0.0,0.0,0.0,0.0,0.0,0.0,0.0,0.0,0.0,0.0,0.0,0.0,0.0,0.0,0.0,0.0,0.0,0.0,0.0,0.0,0.0,0.0,0.0,0.0,0.0,0.0,0.0,0.0,0.0,0.0,0.0,0.0,0.0,0.0,0.0,0.0,0.0,0.0,0.0,0.0,0.0,0.0,0.0,0.0,0.0,0.0,0.0,0.0,0.0,0.0,0.0,0.0,0.0,0.0,0.0,0.0,0.0,0.0,0.0,0.0,0.0,0.0,0.0,0.0,0.0,0.0,0.0,0.0,0.0,0.0,0.0,0.0,0.0,0.0,0.0,0.0,0.0,0.0,0.0,0.0,0.0,0.0,0.0,0.0,0.0,0.0,0.0,0.0,0.0,0.0,0.0,0.0,0.0,0.0,0.0,0.0,0.0,0.0,0.0,0.0
sid3611-anchor-COSINE-4174-F_close_54.wav,0.0,0.0,0.0,0.0,0.002024770107834,0.0,0.0,0.0,0.0526312843184653,0.0398634821221915,0.0,0.0405681711113258,0.0017319091161487,0.0205979175226186,0.0541175625016401,0.038342507885273,0.0198630041996105,0.0097049111610868,0.0,0.0,0.0,0.0,0.0070032128695525,0.0129047542764892,0.0,0.0,0.0,0.0,0.0217515374776011,0.0,0.0,0.0,0.0,0.0,0.0,0.0,0.0,0.0,0.0012423339117122,0.0033147969897501,0.001133499359864,0.0,0.0,0.0,0.0051080579150021,0.0,0.0074549311973563,0.0051456151889954,0.0084450306045637,0.0,0.0,0.0,0.0057249598858492,0.0,0.0,0.0,0.0022833877919691,0.0039186521388127,0.0,0.0,0.0,0.0,0.0030781025683142,0.0,0.0,0.0,0.0,0.0038306409067228,0.0073703726861269,0.0061045057252538,0.0027734184568933,0.0,0.0,0.0,0.0,0.0,0.0,0.0,0.0,0.0,0.0,0.0,0.0020027351714275,0.0,0.0039436992582526,0.0,0.0071690165911718,0.00760901356955,0.0,0.0039063878483707,0.0,0.0010762682860063,0.0,0.0,0.0,0.0,0.0,0.0,0.0,0.0,0.0,0.0,0.0,0.0,0.0,0.0,0.0,0.0069005867402079,0.0,0.0,0.0,0.0,0.0,0.0,0.0027356106642664,0.0030260185054774,0.0,0.0,0.0,0.0,0.0,0.0,0.0,0.0,0.0,0.0,0.0,0.0068402993260874,0.0,0.0,0.0,0.0,0.0,0.0,0.0,0.0028284091881904,0.0,0.0025162427281123,0.0,0.0,0.0,0.0,0.0,0.0,0.0,0.0,0.0,0.0,0.0,0.0,0.0,0.0,0.0,0.0,0.0,0.0,0.0,0.0,0.0,0.0,0.0
sid5365-noisy-COSINE-7408-M_array1_23.wav,0.0,0.0,0.0,0.0,0.0,-0.0193378699922826,0.0,0.0,0.0,0.0,0.0,0.0,0.0,0.0,0.0,-0.0226046882352442,-0.0177853987442188,-0.0160785304082117,0.0,0.0,0.0,0.0,0.0,0.0,0.0,0.0,0.0,0.0,0.0,0.0,0.0,0.0,0.0,-0.0040137891452485,0.0,0.0,0.0,0.0,0.0,0.0,0.0,0.0,-0.0140072659106185,-0.0121836277258149,-0.0117170135643739,-0.0198826383974234,0.0,0.0,0.0,0.0,0.0,0.0,0.0,-0.0056041466727825,0.0,0.0,0.0,0.0,-0.0131992535540579,0.0,0.0,0.0,0.0,0.0,0.0,0.0,0.0,0.0,0.0,0.0,0.0,-0.0141906470512143,-0.0162689501870785,0.0,0.0,0.0,0.0,0.0,0.0,0.0,0.0,0.0,0.0,0.0,0.0,0.0,-0.0140189285060839,0.0,0.0,0.0,0.0,-0.0070590850822553,0.0,0.0,0.0535811940870734,0.0,0.0,0.0,0.0,0.0,0.0,0.0,0.0,0.0,-0.0005404194611188,0.0,0.0,0.0,0.0,0.0,0.0,0.0,0.0,0.0,0.0,0.0,0.0,0.0,0.0,0.0,0.0,0.0,-0.0014977044263003,0.0,0.0,0.0,0.0,0.0,0.0,0.0,0.0,0.0,0.0,0.0,0.0,0.0,0.0,-0.0030433267539057,0.0,0.0,0.0,0.0,0.0,0.0,0.0,0.0,-0.00642148547941,0.0,0.0,0.0,0.0,0.0,0.0,0.0,0.0,0.0,0.0,0.0,0.0,0.0,0.0
sid4443-anchor-COSINE-5897-F_close_94.wav,0.0,0.0,0.0,0.0441298755046363,0.0084971295661485,0.0106442896173159,0.0,0.0,0.0,0.0,0.0,0.0,0.0,0.0,0.0,0.0037923132611736,0.010626316399219,0.0,0.0,0.0,0.0,0.0,0.0,0.0,0.0,0.0,0.0,0.0,0.0,0.0,0.0,0.0,0.0,0.0,0.0,0.0,0.0,0.0,0.0,0.0,0.0,0.0,0.0,0.0,0.0,0.0,0.0,0.0,0.0,0.0,0.0,0.0,0.0,0.0,0.0,0.0,0.0,0.0,0.0063368759597293,0.0,0.0,0.0,0.0,0.0,0.0,0.005999532438443,0.0,0.0,0.0,0.0,0.0,0.0046324109900533,0.0,0.0,0.0,0.0,0.0,0.0,0.0,0.0,0.0,0.0,0.0,0.0,0.0,0.0,0.0,0.0,0.0,0.0,0.0,0.0,0.0,0.0,0.0,0.0,0.0,0.0,0.0,0.0,0.0,0.0,0.0,0.0,0.0,0.0,0.0,0.0,0.0,0.0,0.0,0.0,0.0,0.0,0.0,0.0,0.0,0.0,0.0,0.0,0.0,0.0,0.0,0.0,0.0,0.0061606078520464,0.0,0.0,0.006649952091928,0.0,0.0,0.0,0.0,0.0,0.0042028555362243,0.0079910316247568,0.0,0.0,0.0,0.0,0.0,0.0,0.0,0.0,0.0,0.0,0.0,0.0,0.0,0.0,0.0,0.0,0.0,0.0,0.0,0.0,0.0,0.0,0.0,0.0,0.0
sid2579-noisy-COSINE-3231-F_array1_81.wav,0.0,0.0,0.0,0.0,0.0,0.0,-0.0028585431614511,-0.0742677556938447,0.027925581289611,-0.0557643229716066,0.0,-0.0485797735123482,0.0,0.0,0.0,0.0,0.0,0.0,-0.008118255007269,0.0,-0.0058393700415071,-0.0139851020952299,-0.0162349829008524,0.0,-0.0256413948526822,0.0,0.0,0.0,-0.0288337372210877,-0.0182698116846353,-0.0110118965160977,0.0,-0.004189603093683,0.0,-0.0196900123032632,0.0,0.0,-0.0054643267447804,0.0,-0.0174996194295867,-0.0061424638868876,-0.035021892594604,-0.0474310664388375,-0.0160301217088914,0.0,-0.002778642563532,0.0,0.0,-0.0441160868650319,-0.0614796555335937,-0.0276634668020403,-0.025161336740399,0.0,0.0,-0.0232525779955314,-0.0168454615736294,0.0,-0.019617687758433,-0.0158044464368945,0.0,-0.0180070630577644,0.0,0.0,-0.0079534467399651,-0.0058188229023128,0.0,0.0,-0.0035202109039283,-0.0033814199286995,0.0,-0.0012876521041174,0.0,0.0,0.0,0.0,0.0,-0.0063768800608611,0.0,-0.0021703981451419,0.0,0.0,-0.0042306764150104,0.0,-0.0050001662040951,0.0,0.0,0.0,-0.011200022828852,-0.0205909599641617,-0.0125907824269414,-0.0077946951323912,-0.0078130618494746,0.0,0.0,0.0,0.0,0.0,-0.0084704289925257,0.0352800228273888,0.0,0.0,0.0,0.0,-0.0007121960971517,-0.0074077312269344,0.0,0.0,0.0,0.0,0.0,0.0,-0.0040764768194006,0.0,-0.0040267603360629,-0.0033765093792164,0.0,0.0,0.0,-0.0022342277346011,0.0,-0.020796459301397,0.0,0.0001213022947556,0.0,-0.0011815529364968,0.0,0.0,0.0,0.0,0.0,-0.0033343462322761,0.0,-0.0096562187719847,0.0,0.0,-0.0123839655524531,0.0,0.0,0.0,-0.0056543859823623,0.0308189176704315,0.0,0.0,-0.0017172503851931,-0.0019779690327115,0.0,-0.003153976186919,0.0,0.0,0.0,-0.0101334949695162,0.0,0.0,0.0,0.0,0.0,0.0,0.0,0.0,0.0,-0.0157708128032288
sid5319-anchor-COSINE-7408-M_close_135.wav,0.0,0.0,0.0,0.0,0.0,0.0,0.0,0.0,0.0,0.0,0.0,0.0,0.0,0.0,0.0,0.0,0.0,0.0,0.0,0.0,0.0,0.0,0.0,0.0,0.0,0.0,0.0,0.0,0.0,0.0,0.0,0.0,0.0,0.0,0.0,0.0,0.0,0.0,0.0,0.0,0.0,0.0,0.0,0.0,0.0,0.0,0.0,0.0,0.0,0.0,0.0,0.0,0.0,0.0,0.0,0.0,0.0,0.0,0.0,0.0,0.0,0.0,0.0,0.0,0.0,0.0,0.0,0.0,0.0,0.0,0.0,0.0,0.0,0.0,0.0,0.0,0.0,0.0,0.0,0.0,0.0,0.0,0.0,0.0,0.0,0.0,0.0,0.0,0.0,0.0,0.0,0.0,0.0,0.0,0.0,0.0,0.0,0.0,0.0,0.0,0.0,0.0,0.0,0.0,0.0,0.0,0.0,0.0,0.0,0.0,0.0,0.0,0.0,0.0,0.0,0.0,0.0,0.0,0.0,0.0,0.0,0.0,0.0,0.0,0.0,0.0,0.0,0.0,0.0,0.0,0.0,0.0,0.0,0.0,0.0,0.0,0.0,0.0,0.0,0.0,0.0,0.0,0.0,0.0,0.0,0.0,0.0,0.0,0.0,0.0,0.0,0.0,0.0,0.0,0.0,0.0,0.0,0.0,0.0,0.0,0.0
sid1295-clean-COSINE-1892-M_close_65.wav,-0.0189066283698711,-0.0482063171210881,0.0,0.0,0.0148140448377466,0.0076932718426968,0.0308309432445158,0.0,0.0202816315362422,0.0,0.0441359207764839,-0.048359018700735,0.0,0.0,-0.0232998250038245,-0.0319177729895118,0.0,0.0449652423618358,0.0340013421952199,-0.0031737328084861,-0.0194650041030217,-0.0179300891571165,-0.0438766518434491,0.0,0.0,-0.0467312262595345,0.0,0.0,0.0,0.0,-0.0458725867889878,-0.0416527607947882,-0.0403207508800065,0.0247833661661659,0.0213349849044678,-0.0409705553479806,-0.0301501298543394,0.0,0.0245598094262879,0.0447831760236435,0.0192644530070232,0.0,0.0,0.0,0.0308367241080738,0.0,0.0,0.0400464684132333,-0.0661025824345199,-0.0243405765425017,-0.0635010445137685,0.0,0.0,0.0412267392130527,0.0,0.0,0.0,0.0,0.0405422834491124,0.0,0.0087079087783745,0.0,0.0455719367039326,0.0,0.0,0.0,-0.0080306869370113,0.025027935488277,0.0655549090311704,0.0241172523185165,0.0,0.0299351302371923,0.0,0.0,-0.0170467350884725,0.0,0.0,0.0269247414048873,0.0,0.0,-0.0439904534450077,-0.0148151940571607,0.0253221483012356,-0.0107395170529829,0.0,0.0,0.0,0.032664796673627,0.0,0.038293959488792,-0.0167103819637025,0.0140866290862866,0.0264951701071081,0.0,0.052094457717438,0.0122720990846109,0.0,-0.0542032243455762,0.0116232680864534,-0.0187494595121494,0.0353587681219135,0.0423418870165951,0.0,-0.0231187430113869,0.0415713046934467,0.0,0.0367265317756149,-0.0308598774963448,0.0106818079270607,0.0,-0.040200182566374,0.0,0.0,0.0149099689766191,0.0,-0.0264482414358016,0.0347609587358291,0.0267478794565719,0.0,0.0350668062110757,0.0,0.0159282010327963,0.0,0.0372927808599548,0.0,0.0,0.0,0.0237241214645592,0.0,0.0,-0.0201307252052273,-0.0242308473982659,0.0086914371289302,0.0260872194406092,-0.0104419267619802,-0.0458265586578739,-0.0254628011051809,0.0,0.0355234648121117,0.0,0.0,0.0180393490630853,-0.0217177744200776,-0.0728050226978844,0.0259395550009167,0.0,0.0193866158808025,0.0,0.0,0.0,-0.0137505283240934,-0.0253649455997425,-0.0185124528493942,-0.0699783404218802,-0.0157453565877907,0.0,0.0,0.0,-0.02618043474893,0.0,0.0397917610281502
sid4073-anchor-COSINE-5289-F_close_73.wav,0.0,0.0,0.0,0.0,0.0173623289218412,0.0,0.0,0.0,0.0,0.0,0.0,0.0162788749757613,0.0119831616278889,0.0,0.0,0.0,0.0,0.0,0.0,0.0,0.0,0.0,0.0,0.0,0.0,0.0,0.0,0.0,0.0,0.0,0.0,0.0028504152619075,0.0,0.0,0.0,0.0019604188778816,0.0,0.0,0.0,0.0,0.0,0.0,0.0,0.0,0.0,0.0,0.0029516287458474,0.0,0.0,0.0,0.0,0.0008922376689822,0.0,0.0,0.0039598912492489,0.0,0.0,0.0,0.0,0.0033317709010692,0.0,0.0,0.0,0.0034633012387404,0.0009443280207098,0.0,0.0,0.0,0.0,0.0,0.0,0.0,0.0,0.0,0.0,0.0034313567000213,0.0,0.0,0.0,0.0,0.0,0.0,0.0071027105739481,0.0,0.0,0.0,0.0,0.0,0.0,0.000897302894697,0.0,0.0,0.0,0.0,0.0,0.0,0.0,0.0,0.0,0.0,0.0,0.0,0.0,0.0,0.0,0.0,0.0,0.0015665850425724,0.0,0.0,0.0,0.0,0.0,0.0,0.0,0.0,0.0,0.0,0.0089997217117845,0.0,0.0,0.0,0.0,0.0,0.0,0.0,0.0,0.0,0.0,0.0,0.0013832921861998,0.0076191721686827,0.0,0.0,0.0,0.0,0.0,0.0,0.0,0.0,0.0,0.0107030666578756,0.0,0.0,0.0,0.0,0.0,0.011914696764083,0.0,0.0,0.0,0.0064692856555062,0.0,0.0,0.0,0.0043965741182513,0.0,0.0,0.0,0.0,0.0
sid0621-noisy-COSINE-1278-F_array1_216.wav,0.0,0.0,-0.0708229228134547,-0.0198068312897568,0.0,0.0,0.0,0.0,0.0,0.0,0.0,0.0,0.0,0.0,0.0,0.0,0.0,0.0,0.0,-0.0235400875614008,-0.0192539380772023,-0.0053113174814265,-0.0039246094412784,-0.0106144478171129,-0.0263213296356571,-0.0152455112344006,0.0,0.0,0.0,0.0,0.0,0.0,0.0,0.0,0.0,0.0,0.0,0.0,0.0,0.0,0.0,-0.0042594897933354,0.0,-0.0063510993629859,0.0,-0.0097782200066606,0.0,0.0,0.0,0.0,0.0,0.0,0.0,0.0,0.0,0.0,0.0,0.0,0.0,0.0,0.0,0.0,0.0,0.0,0.0,0.0,0.0,0.0,0.0,0.0,0.0,0.0,0.0,0.0,0.0,-0.0074525067968708,0.0,0.0,0.0,0.0,0.0,0.0,0.0,0.0,0.0,0.0,0.0,0.0,0.0,0.0,0.0,0.0,0.0,0.0,0.0,0.0,0.0,0.0,0.0,0.0,0.0,0.0,0.0,0.0,0.0,0.0,0.0,0.0,0.0,0.0,0.0,0.0,0.0,0.0,0.0,0.0,0.0,0.0,0.0,0.0,0.0,0.0,0.0,0.0,0.0,0.0,0.0,0.0,0.0,0.0,0.0,0.0,-0.0043631031536898,0.0,0.0,0.0,0.0,0.0,0.0,0.0,0.0,0.0,0.0,-0.00949304340525,0.0,0.0,0.0,0.0,0.0,0.0,0.0,0.0,0.0,0.0,0.0,0.0,0.0,0.0,0.0,0.0,0.0
sid5916-clean-COSINE-9987-F_close_216.wav,0.0,0.0,0.0,0.0,0.0,0.0,0.0288657133716596,0.0,0.0078147119593381,0.0,0.0,0.0,0.0,0.0115649401797094,0.0020558530644963,0.0,0.0,0.0,0.0,0.0498006455468486,0.0228106994263236,0.0,0.0,0.0407099381064816,0.0,0.0,0.0,0.0,0.0433507930291313,0.0,0.0210602576504013,0.0199222720109956,0.0,0.0074581847172411,0.0088914222351148,0.0,0.0,0.0,0.0,0.0,0.0230284760609212,0.0025228131287499,0.0,0.0,0.0,0.0,0.0162946015635577,0.0117583767865118,0.0,0.0394979033194487,0.0,0.0112954862352696,0.0,0.0,0.0,0.0,0.0,0.0162606159409416,0.0021352460847013,0.0,0.0,0.0238819313637048,0.0,0.0175011335520105,0.0,0.0254919479893503,0.0,0.0,0.0,0.0191813911349984,0.0083206253171536,0.0,0.0076897481172644,0.0092737174577699,0.0,0.0,0.0,0.0030070615515491,0.0,0.0,0.0,0.0,0.0,0.0,0.0,0.0,0.0103261093764055,0.0274917990270998,0.0038825835227733,0.0,0.004039028997948,0.00216355683646,0.0,0.0,0.0,0.0096704091683236,0.0,0.0,0.0,0.0,0.0,0.0,0.018052400481411,0.0,0.0,0.0,0.0,0.0440398590186816,0.0,0.0,0.0,0.0,0.0,0.0,0.0,0.0,0.0,0.0,0.0155958047517429,0.0,0.0,0.0,0.0,0.0,0.0,0.0106523931990959,0.0,0.0,0.0082416299152172,0.0,0.0,0.0,0.0,0.0,0.0,0.0,0.0,0.0,0.0,0.0,0.0,0.0096805924547146,0.0,0.020618836587852,0.0,0.0,0.0078410968841975,0.0,0.0,0.0041526539802266,0.0058918589474504,0.0168770416462962,0.024332278655861,0.0092505802535157,0.0,0.0,0.0195485335874947,0.0,0.0,0.0132076768541703,0.0
sid5975-noisy-COSINE-9987-F_shoulder_74.wav,0.0,0.0,0.0,-0.0014552811416259,0.0,0.0,-0.0025947364761013,0.0,0.0,0.0,0.0,0.0,-0.0018609642565328,0.0,0.0,0.0,0.0,0.0,0.0,0.0,-0.0884389478684951,-0.0322794245421976,0.0,0.0,0.0,-0.0121693786726002,0.0,0.0,-0.0020178883254747,0.0,0.0,0.0,0.0,0.0,0.0,0.0,0.0,-0.003769187081975,0.0,0.0,-0.0168660711959553,0.0,-0.0203236588646705,-0.0328532156032241,0.0,-0.024474684321706,-0.0515677000794053,-0.0623822755572451,0.0,0.0,-0.046460835295139,-0.0428139028890322,0.0,-0.0280003209674227,-0.0369464633206232,0.0,-0.0441237843273966,-0.0304063670804895,-0.0275067067994389,-0.0136352732495041,-0.0226403344439287,-0.0107364033295873,0.0,0.0,0.0,-0.011341464374064,-0.0102374667012779,-0.0065710026680545,0.0,-0.0052469128937479,-0.0055197696954852,-0.0159959947449068,-0.0010851562905491,-0.0064462045423321,-0.0029336793872374,-0.0078027692539285,-0.0090333983365847,-0.0039651989971266,-0.0081864939440942,-0.0102154930490119,0.0,-0.0009030316057243,-0.0037262831517626,-0.0011563817961738,0.0,-0.0020864229794234,0.0,0.0,-0.003137930511746,0.0,0.0,0.0,-0.0053877406968145,-0.0043355640079277,0.0,-0.0023215732583304,0.0,-0.0034934604109819,0.0,0.0,0.0,-0.0043700609542166,0.0,0.0,0.0,0.0,0.0,0.0,0.0,0.0,0.0,0.0,-0.0015758380627606,0.0,0.0,0.0,0.0,0.0,0.0,0.0,0.0,0.0,0.0,0.0,0.0,0.0,0.0,0.0,0.0,0.0,0.0,0.0,-0.0011368522625893,0.0,0.0,0.0,0.0,0.0,0.0,0.0,0.0,0.0,0.0,0.0,0.0,0.0,0.0,-0.0010988596055164,0.0,0.0,0.0,0.0,0.0,-0.0015846953700446,-0.0041926873995125,0.0,-0.0031323038945554,0.0,0.0,0.0,0.0
sid2528-anchor-COSINE-3231-F_close_27.wav,0.0,0.0015443106708247,0.0431835633301376,0.034908689277051,0.0,0.0018158389874557,0.0,0.005518697507128,0.0,0.0,0.0,0.0,0.004672272636304,0.0074083899952458,0.0152207815253333,0.0230513006054804,0.0,0.0165461591778285,0.0050599483689112,0.0,0.0121552811395783,0.0,0.0,0.0,0.0,0.0215503350497218,0.0031906402959073,0.0150928384013292,0.0,0.0090095039850437,0.0,0.0,0.0221190567837452,0.0,0.0,0.0,0.0,0.000380033644841,0.0,0.0,0.0,0.0072325640454239,0.0,0.0,0.0,0.0,0.0041626458673074,0.0075650955120848,0.0,0.0,0.0135234671777489,0.0036297473924755,0.0,0.0,0.0035130792936445,0.0,0.0195353707868562,0.0,0.0,0.0,0.0,0.0,0.0040239301373657,0.0,0.0,0.004033720406751,0.014478810605322,0.0147928910439734,0.0,0.0,0.0,0.005159667461948,0.0031818309846232,0.0073734109986868,0.0037124405141106,0.001116231078722,0.0031900679219154,0.0127734443246516,0.0016700354910336,0.0125251282860625,0.0,0.0,0.0,0.0,0.0,0.009356645939324,0.0,0.0,0.0,0.0,0.0,0.005277369288504,0.0,0.0187973511378341,0.0,0.0,0.0,0.0,0.0,0.0,0.0,0.0011810439466261,0.0,0.0048981190892302,0.0042434781581679,0.0043962852389167,0.0,0.0015118324945679,0.0,0.0,0.0,0.0,0.0,0.0,0.0,0.0042745603344212,0.0064687873343674,0.0078684527028529,0.0,0.0,0.0025766232820427,0.0119112977744279,0.0,0.0,0.0,0.0,0.0,0.0,0.0,0.0,0.0,0.0,0.0188952235850741,0.0,0.0,0.0031845825838981,0.0,0.0,0.0,0.0,0.0031555062660841,0.0,0.0,0.0042969263198039,0.0,0.0049040310551987,0.0,0.0038656515941553,0.0,0.0,0.0,0.0,0.0,0.0041031996018589,0.0,0.0,0.0,0.0019940208944856,0.0121560364388972,0.0,0.0
sid1992-noisy-COSINE-2794-M_array1_47.wav,0.0,-0.0148133139232681,0.0,0.0,0.0,0.0,0.0,0.0,0.0,0.0,0.0,0.0,0.0,0.0,-0.0079266209979963,0.0,0.0,0.0,0.0,0.0,0.0,0.0,0.0,0.0,0.0,0.0,0.0,0.0,0.0,0.0,0.0,0.0,0.0,0.0,0.0,0.0,0.0,0.0,0.0,0.0,0.0,0.0,0.0,0.0,0.0,0.0,0.0,0.0,0.0,0.0,0.0,0.0,0.0,0.0,0.0,0.0,0.0,0.0,0.0,0.0,0.0,0.0,0.0,0.0,0.0,0.0,0.0,0.0,0.0,0.0,0.0,0.0,0.0,0.0,0.0,0.0,0.0,0.0,0.0,0.0,0.0,0.0,0.0,0.0,0.0,0.0,0.0,0.0,0.0,0.0,0.0,0.0,0.0,0.0,0.0,0.0,0.0,0.0,0.0,0.0,0.0,0.0,0.0,0.0,0.0,0.0,0.0,0.0,0.0,0.0,0.0,0.0,0.0,0.0,0.0,0.0,0.0,0.0,0.0,0.0,0.0,0.0,0.0,0.0,0.0,0.0,0.0,0.0,0.0,0.0,0.0,0.0,0.0,0.0,0.0,0.0,0.0,0.0,0.0,0.0,0.0,0.0,0.0,0.0,0.0,0.0,0.0,0.0,0.0,0.0,0.0,0.0,0.0,0.0,0.0,0.0,0.0,0.0,0.0,0.0,0.0
sid1188-anchor-COSINE-1892-M_close_105.wav,0.0,0.0,0.0,0.0,-0.0655750345715379,0.0,-0.037760477618844,0.0351049409397664,-0.0138459666512003,0.0,0.0,0.0,0.0,-0.0102732510189297,0.0,0.0,0.0,-0.0229613431286583,-0.0611224281569689,-0.0269958843571967,0.0,0.0,0.0,0.0,0.0,0.0,0.0,0.0,0.0,0.0,0.0,0.0,0.0,0.0,0.0,0.0,0.0,0.0,0.0,0.0,0.0,0.0,0.0,0.0,0.0,0.0,0.0,0.0305875417460242,0.0,-0.0360193928499101,0.033090806337516,0.0,0.0,0.0,0.0,0.0,0.0,0.0,-0.0112519176516919,-0.0141794438900078,0.0,0.0,0.0,0.0,0.0,0.0,0.0,0.0,0.0,-0.021243455446589,0.0,0.0,0.0,0.0,0.0,-0.0055832718181026,0.0,0.0,0.0,0.0,0.0,0.0,0.0,0.0,0.0426693523241514,0.0,0.0,-0.0165319753172966,0.0,-0.0107918434595022,0.0,0.0,0.0,0.0,0.0,-0.0050031835197747,0.0,0.0,0.0,0.0,0.0,-0.0255320187967338,0.0,0.0,0.0,0.0307770871391864,0.0334327946597173,0.0,0.0,0.0,-0.0134640014516286,0.0,-0.0064173864054874,0.0,0.0,0.0,-0.0201890214942159,-0.0183829724215602,0.0,0.0,0.0,0.0,0.0,0.0,-0.0142896346790934,0.0,0.0,0.0,0.0,-0.0056837598415632,0.0,0.0,0.0,0.0,0.0,0.0,0.0,0.0320995767958506,0.0,-0.0101673935979446,0.0,0.0,0.0,-0.0112048246115718,0.0,0.0,0.0,0.0,0.0,0.0,0.0,0.0,-0.0080532190868632,0.0,0.0,-0.0135343751260896,0.0,0.0,0.0,0.0,-0.0249061171901678
sid1666-noisy-COSINE-2406-F_array1_56.wav,0.0,0.0,0.0,-0.0042776742953576,0.0,0.0,-0.0019306048348464,0.0,0.0,0.0,0.0,-0.0012300356176589,0.0,-0.0006470667508934,0.0,0.0,0.0,0.0,-0.0025184766137348,0.0,0.0,0.0,-0.1119325759775963,0.0,-0.0028042126464314,-0.0459545100592784,-0.0044840676839054,-0.0200485719432096,0.0,-0.0036201598580302,0.0,-0.0026185745952113,0.0,0.0,0.0,0.0,0.0,-0.0041368906063397,-0.0008772604083139,-0.0045582672469678,0.0,-0.0027153636938125,0.0,-0.0124410591993588,0.0,-0.0042009474033279,-0.0069127420164779,-0.0016267373859199,-0.0090113242159785,-0.0022557606284961,-0.0121526536938858,-0.0061760844216425,-0.0175666606686275,-0.0117542257957297,-0.0164730111932732,0.0,-0.0005999117260346,-0.0043009181805502,-0.0020374805034593,0.0,0.0,-0.0010161247837471,0.0,0.0,-0.0374865173876091,-0.031774320512073,-0.0194864450033148,0.0,-0.0040605843217652,-0.0234720262885689,-0.0144016282465107,-0.0146996482058072,0.0,0.0,0.0,-0.010290898941525,-0.0046232888200015,-0.0065883766785883,-0.0004143514861904,-0.0038027716128655,-0.0015236008560867,-0.0014503071907721,0.0,-0.0112073954639634,0.0,-0.0023453276316331,-0.0025222153531877,-0.0003913595434632,-0.0010443800935473,0.0,-0.0050181596457592,-0.0049046214275436,0.0,0.0,-0.0100679680576956,0.0,-0.0151756244670907,-0.008417459482489,0.0,-0.0132139569030244,-0.0185820199698492,-0.0114515808089383,0.0,-0.0005695228847677,0.0002936586296796,0.0,0.0,-0.0013785781963093,0.0,-0.0244088869530476,-0.016827239223137,-0.0025713966409852,-0.0181686450595217,-0.0128859029618241,-0.0084915093938092,0.0,-0.0032345774030618,-0.0120486685635499,0.0,-0.0056053244941948,0.0,0.0,-0.0016803128876061,-0.0032470012891817,-0.0026644102728539,-0.0004051531142627,0.0,-0.0040926418005853,0.0,-0.0046840765976824,-0.0012053659003942,-0.0064091082756548,-0.0021011675129475,0.0,0.0,0.0,0.0,0.0,0.0,0.0,0.0,-0.0004955609233143,-0.0005841724429398,0.0,0.0,-0.0018150500912899,-0.0031181135952798,-0.0018573990677731,-0.000568606569833,-0.0022667680366871,-0.0070340191032553,-0.0057772627916767,-0.0030162579553255,-0.0049282238498757,-0.0008814303215117,-0.0036854975345234,0.0,0.0,0.0,0.0,-0.0044015285542051
sid0689-anchor-COSINE-1278-F_close_66.wav,0.0,0.0254307767802402,0.0,0.0,0.0369037087597171,0.0,0.0,0.0238891749492367,0.0222612428780678,0.0,0.0,0.012666503827908,0.0,0.0,0.0,0.0,-0.0634164884246933,0.0135335669439106,0.0,0.0134596314803622,0.0,0.0,0.0,0.0,0.037699119451001,0.0,0.0,0.0,0.0,0.0,0.0,-0.060153762724196,0.0,0.0,0.0,0.0,0.0,0.0,0.0266616035392535,0.0,-0.0687874926646671,0.0,0.0,0.0,0.0,0.0,0.0,0.0,0.0,0.0,0.0,0.0,0.0,0.0,0.0,0.0162199058328887,0.0,0.0,0.0,0.0,0.0,0.0,0.0,0.0172800558638209,0.0,0.0,0.0,0.0177971012281997,0.0,0.0,0.0,0.0,0.0108012579845584,0.0,0.0,0.0,0.0,0.0138885300425891,0.0,0.0,0.0,0.0,0.0,0.0,0.0,0.0,0.0,-0.0667015925460601,0.0,0.0,0.0,0.0,0.0,0.0,0.0435532560034627,0.0,0.0,0.0,0.0,0.0194290337978638,0.0279711823095297,0.0,0.0,0.0,0.0,0.0,0.0,0.0,0.0289433658632612,0.0,0.0,0.0,0.0,0.0,0.0,0.0155822445999002,0.0,0.0253928229142247,0.0,0.0,0.0519745458059279,0.0,0.0,0.0,0.0,0.0,0.0,0.0,0.0159244443210431,0.0,0.0,0.0265793846579259,0.0,0.0,0.0,0.0,0.0,0.0,0.0,0.0,0.0,-0.067544586404541,0.0,0.0,0.0,0.0,0.0,0.0324039570082637,0.0,0.0329387875829873,0.0,0.0,0.0,0.0,0.0,0.0,0.0,0.0,0.0,0.0,0.0
sid0999-noisy-COSINE-1399-F_array1_68-truncated.wav,0.0,0.0,-0.0354517721740304,0.0,0.0,-0.0182682193973798,0.0,0.0,-0.0201184688147967,-0.0129293842616314,0.0,0.0,-0.0024217665809677,0.0,0.0,0.0,0.0,-0.0014803514071135,0.0,0.0,0.0,-0.0164621916415189,0.0,0.0,0.0,0.0,0.0,-0.0288188467269135,-0.032868092260933,0.0,0.0,0.0,0.0,0.0,-0.0129281726870305,-0.010875704298175,0.0,0.0,0.0,0.0,0.0,0.0,0.0,0.0,0.0,0.0,0.0,-0.0025822513242095,0.0,0.0,0.0,0.0,-0.0081551062500312,0.0,0.0,0.0,0.0,0.0,0.0,-0.00851043033492,0.0,-0.0092861680126027,-0.0050870520722299,0.0,0.0,0.0,0.0,0.0,0.0,0.0,0.0,-0.0019405960249174,0.0,0.0,0.0,0.0,0.0,0.0,0.0,0.0,0.0,0.0,-0.0033164374197721,-0.0028610092348013,0.0,0.0,0.0,0.0,0.0,0.0,0.0,0.0,0.0,0.0,-0.0086286585450682,0.0,0.0,0.0,0.0,0.0,0.0,0.0,0.0,0.0,0.0,0.0,0.0,0.0,0.0,0.0,0.0,0.0,0.0,0.0,0.0,0.0,0.0,0.0,0.0,0.0,0.0,0.0,0.0,0.0,-0.0076563177933147,0.0,0.0,0.0,0.0,0.0,0.0,0.0,-0.0019819255735016,0.0,0.0,0.0,0.0,0.0,0.0,0.0,0.0,0.0,0.0,0.0,0.0,0.0,0.0,0.0,-0.0132108640997801,0.0,0.0,-0.0058322711698283,0.0,0.0,0.0,0.0,0.0,0.0,0.0,0.0,0.0
sid3820-clean-COSINE-5289-F_close_144.wav,0.0,0.057666613085487,0.0148943610215555,0.0,0.0249092131051478,0.0033392352815168,0.0,0.0,0.0,0.0,0.0154045296142421,0.0054076463539374,0.0,0.015188739924522,0.0217251066151237,0.0064203382730829,0.0,0.0,0.0,0.0060375512076592,0.0051938325647351,0.0,0.0,0.0,0.0,0.0238555682329735,0.0,0.0,0.0036349806058705,0.0,0.0008656868662312,0.0,0.041874374258002,0.0,0.0,0.0126150318584292,0.0,0.024066810083618,0.0144798139002719,0.0164898739920162,0.0,0.0287960547909206,0.0,0.0221191700781292,0.0203828769134216,0.0,0.0,0.0,0.0271516289736068,0.0,0.0,0.0,0.0,0.0,0.0497131185731801,0.0210793856360627,0.0,-0.00049874183024,0.0,0.0,0.0,0.0,0.0,0.0,0.0,0.0,0.0,0.0,0.0,0.0189068036606819,0.0,0.0165603403494863,0.0,0.012986555346339,0.0,0.0078963400164647,0.0,0.0511622370971248,0.0072668192946034,0.0,0.0,0.0031937889380133,0.0140412603696602,0.0,0.0,0.0,0.0,0.0,0.0,0.0125052887247293,0.0029917214422072,0.0,0.0,0.0,0.0320107788634891,0.0,0.0,0.0260667248756672,0.0,0.0,0.0116957912154127,0.0,0.0127925325372925,0.0,0.0,0.0,0.0,0.0,-0.0683180556589247,0.0,0.0,0.0160441322506692,0.0,0.0,0.0,0.0,0.0,0.0078750982249331,0.0071867872628876,0.0,0.0199417563587716,0.0,0.0073677865782246,0.0,0.0,0.0160026484223264,0.0,0.0,0.0,0.0045373480550402,0.0,0.0,0.0,0.0181951670559104,0.0278390879815361,0.0,0.0,0.0,0.0,0.0024198393384555,0.0,0.0126429534792923,0.0,0.0,0.0,0.0,0.0,0.0,0.0,0.0040766216999985,0.0,0.0085905704564042,0.0,0.0,0.0,0.0053130441338978,0.023275684585049,0.0,0.0,0.0104004734300188,0.0187132845601253
sid5964-noisy-COSINE-9987-F_shoulder_63.wav,-0.002574580737561,0.0,0.0,-0.0005320334164933,0.0,0.0,0.0,0.0,0.0,0.0,-0.0001281367129366,0.0,0.0,0.0,0.0,-0.0017234973777639,0.0,-0.0019545299717625,0.0,-0.0964914768995562,-0.0359078421538463,0.0,-0.0078384432171365,-0.0114923163981661,0.0,-0.0365045525070665,0.0,0.0,0.0,0.0,0.0,0.0,-0.0019471213277268,-0.0024158664109275,0.0,0.0,-0.0004575811278034,0.0,0.0,0.0,0.0,-0.044340044319233,0.0,-0.0379718311643834,0.0,0.0,0.0,0.0,0.0,-0.0003445840369268,0.0,-0.0604518669174754,-0.075507871788129,-0.0038587548092818,0.0,0.0,0.0,0.0,-0.002101769530488,0.0,-0.0427924391546578,-0.0513243562644905,0.0,-0.0005808523356197,0.0,-0.0520598562678423,0.0,0.0,-0.0022866632092301,-0.0376058254758366,0.0,-0.0247951647755175,-0.0255454760154423,-0.0294684655288324,-0.0159279253151319,-0.0078473557687727,-0.0039259171296475,0.0,0.0,0.0,0.0,-0.0017936495931604,0.0,0.0,-0.0035955573865479,0.0,-0.0048489198300555,-0.0023806381098951,-0.0054083662700876,-0.0001968061095347,-0.0083752169434952,-0.0237614806248761,-0.0112213609238056,-0.0164099409974785,-0.015873616232361,-0.0112669072910376,-0.0106046233694611,-0.0082740199686566,-0.0032545080355719,-0.0015949877876965,-0.0020378737277716,0.0,0.0,0.0,-0.001960287199964,0.0,-0.0043278161654027,-0.0033469776968455,-0.0050906718698832,-0.0022111156763591,-0.004252382615938,-0.0014908252674731,-0.0040160051252175,0.0,0.0,-0.010987248538798,-0.0018431991504233,-0.0012093139115644,-0.0014735669683397,-0.0011500377935912,-0.0053423220374785,-0.0002497690334033,0.0,0.0,-0.0018626652940723,-0.0070314023081023,-0.0023226468422693,0.0,-0.0004638236675888,-0.0025184608055215,-0.0014842864727045,0.0,0.0,0.0,-0.001131504046854,0.0,0.0,0.0,0.0,0.0,0.0,0.0,0.0,0.0,0.0,0.0,0.0,-0.0012129930083868,0.0,0.0,0.0,-0.0022389473870882,0.0,0.0,0.0,0.0,0.0,0.0,0.0,0.0,0.0
sid3741-noisy-COSINE-5219-M_array1_28.wav,0.0,0.0,0.0,-0.0108508349507138,0.0,0.0,0.0,0.0,0.0,0.0,0.0,-0.0057578469027405,0.0,0.0,0.0,0.0,0.0,0.0,0.0,0.0,-0.0087655037308763,-0.0078820232226615,0.0,-0.0043506604137788,0.0,-0.0088288974397565,0.0,0.0,0.0,-0.0132285134224456,0.0,0.0,0.0,0.0,0.0,0.0,0.0,0.0,-0.0071638211313665,0.0,0.0,0.0,0.0,0.0,0.0,0.0,0.0,0.0,0.0,0.0,0.0,0.0,0.0,0.0,0.0,0.0,0.0,0.0,0.0,0.0,0.0,0.0,0.0,0.0,0.0,0.0,0.0,0.0,0.0,0.0,0.0,0.0,-0.0052239484225006,0.0,0.0,0.0,0.0,0.0,0.0,0.0,0.0,0.0,0.0,0.0,0.0,0.0,0.0,0.0,0.0,0.0,0.0,0.0,0.0,0.0,0.0,0.0,0.0,0.0,0.0,0.0,0.0,0.0,0.0,0.0,0.0,0.0,0.0,0.0,0.0,0.0,0.0,0.0,0.0,0.0,0.0,0.0,0.0,0.0,0.0,0.0,0.0,0.0,0.0,0.0,0.0,0.0,0.0,0.0,0.0,0.0,0.0,0.0,0.0,0.0,0.0,0.0,0.0,0.0,0.0,0.0,0.0,0.0,0.0,0.0,0.0,0.0,0.0,0.0,0.0,0.0,0.0,0.0,0.0,0.0,0.0,0.0,0.0,0.0,0.0,0.0,0.0
sid0298-noisy-COSINE-0622-F_array1_138.wav,0.0,0.0,0.0,0.0,0.0,0.0,0.0,0.0,0.0179061851497275,0.0,0.0,0.0,0.0,-0.0029759352631692,0.0,0.0220881739220497,0.0,0.0,0.0160378921225072,0.0,-0.0733835647459599,0.0,-0.0506225802599373,-0.0089443527416669,0.0,-0.0056778031552933,-0.0171448965480608,-0.0138612408331984,-0.0178826508630311,0.0,-0.0192758801690107,0.0,-0.0319031985197122,-0.0333288034077952,0.0,0.0,0.0,0.0,0.0,-0.0657158213455437,-0.052426612598122,-0.0436109251655865,-0.0368531561632806,-0.0329715064612161,0.0,-0.0410694626847186,0.0,-0.0176745664829567,-0.0032583322585383,-0.0006122725345979,0.0,-0.0056648514864033,0.0182205903440049,0.0,0.0,-0.0101067664574208,-0.0085036155922569,-0.0052115694772374,0.0,0.0,-0.0142313055264942,0.0,0.0,-0.0064326195659789,-0.0026564170843096,0.0,0.0,-0.0116385233649319,0.0,0.0,-0.0024491798181852,0.0,0.0,0.0,-0.006999557150664,-0.0103424829977008,0.0,-0.0080812446600803,0.0172852289642196,-0.0149612410827404,-0.0135980686298684,0.0,0.0,-0.0009778454350149,-0.0059736072425053,0.0,0.0,0.0,0.0,0.0,0.0,-0.0050738040814901,0.0,0.0,0.0201130675736827,0.0,0.0,0.0,0.0,-0.0042550343244486,0.0,0.0,-0.0079591481782564,-0.001986604347424,-0.0051879589357871,-0.0228226010725768,0.0,0.0,0.0,-0.0025330226634824,-0.0174520810876882,0.0,0.0,0.0,0.0,0.0,0.0,0.0,-0.0030016947522477,-0.0071204111257336,0.0,-0.0076241423201735,0.0,0.0,0.0,0.0,-0.0067176438455975,0.0,0.0,0.0,-0.018369302762045,0.0,0.0,0.0,0.0,-0.0072851858843199,-0.0045192372674225,-0.000981326475042,0.0,0.0,-0.0106769843794537,0.0,-0.0045164829943455,0.0,-0.0034628632158956,0.0,0.0,0.0,0.0,-0.0134152799324831,0.0,0.0,0.0,0.0,0.0,0.0,-0.0149990769788049,0.0,0.0,0.0,0.0
sid0339-anchor-COSINE-0622-F_close_177.wav,0.0,0.0096730653378276,0.0,0.0,0.0,0.0028129585977595,0.0,0.0043796740892639,0.0,0.0,0.0,0.0750362590151018,0.0348071440530721,0.0042984558059452,0.0,0.0197657771418062,0.0,0.0579889753003352,0.0385965052203756,0.0374403589351569,0.0306280750606298,0.0248826930204669,0.0003926149194053,0.0,0.0157949998100571,0.0039921126709462,0.0169672818556228,0.0036233667929794,0.0,0.0,0.006986479272672,0.0115749957858034,0.0,0.0064708250426675,0.0,0.0,0.0,0.0,0.0,0.0,0.0017186068069983,0.0017151005352947,0.0,0.0,0.0,0.0083693987276074,0.0068584945543384,0.0,0.0,0.0,0.0,0.0,0.0,0.0,0.0,0.0,0.0,0.0,0.0,0.009068630943453,0.0,0.0062442047657048,0.0,0.0,0.0,0.0,0.0,0.0,0.0,0.0036221289435023,0.0,0.0,0.0,0.0035210385905123,0.011951130250683,0.0,0.0,0.0,0.0,0.0163697728466367,0.0,0.0,0.0,0.0,0.0,0.0,0.0,0.0,0.0,0.0045564076105887,0.0,0.0,0.0,0.0,0.0,0.0096693028481093,0.0175184310171026,0.0,0.0,0.0032783037646787,0.0,0.0037799353693358,0.0,0.0,0.0,0.0,0.0,0.0,0.0,0.0,0.0,0.0088560816659461,0.0,0.0,0.0,0.0,0.0,0.0,0.0,0.0,0.0,0.0,0.0,0.0,0.0,0.0,0.0,0.0,0.0,0.0,0.0,0.0040294168479695,0.0,0.0,0.0,0.0,0.0,0.0011499904483569,0.0,0.0,0.023000022451897,0.0,0.0,0.0,0.0040013094148233,0.0,0.0,0.0,0.0,0.0,0.0,0.0,0.0,0.0,0.0,0.0,0.0,0.0,0.0,0.0,0.0087909540046733
sid2066-noisy-COSINE-2828-M_array1_120.wav,0.0,0.0,0.0,-0.0150642201133366,-0.0163085600925288,0.0,0.0,0.0,0.0,-0.0170689148592513,0.0,0.0,0.0,0.0,0.0,0.0,0.0,0.0,0.0,0.0,0.0,0.0,-0.0014387544165311,0.0,0.0,0.0,-0.0067066080471507,-0.0182440300072356,0.0,-0.0147472362753728,0.0,0.0,0.0,-0.0109913868742454,-0.0082008245395715,0.0,0.0,-0.0062523710563215,-0.0033834590997109,-0.0010961465566316,0.0,0.0,-0.0051392804683243,0.0,0.0,0.0,0.0,0.0,0.0,0.0,0.0,0.0,0.0,0.0,0.0,0.0,-0.0063291973727847,0.0,0.0,0.0,0.0,0.0,0.0,-0.0024353204270528,0.0,0.0,0.0,0.0,0.0,0.0,0.0,0.0,0.0,0.0,-0.0081789655249231,0.0,-0.0126134367046182,-0.0089671590201549,0.0,-0.0142483094201112,-0.0124221910709568,-0.0063640677804447,-0.0092387311939531,-0.0086691637661255,-0.0039516953984489,-0.0028152342264967,-0.001704963426691,-0.0069327761269584,0.0,-0.0082360449689277,0.0,0.0,0.0,0.0,0.0,0.0,0.0,0.0,0.0,-0.0061297343676965,0.0,-0.0062377019832461,0.0,0.0,0.0,0.0,-0.002702978795671,0.0,0.0,-0.0030584510247872,0.0,0.0,0.0,0.0,0.0,0.0,0.0,0.0,0.0,0.0,0.0,0.0,0.0,0.0,0.0,0.0,0.0,0.0,0.0,0.0,0.0,0.0,0.0,0.0,0.0,0.0,0.0,0.0,0.0,0.0,0.0,0.0,0.0,0.0,0.0,0.0,-0.0022143157738905,0.0,0.0,0.0,-0.0045153913664535,0.0,0.0,0.0,0.0,0.0,0.0,0.0,0.0,0.0,0.0
sid0661-noisy-COSINE-1278-F_array1_39.wav,0.0,0.0,-0.0680579521027531,-0.0264636039334698,0.0,-0.0026338866789432,0.0,-0.0026907539680456,-0.0045121680480513,0.0,0.0,-0.0016596949982867,0.0,-0.0025204439808054,0.0,0.0,-0.0013938270282702,0.0,0.0,-0.0026600951477971,0.0,0.0,0.0,0.0,-0.003218920356957,-0.011483134209611,-0.0071022031687189,-0.0042914981669796,-0.0154494246319996,-0.0281045107759173,-0.0077511203595471,-0.0197418612642316,0.0,-0.0023181469986583,0.0,0.0,0.0,-0.0080184539057978,0.0,0.0,0.0,0.0,-0.0005151035627781,0.0,-0.0247502231727225,-0.0272719106606985,-0.0238386940498293,-0.0504569526415153,-0.0196316072448985,-0.0229109097296953,-0.0309628039842175,-0.0020429590464432,-0.0117342759557928,-0.0030813745518842,-0.0113426370537639,-0.0055535565007314,0.0,-0.0038492835888604,0.0,0.0,0.0,-0.0038581879452217,0.0,0.0,0.0,0.0,0.0,0.0,0.0,0.0,0.0,0.0,0.0,0.0,0.0,0.0,0.0,-0.0029929027750589,0.0,0.0,0.0,0.0,-0.0046313910894126,-0.0043554686622498,-0.0229191740163003,0.0,-0.0051501198994655,-0.0034063181105628,0.0,-0.0039699796894024,0.0,-0.0119870441676043,-0.0014206266591935,-0.0075921985421788,-0.0100052095025871,-0.0019789721327754,-0.0059375584375278,0.0,-0.0137610076617383,0.0,0.0,0.0,-0.0046661419358618,0.0,0.0,0.0,0.0,0.0,0.0,-0.0030140067276484,0.0,-0.0021193637730157,0.0,0.0,0.0,0.0,-0.0004833985074147,0.0,-0.004097201019844,0.0,-0.0028502395244511,-0.0148048050797606,-0.0029697125067362,-0.0073701420180688,5.668283449779624e-05,0.0,-0.0055205196619233,0.0,-0.0082661098796975,-0.0015814942200606,0.0,-0.0040204445174248,-0.0019164905728012,-0.0039338828034691,-0.0107593475850545,0.0,0.0,0.0,-0.0064102113996346,0.0,0.0,-0.002761682254802,-0.0012223920602578,0.0,-0.0051295965761055,0.0,0.0,-0.002783730950381,0.0,0.0,-0.0069888294634304,-0.0093531582481581,0.0,0.0,0.0,-0.0065216265496644,-0.0044947098506635,0.0,0.0,0.0,-0.0127650690082702
sid5589-noisy-COSINE-8112-F_array1_149-truncated.wav,0.0,0.0,-0.0540546502053811,0.0,0.0,0.0,0.0,0.0,0.0,0.0,0.0,0.0,0.0385511760891693,0.0,0.0,0.0,0.0,0.0,0.0,0.0,0.0,0.0,0.0,0.0,0.0,0.0,0.0,0.0,0.0,0.0,0.0,0.0,0.0,0.0,0.0,0.0087857027376642,0.0,0.0,0.0,0.0186113090863975,0.0,0.0,0.0312837261616311,0.0114047373274696,0.0,0.0,0.0,0.0,0.0,0.0,0.0,0.0,0.0,0.0,0.0,0.0,0.0,0.0,0.0,0.0,0.0,0.0,0.0,0.0,0.0,0.0,0.0,0.0,0.0,0.0,0.0,0.0,0.0,0.0,0.0,0.0,0.0,0.0,0.0,0.0,0.0,0.0,0.0,0.0,0.0,0.0,0.0,0.0,0.0,0.0,0.0,0.0,0.0,0.0086751887552798,0.0,0.0087280595309912,0.0,0.0,0.0058927491069469,0.0,0.0197752633923184,0.0,0.0,0.0,0.0,0.0,0.0093732413592674,0.0,0.0,0.0,0.0,0.0,0.0102161497526904,0.0,0.0,0.0169772005255168,0.0,0.0,0.0,0.0,0.0,0.0,0.0,0.0,0.0293123556521921,0.0,0.0,0.0,0.0,0.0,0.0,0.0,0.0,0.0,0.0,0.0,0.0,-0.0544685150755516,0.0,0.0,0.0,0.0,0.0,0.0,0.0125108464706628,0.0,0.0,0.0,0.0,0.0,0.0,0.0066467060935629,0.0,0.0,0.0129229812207391,0.0,0.0,0.0,0.0,0.0,0.0
sid2872-noisy-COSINE-3792-F_array1_141.wav,0.0,0.0,0.0,0.0,0.0,0.0,0.0,0.0,0.0,0.0,0.0,0.0,-0.0045357333115496,0.0,0.0,0.0,0.0,0.0,0.0,-0.0061934727793645,-0.0048701955944143,-0.0151296471103558,-0.0086494035053408,0.0,0.0,0.0,0.0,0.0,0.0,0.0,0.0,0.0,0.0,0.0,0.0,0.0,0.0,0.0,0.0,0.0,0.0,0.0,0.0,0.0,0.0,0.0,0.0,0.0,0.0,0.0,0.0,0.0,0.0,0.0,0.0,0.0,0.0,0.0,0.0,0.0,0.0,0.0,0.0,0.0,0.0,0.0,0.0,0.0,0.0,0.0,0.0,0.0,0.0,0.0,0.0,0.0,0.0,0.0,0.0,0.0,0.0,0.0,0.0,0.0,0.0,0.0,0.0,0.0,0.0,0.0,0.0,0.0,0.0,0.0,0.0,0.0,0.0,0.0,0.0,0.0,0.0,0.0,0.0,0.0,0.0,0.0,0.0,0.0,0.0,0.0,0.0,0.0,0.0,0.0,0.0,0.0,0.0,0.0,0.0,0.0,0.0,0.0,0.0,0.0,0.0,0.0,0.0,0.0,0.0,0.0,0.0,0.0,0.0,0.0,0.0,0.0,0.0,0.0,0.0,0.0,0.0,0.0,0.0,0.0,0.0,0.0,0.0,0.0,0.0,0.0,0.0,0.0,0.0,0.0,0.0,0.0,0.0,0.0,0.0,0.0,0.0
sid3479-noisy-COSINE-3904-M_array1_3.wav,0.0143764416215458,0.0129244720177792,-0.029448663125458,0.0,0.0244053036002032,-0.0160581306424212,-0.0085745793798224,-0.037960822988299,0.0186521902310482,0.0149250072199833,0.0,0.0109234970568178,0.0,0.0120193996897375,0.0058912433823749,0.029634951522751,0.0,0.0111789569711263,-0.0178578824249392,-0.0199389960570925,0.0147086954544803,-0.0387331318615228,-0.0294317180457055,0.0119193852532109,-0.0344191797153484,-0.0246399588980045,0.0,-0.0371468507848936,0.0036351791633536,0.0,0.0209824096593609,0.0254032904629647,-0.012192141673358,0.0178942240046174,-0.0836323846170004,-0.0342661753357462,-0.0430637901716033,0.0,-0.040290094917957,-0.0274019936317559,0.0093630330228513,-0.0222875643665521,-0.0338788731273161,-0.0371718839190422,-0.0369809852936962,0.0253660444963172,0.0,0.0250000545761216,0.0,-0.0222359801935826,0.0192413200107967,0.0082708915086369,0.0152721844380384,0.0,0.0,0.0005753582847759,0.0,0.0114711410192661,-0.0099543510559119,-0.0184540822879194,-0.0161559631651761,0.0131786414259058,0.0074129307070563,0.0,-0.0124002398389271,-0.033122275707758,0.0,0.0089337145246861,0.0,0.0,0.0,0.0066078675626393,0.0,-0.0350694121473001,-0.0179298496694394,-0.0284495919351538,0.0086392076683253,0.0,0.0,-0.0149983647128358,0.0,0.0,-0.0051197780382372,0.0,0.010421681055071,-0.0153885113677151,0.0237768193700009,-0.0129749145955022,0.0107659277255721,0.0,0.0,0.0166593491306569,-0.013868606074444,0.0,-0.0230319554216495,-0.0578358098734344,0.0222773398656441,0.0,-0.0202495125869088,0.0112696222785852,0.0,-0.0195479999316893,0.0,0.0192814419564834,0.0,-0.0034928772109613,0.0,-0.0117644808865775,0.0,0.0161895945233225,0.0,0.0,0.0,0.0,-0.0116130080219258,0.0,-0.0339745435336564,0.005021951696906,0.0132044438085868,0.0285928005202589,-0.0170977366883951,0.0,0.0,0.0,0.0135546665640832,0.0,0.0063849255181738,0.0,-0.0089079682720061,-0.0153349806563913,0.007722120557803,0.0,0.0050734222315372,0.0,0.0199709917787135,0.0218523032327468,0.0,0.0286049198803756,0.0,-0.0088146120275645,0.0,-0.0224208547565476,0.0130640283002778,0.0,0.0,-0.003875340808001,0.0,0.0,0.0,0.0,0.0,0.0,-0.0093796437460579,0.0203295804464127,0.0238583718717038,0.0,0.0,0.0200490284228024,-0.0092756189766618,-0.0110610319685235,-0.0114217691113483
sid5139-clean-COSINE-7321-M_close_121.wav,0.0,0.0,0.0070749956209683,0.0012405056213284,0.0,0.0,0.0,0.0,0.0,0.0,0.0,0.0,0.0,0.0,0.0,0.0,0.0,0.0,0.0,0.0,0.0021447468921946,0.0,0.0,0.0,0.0095354699548793,0.0020813034604924,0.0,0.0,0.0,0.0,0.0,0.0,0.0,0.0,0.0,0.0006440053022014,0.0,0.0,0.0,0.0077793532826601,0.0,0.0355594262962249,0.0,0.0641112236497161,0.0462960421326327,0.0265204642596545,0.0285368414459352,0.0137563763804912,0.0,0.0,0.0257384037756482,0.0,0.0,0.0,0.0168200128242832,0.0151421956181723,0.0114456199345712,0.0075918019227255,0.0127921962324351,0.0,0.0043430072794888,0.0031809894027029,0.0,0.0,0.0040294849392423,0.0,0.0048544870974003,0.0,0.0,0.0,0.0,0.0081246248257538,0.0146708055067208,0.0,0.0065074154990055,0.0165292732207125,0.0,0.0119304914438106,0.0114144606836211,0.0129500538285981,0.0048070143184084,0.0086781865974129,0.0,0.0084165278523108,0.0,0.0036610123438828,0.0125310560764507,0.0049931295633783,0.0,0.0,0.0016679402003767,0.0,0.0032287300281034,0.0,0.0,0.0,0.0,0.0,0.0048757899156607,0.0024277758669087,0.0018313814125922,0.0,0.0087621582831427,0.0,0.0028538774471419,0.0066366461292201,0.0,0.0,0.0,0.0,0.0,0.0028469078332,0.0,0.0,0.0,0.0,0.0,0.0,0.0,0.0,0.0,0.0044843085660227,0.0084479195801375,0.0098002026794653,0.0082569251234492,0.0,0.0,0.0006610665190594,0.0,0.0054784176127015,0.0,0.0,0.0034531252919572,0.0,0.0,0.0,0.0,0.0,0.0,0.0011783337203696,0.0,0.0032892993382543,0.0,0.0,0.0,0.0008030903931359,0.0,0.0,0.0,0.0,0.0,0.0,0.0,0.0,0.0037193781210579,0.0,0.0,0.0,0.0,0.0,-0.0004173136176787
sid0842-anchor-COSINE-1399-F_close_223.wav,0.0,0.0,0.0,0.0,0.0,0.0,0.0,0.0,0.0,0.0,0.0108537864548103,0.0,0.0,0.0,0.0,0.0,0.0051566163395402,0.0,0.0,0.0,0.0,0.0,0.0,0.0,0.0,0.0,0.0,0.0,0.0,0.0,0.0,0.0,0.0,0.0,0.0,0.0,0.0,0.0,0.0,0.0,0.0,0.0,0.0,0.0,0.0,0.0,0.0,0.0,0.0,0.0,0.0,0.0,0.0,0.0,0.0,0.0,0.0,0.0,0.0,0.0,0.0,0.0,0.0128773016808701,0.0,0.0,0.0,0.0,0.0,0.0,0.0,0.0,0.0,0.0,0.0,0.0,0.0286859114930334,0.0,0.0,0.0,0.0,0.0,0.0,0.0,0.0,0.0,0.0,0.0,0.0,0.0,0.0,0.0,0.0,0.0,0.0,0.0,0.0,0.0,0.0,0.0,0.0,0.0,0.0,0.0,0.0,0.0,0.0,0.0,0.0,0.0,0.0,0.0,0.0,0.0,0.0,0.0,0.0,0.0088173176698814,0.0,0.0,0.0,0.0,0.0084872344679434,0.0,0.0,0.0,0.0,0.0,0.0,0.0,0.0,0.0,0.0,0.0,0.0,0.0,0.0,0.0,0.0,0.0,0.0,0.0,0.0,0.0,0.0,0.0,0.0,0.0,0.0,0.0,0.0,0.0,0.0,0.0,0.0,0.0,0.0,0.0,0.0,0.0,0.0,0.0
sid0609-anchor-COSINE-1278-F_close_205.wav,0.0,0.0,0.0366897866896562,0.0279646525878062,0.0,0.0,0.0,0.0197594790124134,0.0,0.0,0.0,0.0,0.0,0.0,0.0,0.0,0.0,0.0184704224326831,0.0,0.0,0.0,0.0,0.0,0.0072906818044259,0.0038050096005514,0.0015303687576373,0.0025732805116395,0.0,0.0025446722032257,0.0103130381961895,0.0,0.0029071997143351,0.0,0.0,0.0,0.0,0.0,0.0,0.0036120801355308,0.0,0.0,0.0,0.0,0.0,0.0,0.0,0.0054508235416561,0.0,0.0,0.0,0.0,0.0,0.0,0.0,0.0,0.0,0.0,0.0,0.0,0.0,0.0,0.0158365879310428,0.0,0.005031026417194,0.0,0.0166523549201152,0.0097166712752501,0.0,0.0,0.0,0.0,0.0187287637531054,0.0,0.0,0.0,0.0046540864535025,0.000680347865457,0.0,0.0107796721118181,0.0,0.0,0.0108162183057704,0.0,0.0,0.0,0.0,0.0021047190803478,0.0,0.0,0.0,0.0,0.0,0.0,0.0,0.0,0.0,0.0,0.0,0.0,0.0,0.0028983185819663,0.0,0.0,0.0100482842038137,0.0,0.0,0.0,0.0,0.0,0.0,0.0,0.0,0.0,0.0,0.0,0.0,0.0,0.0,0.0,0.0,0.0,0.0,0.0069908822757873,0.0030052570642968,0.0,0.0,0.0,0.0,0.0,0.0,0.0,0.0,0.0105378311201606,0.0,0.0,0.0,0.0,0.0,0.0,0.0028088994049374,0.0,0.0,0.0,0.0069744954185306,0.0,0.0007551452276986,0.0,0.0,0.0064805898733211,0.0,0.0,0.0,0.0147382067915076,0.0,0.0,0.0,0.0,0.0,0.0019903559346231,0.0,0.0
sid4170-anchor-COSINE-5534-F_close_174.wav,0.0,0.0623348618796906,0.0,0.0,0.0,0.0,0.0,0.0,-0.0004246568857638,0.0,0.0,0.0,-0.0252973700458533,0.0,0.0,0.0,-0.0165992573101496,-0.0249057665282293,0.0,0.0,-0.0230380284250604,-0.0224901532864612,-0.02133561648408,-0.0048695548935533,0.0,-0.0103454263309518,-0.0124881790574075,-0.0093264668787349,0.0,0.0,-0.0062304566634692,0.0,0.0,0.0,0.0,0.0,0.0,0.0,0.0,0.0,0.0,0.0,0.0,0.0,0.0,0.0,0.0,0.0,0.0,0.0,-0.0065787911196404,0.0,-0.01075599331041,-0.0143793910494133,-0.0084435904727011,0.0,-0.0078845158719994,0.0,-0.0119701678716823,0.0,-0.0060825666729199,0.0,0.0,0.0,0.0,0.0,0.0,0.0,0.0,0.0,0.0,0.0,0.0,0.0,0.0,0.0,0.0,0.0,0.0,0.0,0.0,0.0,-0.0023142821290893,0.0,-0.004140305717251,0.0,0.0,0.0,0.0,0.0,0.0,-0.0053184094865278,0.0,0.0,0.0,0.0,-0.0024153712963045,0.0,0.0,0.0,0.0,0.0,0.0,-0.0082604695166199,-0.0069112576925899,0.0,0.0,0.0,0.0,0.0,0.0,0.0,0.0,0.0,0.0,0.0,0.0,0.0,0.0,0.0,0.0,0.0,0.0,0.0,-0.0075715371059224,0.0,0.0,0.0,-0.0052539697640863,0.0,0.0,0.0,0.0,0.0,0.0,0.0,0.0,0.0,0.0,0.0,0.0,0.0,0.0,0.0,0.0,0.0,0.0,0.0,0.0,0.0,0.0,0.0,0.0,0.0,0.0,0.0,0.0,0.0,0.0,0.0,0.0
sid4431-clean-COSINE-5897-F_close_82.wav,0.0,0.0093767079783433,0.0375801271796437,0.0223561286774226,0.0,0.0,0.0,0.0,0.0,-0.0680028781468579,-0.0414415861945242,0.0,0.0,0.0,0.0,0.0,0.0,0.0,0.0,0.0064667329147511,0.0225456414561086,0.0259776194584685,0.0,0.0,0.0161457551477189,0.0,0.0,0.0,0.0,0.0,0.0,0.0,0.0,0.0,0.0,0.0,0.0,0.0,0.0,0.0,0.0,0.0,0.0,0.0,0.0126752467215682,0.0,0.0098306692209588,0.0050973023335538,0.0,0.0201159448781922,0.0020240915871116,0.0,0.0,0.0,0.0,0.0,0.0,0.0,0.0,0.0059680826872208,0.0,0.0,0.0,0.0058575342423008,0.0,0.0274479421312425,0.0,0.0,0.0,0.0,0.0,0.0,0.0,0.0219336638411533,0.0021486083499305,0.0042066465323725,0.0,0.0,0.0,0.0,0.0081702389477412,0.0,0.0,0.0,0.0,0.0,0.0,0.0,0.0,0.0,0.0,0.0,0.0,0.0,0.0,0.0,0.0,0.0088446341166261,0.0036203573343721,0.0,0.0,0.0,0.0068445424571038,0.0,0.0,0.0,0.0,0.0,0.0040150777273343,0.0,0.0,0.0,0.0,0.0,0.0067622170095324,0.0096863387692052,0.0,0.0,0.0,0.0,0.0,0.0,0.0057591967671657,0.0,0.0,0.0,0.0,0.0,0.0,0.007603191950756,0.0,0.0105108514735179,0.0,0.0,0.0,0.0,0.0,0.0,0.0,0.0,0.0,0.0,0.0100245805456408,0.0,0.0,0.0031809947249422,0.0,0.0,0.0,0.006611872088684,0.0208769565556758,0.0133436890198767,0.0056563892868736,0.0,0.0,0.0,0.0,0.0,0.0,0.0,0.0
sid3388-clean-COSINE-3904-M_close_183.wav,0.0,0.0,0.0,0.0565095834323948,0.0,0.0,0.0,0.0,0.0285468748349936,0.0133192756785111,0.0,0.0089849419722758,0.0,0.0216484204514167,0.0166103768980127,0.0518242665622819,0.0392258569133479,0.0,0.0,0.0171152761827407,0.0,-0.0414256867122653,0.0,0.0,0.0,0.0,0.0,0.0,0.0,0.0,0.0,0.0,0.0093982154605579,0.0,0.0102628718132452,0.0,-0.0423848339817334,0.0,0.0115896335761432,0.0,0.0,0.0,0.0,0.0072005592622489,0.0,-0.033754605199147,0.0,0.0,0.0,0.0,0.0,0.0,0.0,0.0,0.0,0.0,0.0,0.0,0.0,0.0,0.0,0.0,0.008764769439964,0.0059246433108385,0.0,0.0020119852864122,0.0,0.0,0.0,0.0100564819418068,0.0114039251131784,0.0,0.0,0.0,0.0,0.0,0.0,0.0,0.0,0.0,0.0,0.0,0.0,0.0100907651570038,0.0,0.0,0.0,0.0097285245036701,0.0,0.0,0.0,0.0,0.0,0.0,0.0,0.0,0.0,0.0,0.0,0.0,0.0,0.0,0.0,0.0107591010494017,-0.0356680620365229,0.0,0.0,0.0,0.0,0.0,0.0,0.0,0.0,0.0,0.0,0.0,0.0,0.0,0.0084269368845875,0.0,0.0,0.0,0.0,0.0,0.0,0.0,0.0,0.0066470841494273,0.0,0.0,0.0,0.0,0.0,0.0,0.0,0.0056088854351625,0.0,0.0,0.0,0.0,0.0,0.0,0.0,0.0114358003365757,0.0,0.0,0.0,0.0,0.0,0.0145142199685296,0.0,0.0,0.0,0.0,0.0,0.0161543268962379,0.0,0.0,0.0,0.0,0.0
sid2611-clean-COSINE-3277-F_close_111-truncated.wav,0.0017447612520624,0.0,0.0376974380333305,0.0089244202243909,0.0,0.0,0.0,0.0,0.0,0.0,0.0,0.0,0.0,0.0041319498672633,0.0,0.0,0.0,0.0,0.0,0.0082131261918848,0.0,0.0,0.0,0.0,0.0198506717454986,0.0,0.0359548477360486,0.0007955691710941,0.0318116089514902,0.0,0.0292962959521406,0.0,0.0078258100097285,0.0,0.0,0.0,0.0,0.0129473457997927,0.0209815674359184,0.0,0.0,0.0,0.0034050366878521,0.0,0.0148744225608746,0.0144931800554693,0.0038999929927089,0.0,0.0,0.0,0.0088888126840769,0.0,0.0024779600414565,0.0202131685755052,0.0107292731341939,0.0031596164204716,0.0,0.0025515320441461,0.0,0.0,0.0062049000025005,0.0,0.0011033096603147,0.0,0.0,0.0118400331729884,0.0,0.006278678670737,0.0,0.0228782903925175,0.0201181198981564,0.0,0.0137011057715372,0.0162195221411277,0.0134148626659306,0.015522909323984,0.0,0.0,0.0026589353446363,0.0,0.0027719130629244,0.0077647831110929,0.0,0.0,0.0,0.0,0.0,0.0,0.0062738450589036,0.0,0.0,0.0,0.0,0.0,0.0,0.0,0.0012345140947443,0.0,0.0,0.0041236782197894,0.0058950962963375,0.0098743343112418,0.0,0.0023872110167231,0.0,0.0,0.0,0.0067323208097331,0.0,0.0,0.0074413170726197,0.0,0.0,0.0,0.0122001080317058,0.0,0.0026555521434746,0.0214381030011283,0.0021848706306231,0.0,0.0,0.0,0.0,0.0,0.0,0.0072140104661821,0.0,0.0,0.0,0.0,0.0004137021422885,0.0,0.0,0.0,0.0,0.0,0.0,0.0,0.0,0.0,0.0,0.0038332329164208,0.0,0.001062192138246,0.0,0.0041412999802199,0.0,0.0063053212943949,0.0014468816422631,0.0012518803529521,0.0,0.0016428925083518,0.0,0.0043340903025766,0.0,0.0,0.0043267761909491,0.0,0.0019349567180288,0.0071171103071403,0.0011565791196029
sid0925-anchor-COSINE-1399-F_close_312.wav,0.0,0.0,0.0,0.0,-0.0675942682239576,0.0,0.0,0.0,0.0,0.0,0.0,0.0,0.0,0.0,0.0,0.0178510550294885,0.0,0.0,0.0,0.0,0.0198074020931302,0.0,0.0,0.0,0.0,0.0,0.0,0.0,0.0,-0.061051172033476,0.0,0.0,0.0,0.0,0.0,0.0,0.0,0.0,0.0,0.0,0.0,0.0,0.0,0.0,0.0,0.0214776814646895,0.0,0.0,0.0,0.0,0.0,0.0,0.0,0.0,0.0,0.0,0.0,0.0,0.0,0.0,0.0,0.0,0.0,0.0241514424730669,0.0288298516162947,0.0,0.0,0.0,0.0,0.0,0.0,0.0,0.0,0.0,0.0,0.0,0.0,0.0,0.0,0.0,0.0,0.0,0.0,0.0,0.0,0.0,0.0,0.0,0.0,0.0,0.0,0.0,0.0,0.0,0.0135259848229403,0.0,0.0,0.0,0.0,0.0,0.0,0.0,0.0,0.0,0.0,0.0,0.0,0.0,0.0,0.0,0.0,0.0,0.0,0.0,0.0,0.0,0.0,0.0,0.0119198862793837,0.0,0.0,0.0163701381700308,0.0,0.0,0.0,0.0,0.0,0.0,0.0,0.0,0.0,0.0202306335527455,0.0,0.011986791564806,0.0,0.0,0.0,0.0,0.0,0.0,0.0,0.019219770029236,0.0,0.0,0.0,0.0,0.0,0.0,0.0,0.0,0.0,0.0,0.0,0.0,0.0,0.0,0.0,0.0,0.0,0.0,0.0
sid5663-noisy-COSINE-8112-F_array1_64.wav,0.0,0.0053526534859758,0.0,0.0,0.0,0.0,0.0,0.0043259291521775,0.0,0.0,0.0,0.0144381176013011,0.0130284182260479,0.0,0.0,0.0315841547580405,0.017521253793292,0.0,0.0,0.0,0.0,0.0,0.0,0.0,0.0,0.0,0.0,0.0,0.0,0.0,0.0052381088367656,0.0,0.0,0.0023842057816155,0.0127279438207836,0.0,0.0,0.0129466671258932,0.0,0.0,0.0,0.0,0.0071298694732473,0.0056479188905571,0.0041729166226098,0.0,0.0,0.0,0.0,0.0097896989033763,0.0,0.0,0.0,0.0051506054602309,0.0,0.0,0.0,0.0,0.0059465434371126,0.0,0.0,0.0,0.0,0.0,0.0068472987504798,0.0,0.0,0.0056789516091146,0.0,0.0,0.0,0.0,0.0040336516851936,0.0,0.0,0.0,0.0,0.0042839025125151,0.0,0.0,0.0,0.0,0.0028597578641643,0.0,0.0,0.0,0.0,0.0,0.0,0.0,0.0,0.0,0.0064249660082808,0.0,0.0,0.0,0.0,0.0,0.0,0.0,0.0044355109926672,0.0,0.0,0.0,0.0,0.0,0.0,0.0,0.0,0.0,0.0,0.0,0.0,0.0,0.0,0.0,0.0,0.0,0.0,0.0,0.0,0.0,0.0,0.0,0.0,0.0113522690090254,0.0,0.0,0.0,0.0,0.0,0.003517450794902,0.0,0.0,0.0,0.0,0.0,0.0,0.0,0.0034448515130273,0.0,0.0,0.0,0.0039959529929378,0.0,0.0,0.0,0.0,0.0029358940792062,0.0,0.0,0.0,0.0,0.0,0.0,0.0,0.0,0.0,0.0,0.0,0.0
sid2553-noisy-COSINE-3231-F_array1_54.wav,0.0,0.0,0.0,0.0,0.0,0.0,0.0,0.0,0.0,0.0,-0.0039426972325946,0.0,0.0,0.0,0.0,-0.0035534613951617,0.0,0.0,0.0,0.0,-0.0007204327339062,0.0,0.0,-0.0951032129869377,-0.0296476079308253,-0.0063337294927134,-0.0046808869211954,0.0,-0.0043162000921822,0.0,-0.004262055226567,0.0,-0.0027499849329005,0.0,0.0,-0.0034980697633653,0.0,-0.0148826975285098,-0.0346851370831939,-0.0348226591482802,-0.0424512230475219,-0.0457489330906314,-0.041915578728647,-0.0400543430603596,-0.0491144895885136,-0.046757951254317,0.0,-0.0244942148715045,-0.0109269108787878,-0.0057083726168402,-0.0157329316905053,-0.0083079132650237,-0.0126451196924952,-0.0119489529954399,0.0,0.0,0.0,0.0,0.0,-0.0047098290771788,-0.0060244983286784,-0.0016621028429802,0.0,-0.0116469967277988,0.0,0.0,-0.0109962985884586,-0.0034650463587128,0.0,-0.0039997312607471,0.0,0.0,0.0,0.0,0.0,0.0,0.0,0.0,0.0,0.0,0.0,0.0,-0.0016761316980245,0.0,0.0,0.0,0.0,0.0,0.0,0.0,0.0,0.0,-0.0015130726779888,0.0,0.0,0.0,0.0,0.0,0.0,0.0,0.0,0.0,0.0,-0.0028544211419779,0.0,0.0,0.0,0.0,-0.0022657963425823,0.0,0.0,0.0,-0.0035120281902723,0.0,-0.0014169465394843,0.0,0.0,0.0,0.0,0.0,0.0,-0.0035373681236112,0.0,-0.0016571163265807,0.0,0.0,0.0,0.0,0.0,0.0,0.0,0.0,0.0,0.0,0.0,0.0,0.0,0.0,0.0,0.0,0.0,0.0,0.0,0.0,0.0,0.0,0.0,0.0,0.0,0.0,0.0,0.0,0.0,0.0,0.0,0.0,0.0,0.0,0.0,0.0,0.0
sid4090-clean-COSINE-5289-F_close_92.wav,0.0,0.0,0.0,0.0,0.0,0.0,0.0,0.0,0.0,0.0,0.0,0.0,0.0174553234306543,0.0,0.0,0.0024669075700654,0.0,0.0,0.0,0.0,0.0029120219421643,0.0091632036351395,0.0,0.0,0.0,0.0022802789112039,0.0,0.0036333269228585,0.00518889688609,0.0,0.0,0.0,0.0,0.0,0.0,0.0,0.0,0.0,0.0,0.0046446661578159,0.0,0.0,0.0036321151579249,0.0,0.0,0.0,0.0025873696542747,0.00635879161765,0.0138200156452248,0.0158343253446407,0.0125581813122866,0.002293928420694,0.0070080155633931,0.0,0.0,0.0,0.0,0.0,0.0,0.0,0.0,0.0020558196274235,0.0,0.0,0.0,0.0,0.0,0.0,0.0,0.0,0.0,0.0,0.0,0.0,0.0,0.0,0.0,0.0,0.0,0.0,0.0,0.0,0.0,0.0,0.0,0.0,0.0,0.0,0.0,0.0,0.0,0.0,0.0020111990415719,0.0,0.0,0.0,0.0,0.0,0.0,0.0063926246088285,0.0,0.0,0.0036198541171162,0.0,0.0,0.0,0.0078255607560533,0.0,0.0,0.0069474623693417,0.0,0.0,0.0,0.0,0.0,0.0,0.0,0.0,0.0,0.0,0.0,0.0,0.0,0.0,0.0020626505113351,0.0,0.0,0.0,0.0,0.0,0.0,0.0,0.0,0.0,0.0,0.0,0.0,0.0,0.0,0.0,0.0,0.0,0.0,0.0,0.0,0.0,0.0,0.0,0.0,0.0,0.0,0.0,0.0024443277853838,0.0,0.0,0.0,0.0,0.0,0.0,0.0,0.0
sid5030-noisy-COSINE-7275-F_array1_13.wav,0.0,0.0,-0.0319843119408174,-0.0270487798662569,0.0,0.0,0.0,0.0,0.0,0.0,0.0,0.0,0.0,0.0,0.0,0.0,0.0,0.0,-0.0021415544668414,0.0,0.0,0.0,-0.0126412275413395,-0.0112066396640968,-0.0121208486334748,-0.0283337807760456,-0.0294590717912968,-0.0087540742051994,0.0,0.0,0.0,0.0,-0.0081879016675249,0.0,0.0,0.0,0.0,0.0,0.0,0.0,-0.0028622978125807,0.0,0.0,0.0,0.0,0.0,0.0,0.0,0.0,0.0,0.0,0.0,0.0,0.0,0.0,0.0,0.0,0.0,0.0,0.0,0.0,-0.0126623367321955,0.0,0.0,0.0,0.0,0.0,0.0,0.0,0.0,0.0,0.0,0.0,0.0,0.0,0.0,0.0,0.0,0.0,0.0,0.0,0.0,0.0,0.0,0.0,0.0,0.0,0.0,0.0,0.0,0.0,0.0,0.0,0.0,0.0,0.0,0.0,0.0,0.0,0.0,0.0,0.0,-0.0011793123659062,0.0,0.0,0.0,0.0,0.0,0.0,0.0,0.0,-0.0048566172923888,0.0,0.0,0.0,0.0,0.0,0.0,0.0,-0.0051786762610532,0.0,0.0,0.0,0.0,0.0,0.0,-0.0051934616243924,0.0,0.0,0.0,0.0,0.0,0.0,0.0,0.0,0.0,-0.0025922324980254,0.0,0.0,0.0,-0.0035767015712964,0.0,0.0,0.0,0.0,0.0,0.0,0.0,0.0,0.0,0.0,0.0,0.0,0.0,0.0,0.0,-0.0077400142926847,0.0,0.0,0.0,0.0
sid3058-clean-COSINE-3792-F_close_78.wav,0.0,0.0,0.0,0.0485284642330471,0.0030809821761985,0.0,0.0,0.0066723303740652,0.0292208297030908,0.0,0.0,0.0109861786317147,0.0,0.0,0.0177643537700456,0.0490393349443609,0.0,0.0094788547632525,0.0085769443030001,0.0,0.0279090119151866,0.0019066228127737,0.0,0.0,0.0,0.0,0.0,0.0,0.0097801352603872,0.0,0.0008299779479882,0.0,0.0,0.0043497458830887,0.0,0.0,0.0,0.0,0.0,0.0133156779757404,0.0120504278021825,0.0144342112965376,0.0052865443635325,0.0,0.0158068430817798,0.0,0.0,0.0,0.0015507517175105,0.0,0.0,0.0,0.0,0.0,0.0,0.0,0.0,0.0,0.0,0.0,0.0,0.0,0.0007951985722487,0.0035703772593591,0.0,0.0,0.0,0.0,0.0,0.0,0.0027669175684872,0.0,0.0,0.0,0.0,0.0,0.0,0.0,0.0,0.0,0.0,0.0,0.0,0.0,0.0,0.0124296258807713,0.0,0.0,0.0,0.0,0.0030896338868916,0.0,0.0,0.0,0.0,0.0,0.0,0.0,0.0036457207013679,0.0,0.0,0.0,0.0,0.0,0.0,0.0,0.0,0.0,0.0,0.0,0.0,0.0,0.0,0.0,0.0,0.0,0.0,0.0,0.0,0.0,0.007921114795749,0.0,0.0,0.0,0.0,0.0,0.0,0.0,0.0,0.0,0.0,0.0,0.0,0.0117062262170146,0.0,0.0,0.0,0.0,0.00173381575384,0.0,0.0,0.0,0.0,0.0,0.0,0.0010109032678013,0.0,0.0,0.0,0.0072426641348025,0.0034731827506889,0.0,0.0,0.0,0.0,0.0,0.0,0.0,0.0,0.0,0.0
sid2253-clean-COSINE-2898-M_close_19.wav,0.0,0.0,0.0,0.0,0.0,0.0,0.0,0.0,0.0,0.0,0.0,0.0,0.0030011729267088,0.0,0.0,0.0,0.0,0.0,0.0,0.0,0.0372991975823583,0.0,0.0097442524943477,0.0,0.0354851295258544,0.0,0.0,0.0212826513193557,0.0,0.0106484588006911,0.02147172989478,0.0195144296700584,0.0,0.0,0.0042727717467316,0.0051682318001828,0.0010520203695402,0.0095896260575323,0.0202679506992461,0.0072494463083988,0.025632673233839,0.0,0.0,0.0371343773909706,0.0,0.0210366493690179,0.0314681226384956,0.0037276323420711,0.0,0.0,0.0,0.0,0.0247651402734085,0.0,0.000990383541651,0.0124294631775543,0.0146567688691851,0.0054509215858271,0.0,0.013338778542138,0.0,0.0,0.0,0.0,0.0,0.0,0.0215932168031624,0.0087707260703228,0.0159495058672283,0.0,0.0,0.0083227818473151,0.0237545510956686,0.0,0.0,0.0113394129224628,0.0,0.0,0.0,0.0030310162943281,0.0024437086290628,0.0091699521821439,0.0,0.0,0.0026306819036946,0.0103570833463091,0.0,0.0,0.0,0.0,0.0,0.0090872189852596,0.0052100473776293,0.0076424376395897,0.0,0.0,0.0178530390168356,0.0,0.0,0.0084869031301676,0.0056550943368527,0.0004508116434168,0.0110128696873605,0.0119311872290254,0.0,0.0004808375123819,0.0,0.0,0.0,0.0,0.0,0.0095040653987798,0.0,0.0041783769161664,0.006915409387465,0.0013112661663521,0.0025869662517925,0.0,0.0030961930001243,0.0,0.0082370449118449,0.0,0.0,0.0,0.0042540561281339,0.0,0.0,0.0,0.0,0.0,0.0,0.0035858508386565,0.003843543082983,0.0,0.0,0.0,0.0,0.0,0.0,0.0,0.0,0.0116106494668084,0.0,0.0040142695095327,0.0,0.00718259973884,0.0,0.0,0.0,0.0,0.0,0.0,0.018377583692706,0.0,0.0,0.0,0.0056490102854599,0.0,0.0,0.0,0.0
sid4715-noisy-COSINE-6463-F_array1_69.wav,0.0,0.0281556097709356,0.1123341647922716,0.0,0.0,0.0,0.0388583939691917,0.0,0.0,0.0,0.0,0.0,0.0,0.0,0.0,0.0,-0.0211930306469816,-0.0308868496808451,-0.0105029985981965,0.0,-0.0144552117998201,-0.0284392079161091,-0.0236872539949163,-0.0307957348986576,-0.0124438869395045,-0.0239244455580367,-0.0252066942336631,-0.0245184240384269,0.0,0.0,0.0,0.0,0.0,0.0,0.0,0.0,0.0,0.0,0.0,0.0,0.0,0.0,0.0,0.0,0.0,0.0,-0.0207923376503135,0.0,0.0,0.0,0.0,-0.0154489542639876,0.0,0.0,0.0,0.0,0.0,0.0,0.0,0.0,0.0,0.0,0.0,0.0,0.0,0.0,0.0,0.0,-0.0130737541381212,0.0,0.0,0.0,0.0,0.0,0.0,0.0,0.0,0.0,0.0,0.0,0.0,0.0,0.0,0.0,0.0300287902599385,0.0265640143038588,0.0,0.0,0.0,0.0,0.0,0.0,0.0,0.0,0.0,0.0,0.0,0.0,0.0,0.0,0.0,0.0,0.0,0.0,0.0,0.0,0.0,0.0,0.0,0.0,0.0,0.0,0.0,0.0,0.0,0.0,0.0,0.0,0.0,0.0,0.0,0.0,0.0,0.0,0.0298116461002515,0.0,0.0,0.0,0.0,0.0,0.0,0.0,0.0,0.0,0.0,0.0,0.0,0.0,0.0,0.0,0.0,0.0,0.0,0.0,0.0,0.0,0.0,0.0,0.0,0.0,0.0,0.0,0.0,0.0,0.0,0.0,0.0,0.0,0.0,0.0,0.0
sid0597-clean-COSINE-1278-F_close_193.wav,0.0,0.0,0.0,0.0,0.0,-0.0499922492005897,0.0,0.0,0.0,0.0214370510341225,0.0,0.0,0.0,0.0,0.0,0.0183730145816917,0.016274684271421,0.0,0.0,0.0,0.0,0.0,0.0,0.0,0.0,0.0,0.0,0.0,0.0,0.0,0.0,0.0,0.0,0.0,0.0,0.0,0.0,0.0,0.0,0.0,0.0,0.0,0.0,0.0,0.0,0.0,0.0,0.0,0.0,0.0,0.0,0.0,0.0,0.0,0.0,0.0,0.0,0.0,0.0,0.0,0.0,0.0,0.0,0.0,0.0,0.0,0.0,0.0,0.0,0.0,0.0,0.0,0.0,0.0,0.0,0.0,0.0,0.0,0.0,0.0,0.0,0.0,0.0,0.0,0.0,0.0,0.0,0.0,0.0,0.0,0.0,0.0,0.0,0.0,0.0,0.0,0.0,0.0,0.0,0.0,0.0,0.0,0.0,0.0,0.0,0.0,0.0,0.0,0.0,0.0,0.0,0.0,0.0,0.0,0.0,0.0,0.0,0.0,0.0,0.0,0.0,0.0,0.0,0.0,0.0,0.0,0.0,0.0,0.0,0.0,0.0,0.0,0.0,0.0,0.0,0.0,0.0,0.0,0.0,0.0,0.0,0.0,0.0,0.0,0.0,0.0,0.0,0.0,0.0,0.0,0.0,0.0,0.0,0.0,0.0,0.0,0.0,0.0,0.0,0.0,0.0
sid1155-anchor-COSINE-1777-F_close_74.wav,0.0,0.0,0.0632350154545805,0.0465246177291967,0.0,0.0,0.0,0.0,-0.0115788968542021,0.0,0.0,0.0,0.0,0.0,0.0,0.0,-0.0366914997328551,0.0,-0.0312077840084831,-0.0254548215749656,-0.0121545817797327,0.0,0.0,0.0,0.0,-0.009151151514665,0.0,0.0,0.0,0.0,0.0,0.0,0.0,0.0,0.0,0.0,0.0,0.0,0.0,0.0,0.0,0.0,0.0,0.0,0.0,0.0,0.0,-0.016720862816739,-0.0173520935758699,0.0,0.0,0.0,0.0,0.0,0.0,0.0,0.0,0.0,0.0,0.0,0.0,0.0,0.0,0.0,0.0,0.0,0.0,0.0,0.0,0.0,0.0,0.0,0.0,0.0,0.0,0.0685755018957817,0.0,0.0,0.0,0.0,0.0,0.0,0.0,0.0,0.0,0.0,0.0,0.0,0.0,0.0,0.0,0.0,0.0,0.0,0.0,0.0,0.0,0.0,0.0,0.0,0.0,0.0,0.0,0.0,0.0,0.0,0.0,0.0,0.0,0.0,0.0,0.0,0.0,0.0,0.0,0.0,0.0,0.0,0.0,0.0,0.0,0.0,0.0,0.0,0.0,0.0,0.0,0.0,0.0,0.0,0.0,0.0,0.0,0.0,0.0,0.0,0.0,0.0,0.0,0.0,0.0,0.0,0.0,0.0,0.0,0.0,0.0,0.0,0.0,0.0,0.0,0.0,0.0,0.0,0.0,0.0,0.0,0.0,0.0,0.0,0.0
sid2837-anchor-COSINE-3792-F_close_108.wav,0.0,0.0065819269265952,0.0,0.0,0.0,0.0,0.0,0.0,0.0022305438705991,0.0069605522517091,0.0064777986752867,0.006574080771801,0.0,0.0,0.0,0.0143817607974428,0.0,0.0,0.0,0.0505383231605344,0.0108376293725276,0.0,0.0137899121746167,0.0406955701966377,0.0,0.0121372651817072,0.0,0.0,0.0155681039634329,0.0054862009469832,0.0,0.009655952389779,0.0,0.0,0.0,0.0064859738368271,0.0011952279409642,0.0,0.0185089113407037,0.0136669310676378,0.0,0.0,0.0,0.0,0.0,0.0,0.0,0.0,0.0,0.0042787523137333,0.0,0.0013152436749324,0.0172884282563914,0.0,0.0,0.0,0.0,0.0271987608521622,0.0,0.0021913315546611,0.0,0.0,0.0,0.0016814842209496,0.0111868362608548,0.0076674643079296,0.0,0.0139531333132077,0.0,0.0,0.0,0.0049901195972816,0.0,0.0040458360552926,0.0,0.0,0.017120725107215,0.0026462750767376,0.0019321615553867,0.0,0.0,0.0,0.0,0.0,0.0,0.0,0.0,0.0,0.0,0.0,0.0086146390593709,0.0,0.0081103208510816,0.0,0.0224416121797551,0.0141126805546384,0.0,0.003528593597888,0.0141838442945705,0.0,0.0,0.0,0.0110277728934939,0.0,0.0023913749910892,0.0,0.0,0.0,0.0,0.0,0.0,0.0011639618221499,0.0,0.0,0.0,0.0,0.0,0.0,0.002475782326753,0.0050583617198805,0.0,0.0,0.0153616228410609,0.0,0.0,0.0,0.0,0.0,0.0,0.0,0.0,0.0,0.0,0.0,0.0,0.0,0.0,0.0,0.0,0.0,0.00643101766591,0.0,0.0,0.0,0.0,0.0,0.0,0.0,0.0046940393869112,0.0,0.0,0.0,0.0063672724337771,0.0,0.0115335626348127,0.0,0.0,0.0027169077339678,0.0,0.0,0.0
sid5044-anchor-COSINE-7275-F_close_3.wav,0.0061044538955129,0.0,0.0,0.0,0.0398473291319807,0.0,0.0,0.0,0.0151401284613359,0.007317306141323,0.014469105671837,0.0,0.0076704284421873,0.0176724077371147,0.0137283203623973,0.0,0.0,0.0,0.0,0.0,0.0,0.0,0.0,0.0,0.0,0.0,0.0,0.0,0.0,0.0,0.0,0.0,0.0089854899417117,0.0,0.0,0.0,0.0,0.0080634791111777,0.0025617778039928,0.0,0.0,0.0,0.0,0.0,0.0,0.0,0.0,0.0,0.0,0.0,0.0,0.0043829349468893,0.0,0.0,0.0,0.0,0.0,0.0,0.0,0.0,0.0,0.0,0.0029028598474391,0.0,0.0,0.0,0.0,0.0,0.0,0.0,0.0,0.0,0.0,0.0,0.0,0.0,0.0,0.0,0.0,0.0,0.0,0.0,0.0,0.0,0.0,0.0,0.0079140245823387,0.0,0.0,0.0,0.0042557497738605,0.0,0.0,0.0,0.0,0.0,0.0,0.0,0.013572311232944,0.0,0.0,0.0,0.0,0.0,0.0,0.0,0.0,0.0,0.0,0.0,0.0,0.0,0.0,0.0,0.0,0.0,0.0,0.0043252308564718,0.0,0.0,0.0,0.0,0.0,0.0,0.0,0.0,0.0,0.0,0.0,0.0117273023182738,0.0,0.0,0.0,0.0,0.0,0.0,0.0,0.0,0.0,0.0,0.0,0.0,0.0,0.0,0.0,0.0,0.0,0.0,0.0,0.0,0.0,0.0,0.0,0.0,0.0,0.0,0.0,0.0,0.0,0.0,0.0
sid3071-anchor-COSINE-3792-F_close_90.wav,0.0,0.0014133905732332,0.0,0.0,0.0,0.0026640494003577,0.0024851904935855,0.0608926868018542,0.0140388140911468,0.0,0.009853773336926,0.0248586078473577,0.0021932899913041,0.0164235592725371,0.0041186425040772,0.0,0.0,0.0031276036352414,0.0,0.0078855180013699,0.0,0.0,0.0,0.0,0.0,0.0,0.0,0.0,0.0,0.0,0.0,0.0024680362996317,0.0022650726950112,0.0,0.0052850444141361,0.0042387667211869,0.0,0.0,0.0024788761533926,0.0,0.0,0.0,0.0016716269595092,0.0,0.0,0.0,0.0,0.0,0.0,0.0,0.0,0.0,0.0,0.0,0.0,0.0,0.0,0.0,0.0073651277045878,0.0146417308370992,0.0,0.0,0.0025884939360404,0.0,0.0,0.0,0.0103679601432376,0.0065466910899931,0.0,0.0,0.0,0.0,0.0,0.0,0.0,0.0,0.0,0.0051924656971169,0.0,0.0,0.0,0.0043880315957252,0.0,0.0006754477880159,0.0,0.0035724788558528,0.0,0.0,0.0,0.0,0.0,0.0,0.0,0.0,0.0069459083414937,0.0,0.0,0.0016816319424236,0.0,0.0,0.0,0.0,0.0064133786696573,0.0,0.0,0.0,0.0,0.0,0.0,0.0,0.0,0.0,0.0,0.0,0.0,0.0,0.0,0.0,0.0,0.0,0.0,0.0,0.0,0.0,0.0,0.0,0.0,0.0,0.0,0.0,0.0,0.0067335831799919,0.0,0.0,0.0,0.0018148032143478,0.0052935104601107,0.0,0.0,0.0,9.502398723935418e-05,0.0073489830421524,0.0,0.0,0.0,0.003930929169009,0.0,0.0,0.0,0.0,0.0,0.0,0.0,0.0,0.0112575644890061,0.0,0.0,0.0,0.0,0.0,0.0
sid2837-clean-COSINE-3792-F_close_108.wav,0.0,0.0,0.0107925185685993,0.0,0.0,0.0,0.0102464669697026,0.0,0.0,0.0128769255194366,0.0,0.0,0.0,0.0,0.0,0.0,0.0093724754635426,0.0225520678310851,0.0,0.0,0.0154707770768523,0.0250164050833324,0.0370444597376565,0.0,0.0120756147000258,0.0,0.0,0.0806442914637046,0.0854627084229274,0.0,0.0233343629526935,0.0387573824910533,0.0,0.0,0.0,0.0,0.0500970777616843,0.0003048768605664,0.0261507765840098,0.0,0.0195780997557152,0.0030157209933456,0.0,0.0,0.0135911391878369,0.0157809620136625,0.0470019646016398,0.0618668812475582,0.0096943559555706,0.0266975905322433,0.0,0.0040004027508264,0.0,0.0,0.0,0.0,0.0,0.0,0.0,0.0070558019548125,0.0,0.0088389437433432,0.017905607377159,0.0126717139752706,0.0,0.0315526628707718,0.0,0.0047342241305179,0.0,0.0,0.0,0.0352379086301276,0.0053271197593184,0.0051479104633742,0.0109447681586032,0.0,0.0,0.0110824550505846,0.0,0.0,0.0,0.0262657412820526,0.002673123437185,0.0179939631106906,0.0099596554099862,0.004233649764301,0.0032740052073077,0.0,0.0,0.001158959275442,0.013335614003963,0.0,0.0,0.0,0.0,0.0,0.0,0.0018310587595357,0.005136324613783,0.0,0.0,0.0,0.0,0.0,0.0,0.0,0.0,0.0015569050014656,0.0,0.0030320546864227,0.0174913337160168,0.0,0.0088503943152783,0.0038937421579075,0.0199820234286212,0.0080070879214307,0.0,0.005425425860096,0.0,0.0,0.0,0.0,0.0,0.012169042669634,0.002230337438739,0.0,0.0042421596210222,0.0,0.0,0.0,0.0,0.0,0.0,0.0048381475726799,0.0,0.0,0.0,0.0,0.0,0.0128857216879582,0.0,0.0163776096507875,0.0042837707934334,0.0,0.0,0.0,0.0,0.0,0.0,0.0025993042585954,0.0,0.0043473236308885,0.0091881110940758,0.0125206735749275,0.0,0.0,0.0044706512846166,0.0092271035425459,0.0014446519743409,0.0,0.0
sid3629-clean-COSINE-4174-F_close_72.wav,0.0,0.0,0.0,0.0,0.0,0.0,0.0,0.0,0.0,0.0,0.0053182262249166,0.0,0.0523561657208088,0.0,0.0,0.0,0.035309963435859,0.0,0.0280174977174447,0.0,0.0461464462056711,0.009122332962831,0.0,0.0,0.0741301242362473,0.0,0.0301090274261437,0.0304689617926202,0.0285377858586058,0.0362172508716492,0.0010241054319649,0.0041897746772939,0.0273420084901528,0.0,0.0106277837935815,0.0084964185394811,0.0315111943247014,0.0,0.0008643239417175,0.0,0.0054605283979167,0.0,0.0,0.0045834494575457,0.0,0.007994148824724,0.0,0.0,0.0112982219028285,0.0020875254738091,0.0037968834346755,0.0,0.0183670392484388,0.0057290320787813,0.0,0.0,0.0,0.0,0.0,0.0,0.0,0.0,0.0,0.0,0.0,0.0,0.0,0.0,0.0,0.0,0.0,0.0,0.0,0.0,0.0,0.0030719044617407,0.0107231555048274,0.0062036906250891,0.0309284362523032,0.0132815818601469,0.0052087566308884,0.0,0.0,0.0,0.0,0.0139188340127528,0.0,0.0,0.00983334079521,0.0,0.0,0.0095716280031245,0.0,0.0240084468100251,0.0,0.0015596747268419,0.0,0.0,0.0,0.0,0.0,0.0,0.0,0.0,0.0,0.0087950478683266,0.0,0.0148488314778001,0.0,0.0,0.0,0.0,0.0,0.0,0.0,0.0,0.0,0.0,0.0,0.0,0.0,0.0,0.0,0.0,0.0,0.0,0.0,0.0,0.0,0.0,0.0,0.0,0.0,0.0,0.005220390253915,0.0,0.0,0.0,0.0,0.0,0.0080412552016995,0.0,0.0028689976408483,0.0,0.0,0.0,0.0064912382206991,0.0,0.0,0.0,0.0,0.0,0.0,0.0,0.0,0.0,0.0,0.0,0.0,0.0,0.0
sid1490-anchor-COSINE-2406-F_close_132-truncated.wav,-0.0052330357177937,0.0657385853252607,0.0,0.0,-0.0086662070177235,0.0,0.0,0.0,-0.0022237336024427,-0.0148132003487854,-0.0116063025436298,-0.0106327172758001,-0.0134145398468612,-0.0166253272245417,0.0,0.0,0.0,0.0,0.0,-0.0113502755659231,0.0,0.0,0.0,-0.0067134035197931,-0.0210758664167516,-0.0081511845131434,0.0,0.0,0.0,-0.0086935729718347,0.0,0.0,0.0,0.0,0.0,0.0,0.0,-0.0172081530957611,0.0,-0.0051012280365156,0.0,-0.0100984662725853,0.0,0.0,0.0,-0.0240885878356071,0.0,0.0,-0.01471282326852,-0.0120214842532614,0.0,0.0,-0.0023474695546664,-0.0154754636917607,0.0,0.0,0.0,0.0,-0.0109319690657528,0.0,0.0,-0.0102702448967064,0.0,0.0,0.0,-0.0331751279325231,0.0,0.0,0.0,0.0,0.0,0.0,0.0,0.0,0.0,0.0,0.0,0.0,0.0,0.0,0.0,0.0,0.0,0.0,0.0,0.0,-0.0057439623657834,0.0,0.0,0.0,0.0,0.0,0.0,0.0,0.0,0.0,0.0,0.0,0.0,0.0,0.0,0.0,0.0,0.0,0.0,0.0,0.0,0.0,0.0,0.0,0.0,0.0,0.0,-0.0085263137552409,0.0,-0.0112726902554095,0.0,-0.0110193399692427,0.0,0.0,0.0,0.0,0.0,0.0,0.0,0.0,0.0,0.0,-0.0075571905416795,0.0,0.0,0.0,-0.0060219436317599,0.0,0.0,0.0,0.0,-0.0125449274332265,0.0,0.0,0.0,0.0,0.0,0.0,0.0,0.0,0.0,0.0,0.0,0.0,0.0,0.0,0.0,0.0,0.0,-0.0078526094601179,0.0,0.0,0.0,0.0,-0.0065826168462144
sid2117-noisy-COSINE-2828-M_array1_51.wav,0.0,0.0,0.0,0.0280856468482037,0.0,0.0,0.0,0.0,0.0,0.015640034456728,0.0,0.0,0.0,0.0,0.0,0.0,0.0,0.0,0.0,0.0,0.0,0.0,0.0,0.0,0.0,0.0,0.0,0.0,0.0,0.0,0.0,0.0,0.0,0.0,0.0,0.0,0.0,0.0,0.0,0.0,0.0,0.0,0.0,0.0,0.0,0.0,0.0,0.0,0.0,0.0,0.0,0.0,0.0,0.0,0.0,0.0,0.0,0.0,0.0,0.0,0.0,0.0,0.0,0.0,0.0,0.0,0.0,0.0,0.0,0.0,0.0,0.0,0.0,0.0,0.0,0.0,0.0,0.0,0.0,0.0,0.0,0.0,0.0,0.0,0.0,0.0,0.0,0.0,0.0,0.0,0.0,0.0,0.0,0.0,0.0,0.0,0.0,0.0,0.0,0.0,0.0,0.0,0.0,0.0,0.0,0.0,0.0,0.0,0.0,0.0,0.0,0.0,0.0,0.0,0.0,0.0,0.0,0.0,0.0,0.0,0.0,0.0,0.0,0.0,0.0,0.0,0.0,0.0,0.0,0.0,0.0,0.0,0.0,0.0,0.0,0.0,0.0,0.0,0.0,0.0,0.0,0.0,0.0,0.0,0.0,0.0,0.0,0.0,0.0,0.0,0.0,0.0,0.0,0.0,0.0,0.0,0.0,0.0,0.0,0.0,0.0
sid3314-clean-COSINE-3904-M_close_104-truncated.wav,0.0134760992600522,0.0105851040033357,0.0,0.0,0.0025310457396041,0.0,0.0,0.0,0.0,0.0,0.0,0.005220818765069,0.0086950701005809,0.0014011822366875,0.0028825027967041,0.0,0.0,0.0,0.0035952517656974,0.0026799885154153,0.0257371704542184,0.0257067339521043,0.0,0.0,0.0206899783193862,0.0044209343154894,0.0318897020795433,0.0,0.033870408718447,0.0405928739991253,0.0,0.0152247423695649,0.0,0.0209873811646441,0.0,0.0023041043861515,0.0,0.0,0.0,0.0,0.0,0.0,0.0,0.0,0.0,0.0,0.0024324498250981,0.0,0.0,0.0,0.0059065487211207,0.0,0.0,0.0072731960959684,0.0,0.0,0.0,0.0272301027400763,0.0025703643997819,0.0,0.0133830217259435,0.0,0.0,0.0082000731067259,0.0147340511948053,0.0,0.0041778061311934,0.0,0.0073043163526862,0.0,0.0,0.0,0.0,0.0,0.0,0.0,0.0,0.0,0.0,0.0,0.0,0.0087901190935427,0.0,0.0096154232438942,0.0,0.0,0.0,0.0,0.0,0.0,0.0027464453124102,0.0070533029161158,0.0,0.0,0.0,0.0,0.0,0.0,0.0028578435623671,0.0,0.0,0.0,0.0,0.0,0.0,0.0,0.0,0.0,0.0,0.0,0.0043758114266798,0.0,0.0,0.0134542314698025,0.0,0.0,0.007997774549141,0.0,0.0,0.0007402466684578,0.0,0.0,0.0,0.0108319836116414,0.0,0.0,0.0,0.0008171893471644,0.0,0.0037483370632819,0.0,0.0,0.0,0.0,0.0,0.0,0.0,0.0,0.0,0.0158832013697011,0.0,0.0,0.0,0.0,0.0,0.0,0.0,0.0,0.0,0.0,0.0,0.0,0.0,0.0,0.0,0.0,0.00197677322366,0.0068510486524013,0.0,0.0,0.0
sid4977-anchor-COSINE-7111-M_close_49.wav,0.0,0.0,0.0,-0.0022009826560144,0.0,0.0,0.0,0.0,-0.0165267452251547,-0.0271450640634132,0.0,-0.0080249639404593,0.0,-0.0098914213191114,0.0,0.0,0.0,0.0,-0.0202490773712546,-0.0310823825653114,-0.0246667825390334,-0.0153017553764469,0.0,0.0,0.0,-0.0008051627565681,0.0,0.0,-0.0274428781868834,0.0,-0.0100595065617577,-0.0250707691725943,-0.017189341325942,-0.0067182137192018,0.0,-0.0065461004757173,-0.0038915986660716,0.0,-0.0330630043763631,0.0,0.0,-0.0036080194156952,-0.0026503049046655,0.0,0.0,0.0,0.0,0.0,-0.0074404145372771,0.0,0.0,0.0,-0.0170157538923245,-0.0055246503632365,0.0,-0.0132770447502723,0.0,0.0,-0.0052034894149529,0.0,-0.008533439546391,0.0,0.0,0.0,-0.0009206348357174,-0.0031362685085936,0.0,0.0,0.0,-0.001888798541312,0.0,0.0,-0.0036583474790254,0.0,-0.0035468913047714,-0.0200899711419518,0.0,-0.009933268837151,-0.0065335981414743,-0.001640677452989,0.0,-0.0071512235321613,0.0,0.0,-0.0075610929342093,-0.0010346242081855,0.0,-0.0012828025198211,0.0,0.0,0.0,0.0,-0.0033363998948565,-0.0115672693316494,-0.0121736776821974,0.0,0.0,-0.008979957717609,0.0,0.0,-0.005314751581156,0.0,0.0,0.0,0.0,0.0,0.0,0.0,0.0,0.0,0.0,0.0,0.0,0.0,0.0,-0.0013171112154393,0.0,0.0,0.0,0.0,0.0,0.0,0.0,0.0,0.0,-0.0020609367141008,0.0,0.0,0.0,0.0,0.0,-0.0027831238603523,0.0,0.0,-0.0064302702394856,0.0,-0.0043317226543389,0.0,0.0,0.0,0.0,0.0,0.0,0.0,0.0,0.0,0.0,0.0,0.0,0.0,-0.0009612903882057,0.0,0.0,-0.0045685335197723,0.0,0.0,0.0,0.0,0.0,0.0,0.0
sid2938-noisy-COSINE-3792-F_array1_206.wav,-0.0016100466247156,0.0,0.0,-0.0004872484931685,0.0,0.0,0.0,0.0,0.0,0.0,0.0,0.0,-0.0010320457729498,0.0,0.0,0.0,0.0,-0.0010218831755848,0.0,-0.1286056478789373,-0.042443288557859,0.0,-0.0016368858699768,-0.0018816316385549,-0.0016318609185472,0.0,-0.01339415986452,0.0,-0.0018077323674045,0.0,-0.0019332665290603,-0.0015157883074687,0.0,0.0,-0.0026858277998738,0.0,0.0,0.0,-0.0082360267716824,0.0,-0.019451823079639,-0.0034556107133944,-0.0094192931832301,-0.000517933873424,-0.0205021068950012,-0.0036695870802668,-0.0217046623443983,-0.022426382062244,-0.0346988203372156,-0.0276084254727129,0.0,-0.0319750117677939,-0.0225150514077979,-0.0199210886577902,0.0,-0.0184095263518504,0.0,-0.0134314112728393,0.0,0.0,0.0,-0.0028005915274143,-0.0078223339111541,-0.0046281851202909,-0.0013377184274606,-0.0084177893016219,-0.0015161467858818,0.0,0.0,-0.0048483717838385,0.0,-0.0015660916192508,0.0,0.0,-0.009180114084228,-0.0037615636995861,0.0,-0.0062546809311736,-0.0056370398401145,-0.0082561538545437,-0.0190605677392311,0.0,-0.0181176234774624,-0.0064754743923064,-0.0216394551519712,-0.019310093035745,0.0,-0.008240796648301,0.0,-0.0030829896423975,-0.005295693910663,0.0,0.0,0.0,0.0,0.0,0.0,0.0,0.0,0.0,0.0,-0.0015277775430987,-0.0016101006713801,0.0,0.0,0.0,0.0,-0.0017192502905017,0.0,-0.0053108381486659,0.0,0.0,-0.0088227842511748,0.0,0.0,-0.0005118940878069,0.0,0.0,0.0,-0.0091941045052159,0.0,0.0,0.0,0.0,0.0,0.0,0.0,-0.0007549151009956,-0.0033558939236226,0.0,-0.0022988299079462,-0.0003492994986247,-0.0057363076643135,0.0,0.0,0.0,-0.0029225832450737,0.0,0.0,-0.0008810008575415,-0.0024475191571189,0.0,0.0,0.0,0.0,0.0,0.0,0.0,-0.0070662499465368,0.0,0.0,0.0,0.0,0.0,0.0,0.0,0.0,-0.00194581054081,-0.0012584007895647,0.0,0.0
sid5175-anchor-COSINE-7321-M_close_157.wav,-0.0022866437753739,0.0,0.0,0.0,0.0,0.0,-0.0334812786652578,0.0,-0.0079928137902314,0.0,-0.0004913510094586,0.0,0.0,-0.007425266701258,0.0,0.0,-0.0007580775801514,0.0,-0.0119168543055231,-0.0013628559431039,-0.0126242794100939,-0.0035880955701273,-0.0062254536631355,0.0,-0.0014498083897813,0.0,-0.0176004088821379,0.0,0.0,0.0,-0.0130668136555534,0.0,0.0,-0.0217400584558827,-0.0153777270128587,-0.0045674123229047,0.0,0.0,-0.0025820343391574,0.0,0.0,-0.0049244973056631,-0.0119988554810423,0.0,-0.0242729489043054,-0.0015525823406908,-0.0114057975884895,0.0,0.0,0.0,0.0,-0.0090047578224629,0.0,0.0,0.0,0.0,0.0,0.0,0.0,0.0,-0.0036725897753662,-0.0072350335699889,-0.0054687209287439,0.0,0.0,-0.0053170191593334,-0.0075615104602121,0.0,0.0,0.0,0.0,-0.0108292437526505,-0.0135319634220077,0.0,-0.0114121354857637,0.0,-0.0145352061780683,-0.0176439360865168,-0.0031658481836987,0.0,0.0,-0.0018185180614429,0.0,0.0,0.0,0.0,0.0,0.0,0.0,0.0,0.0,0.0,0.0,0.0,0.0,-0.0015112575770425,-0.0080077513808395,-0.0059620173294687,0.0,0.0,0.0,-0.0006059505735794,0.0,0.0,0.0,0.0,-0.0040024902815555,0.0,0.0,-0.0053898500782997,0.0,-0.0025699870897001,0.0,0.0,0.0,0.0,-0.0013093042090367,0.0,-0.0003048972793164,0.0,0.0,0.0,0.0,0.0,0.0,0.0,0.0,0.0,0.0,-0.0010731227808687,-0.0009804664896445,0.0,0.0,0.0,-0.0047371028464899,0.0,0.0,-0.0044314353095407,0.0,0.0,0.0,0.0,0.0,0.0,0.0,0.0,0.0,0.0,0.0,0.0,0.0,0.0,-0.0052533621372416,0.0,0.0,0.0,0.0,0.0,0.0,0.0,0.0
sid3188-anchor-COSINE-3826-M_close_206.wav,0.0091492836371049,0.0,0.0864033570198525,0.0640716543518602,-0.0713507618672071,0.0,0.0,0.0239372833156728,0.0,0.0,0.0,0.0,0.0039574393696193,0.0,0.0,0.0,0.0,0.0,0.0,0.0,0.0107807181426379,0.0,0.0,0.0,0.0,0.0040480749038245,0.0,0.0265791341376291,0.0,0.0,0.0,0.0,0.0265665036704319,0.0,0.0,0.0,0.0,0.0254013457156089,0.0,0.00529046359374,0.0126314808357794,0.0,0.0,0.0,0.0,0.0,0.0,0.0,0.0,0.0,0.0,0.008308745151553,0.0,0.0,0.0,0.0,0.0,0.0,0.0195338839803726,0.0,0.0132425657933547,0.0,0.0,0.0,0.0258279902071171,0.0,0.0,0.0,0.0,0.0,0.0063272221091291,0.0,0.0,0.0,0.0,0.0,0.0,0.0,0.0,0.0,0.0,0.0,0.0,0.0,0.0292179153266594,0.0,0.0,0.0,0.0,0.0,0.0366939712296278,0.0,0.0,0.0,0.0,0.0,0.0,0.0016274579893919,0.0,0.0,0.0,0.0,0.0,0.0,0.0,0.0,0.0,0.0,0.0,0.0,0.0151568909565453,0.0,0.0,0.0,0.0,0.0,0.0,0.0,0.0162777278979172,0.0,0.0,0.0140401610674599,0.0,0.0,0.0,0.004644856292218,0.0,0.0,0.0,0.0,0.0,0.0,0.0,0.0,0.0091555811184325,0.0069825255586559,0.0207028061452522,0.0,0.0,0.0024520656982856,0.0,0.0,0.0,0.0,0.0,0.0077432546543764,0.0,0.0,0.0,0.0,0.0,0.004560260603525,0.0071670859547068,0.0,0.0,0.0113723346110383,0.0149125904692507,0.0,0.0325801355618219,0.0,0.0
sid2789-noisy-COSINE-3381-F_array1_57.wav,0.0,0.0,0.0,-0.0005570441368348,0.0,-0.0681833062113711,-0.0512001573794748,-0.0015388560840666,-0.0215361029070852,-0.0098469357381977,0.0,0.0,0.0,0.0,0.0,0.0,0.0,0.0,0.0,0.0,0.0,0.0,-0.0032432572611927,0.0,0.0,0.0,-0.000523290265777,-0.0021252821380572,-0.0038851809462868,-0.0037648985112697,0.0,0.0,-0.000810363392173,0.0,-0.0017225400869579,-0.0082477985764569,0.0,0.0,-0.0060768182279606,-0.0011975581027902,-0.0334852333880907,-0.0325386698146129,-0.0110364103676699,0.0,0.0,-0.0049735454884117,-0.003068422779262,-0.0096960574412985,0.0,-0.0328000860958392,0.0,-0.0310279742788739,-0.0466153794880744,-0.0347397954107906,0.0,-0.0214688831965286,-0.0198706550431089,-0.0258912342232385,-0.0245367564097718,0.0,-0.0120110847202656,-0.0061017736932436,-0.007500526552056,-0.0070405926610503,0.0,0.0,-0.0050147117575732,-0.003135225049023,0.0,0.0,0.0,-0.0026809215815516,-0.0112412368366385,0.0,-0.0104093436835456,0.0,-0.0039809513571361,0.0,0.0,0.0,-0.0049845120165375,0.0,0.0,0.0,-0.0011782429939573,-0.0009991957468695,-0.0019393141218715,-0.0005524662418778,0.0,-0.0035892272804277,0.0,-0.0082224639789104,0.0,0.0,0.0,-0.0052650725773199,0.0,0.0,0.0,0.0,0.0,-0.003510563537884,0.0,0.0,0.0,-0.0026145868308453,0.0,0.0,0.0,0.0,-0.0015530135340203,0.0,0.0,0.0,0.0,-0.0026190917253849,0.0,0.0,0.0,0.0,-0.0018013683220483,-0.0035729934474586,0.0,0.0,0.0,0.0,-0.001499908884404,0.0,0.0,0.0,0.0,0.0,0.0,0.0,0.0,0.0,0.0,0.0,-0.0017504369101977,0.0,0.0,0.0,0.0,0.0,0.0,0.0,0.0,0.0,0.0,0.0,0.0,0.0,0.0,0.0,-0.0042816412902522,0.0,0.0,0.0,0.0,0.0,0.0
