file,freqbin_0,freqbin_1,freqbin_2,freqbin_3,freqbin_4,freqbin_5,freqbin_6,freqbin_7,freqbin_8,freqbin_9,freqbin_10,freqbin_11,freqbin_12,freqbin_13,freqbin_14,freqbin_15,freqbin_16,freqbin_17,freqbin_18,freqbin_19,freqbin_20,freqbin_21,freqbin_22,freqbin_23,freqbin_24,freqbin_25,freqbin_26,freqbin_27,freqbin_28,freqbin_29,freqbin_30,freqbin_31,freqbin_32,freqbin_33,freqbin_34,freqbin_35,freqbin_36,freqbin_37,freqbin_38,freqbin_39,freqbin_40,freqbin_41,freqbin_42,freqbin_43,freqbin_44,freqbin_45,freqbin_46,freqbin_47,freqbin_48,freqbin_49,freqbin_50,freqbin_51,freqbin_52,freqbin_53,freqbin_54,freqbin_55,freqbin_56,freqbin_57,freqbin_58,freqbin_59,freqbin_60,freqbin_61,freqbin_62,freqbin_63,freqbin_64,freqbin_65,freqbin_66,freqbin_67,freqbin_68,freqbin_69,freqbin_70,freqbin_71,freqbin_72,freqbin_73,freqbin_74,freqbin_75,freqbin_76,freqbin_77,freqbin_78,freqbin_79,freqbin_80,freqbin_81,freqbin_82,freqbin_83,freqbin_84,freqbin_85,freqbin_86,freqbin_87,freqbin_88,freqbin_89,freqbin_90,freqbin_91,freqbin_92,freqbin_93,freqbin_94,freqbin_95,freqbin_96,freqbin_97,freqbin_98,freqbin_99,freqbin_100,freqbin_101,freqbin_102,freqbin_103,freqbin_104,freqbin_105,freqbin_106,freqbin_107,freqbin_108,freqbin_109,freqbin_110,freqbin_111,freqbin_112,freqbin_113,freqbin_114,freqbin_115,freqbin_116,freqbin_117,freqbin_118,freqbin_119,freqbin_120,freqbin_121,freqbin_122,freqbin_123,freqbin_124,freqbin_125,freqbin_126,freqbin_127,freqbin_128,freqbin_129,freqbin_130,freqbin_131,freqbin_132,freqbin_133,freqbin_134,freqbin_135,freqbin_136,freqbin_137,freqbin_138,freqbin_139,freqbin_140,freqbin_141,freqbin_142,freqbin_143,freqbin_144,freqbin_145,freqbin_146,freqbin_147,freqbin_148,freqbin_149,freqbin_150,freqbin_151,freqbin_152,freqbin_153,freqbin_154,freqbin_155,freqbin_156,freqbin_157,freqbin_158,freqbin_159,freqbin_160
sid4173-anchor-COSINE-5534-F_close_177.wav,-0.0019445388763028,0.0,-0.0078003945661082,-0.0039273443000477,0.0044471769236158,-0.003700051376399,0.0025498181128347,-0.0039425302934779,-0.0048508598683762,-0.0039532563661917,0.0033928685622354,-0.0056343625369864,-0.003282608160396,-0.0095522919840439,-0.0081781785937572,-0.0032964552415895,0.0019718322392028,-0.0063651073892215,0.0023972319637193,-0.003821267494647,0.0033265881052562,-0.0061709459399278,-0.005345603390168,-0.0052310464392135,-0.0010575692808339,-0.0075470057330932,-0.0066259806868045,-0.0069059423390966,-0.019464266044307,-0.0242520897165719,0.0042971650551304,-0.0048070067138425,0.0292001522602634,-0.0085074848955052,0.0070895917588636,-0.0106873701604611,0.0012956423417703,0.0018624032087464,-0.0149000403856357,0.0009128323493159,-0.0083753486092556,-0.0019384508015403,0.0022847370025922,0.0014832416372042,-0.00500832094633,-0.0012328004649501,-0.0102063163399532,0.0017359967893583,-0.0061033512184716,-0.0047720831703186,-0.0067310393178749,-0.0120148929560315,-0.0041219769983011,-0.0583656962746987,0.0067060513555887,-0.0145541821894819,0.0034969856386823,0.011919538825342,0.0035800389966829,-0.0030220388984697,0.0030058024325215,-0.0019934929622366,0.0006932859899111,-0.0023320984307097,0.0012744046870505,0.0026328216058207,0.0026957035309329,-0.0283875575912618,-0.0083155706076196,0.0,-0.0025946346268055,-0.0036447670998588,-0.0096520326797647,0.0074125973931042,-0.0020690539156531,0.0088530149955875,-0.0029366325748862,-0.006407329200106,-0.0022293808359627,-0.0061267555655954,0.0091178835319821,-0.0028904430313089,-0.0058559502534555,-0.0145835979106359,-0.0056166653702467,-0.0011713773928725,-0.0006103655574341,0.0041283712552712,-0.0018737147219727,-0.0016770166043673,-0.0087553828745971,-0.0029793809870729,0.0019320994929134,-0.0047500098265575,-0.0044461260349266,-0.0038393217435857,-0.0024519279580149,-0.0030290019423668,-0.0038413511223092,9.241401146413354e-05,-0.006766407250311,-0.0030886988605657,0.0009711806210539,-0.0025383976860632,0.0024298931881345,-0.0069936349388738,0.0037157177561557,-0.009374353978671,0.0039851427963026,-0.0027300157752366,-0.0035859800042792,-0.0098753852993723,-0.0087900404752823,0.0,-0.0234167036742671,-0.0011683370299155,-0.0175648232567612,0.0019930893407457,-0.0042836247526779,-0.001327772032432,-0.0041789298564247,-0.0110885197766254,-0.0106459231298898,-0.0060397816812742,-0.0006721554146148,-0.0172349816039706,-0.0068356640375791,-0.0057104140967967,-0.0046120362056373,-0.0033151301811186,-0.0007931408514765,-0.007156394996675,-0.0008749810415565,-0.0190380938360296,-0.0189528151332522,0.0070635200278738,-0.0015545395957182,0.0028464619399138,-0.0047995320313765,-0.011583691333849,-0.0019670278394378,-0.0122744809075993,-0.0084416311683581,-0.0016952143959032,0.0,-0.0025474514208868,0.0040892720372128,-0.007181313987903,-0.0021767979443825,-0.0069285688297103,0.0018757244922154,0.0321370553380973,-0.0053397556012908,-0.0025950170069997,0.0057127277353241,-0.0056381644304805,-0.0010863273900332,-0.0037363296813964,0.0017878288191488,-0.0033019247374946,0.0377982209560603
sid4757-anchor-COSINE-7000-F_close_113.wav,0.0,0.0,-0.0040311642975563,-0.002605159590358,-0.0116864995666526,0.0,0.0,-0.0058116705986826,0.001424574641934,0.0182977185432035,0.0301422674485172,0.0644077135644562,0.0123051304778072,-0.0123965586150666,-0.0464198812751352,-0.1212337152814502,-0.1004775835732501,-0.0056994852810209,0.0,-0.0431718485608106,-0.0051503134701702,0.0,0.0,0.0,0.0,0.0,0.0,-0.0154291901796691,0.0,0.0,0.0,0.0,0.0,0.0,-0.0259880338638652,0.0,0.0,-0.0121081190391896,-0.0273133200841079,-0.0011922269754534,-0.0058187394470553,0.0,0.0,-0.0113965722519423,0.0,0.0089466064767878,0.0,0.0,0.0,-0.0131128650479638,0.0,-0.0060057674803445,0.0,0.0,-0.0081891189286016,0.011518561422509,0.0,0.0,0.0,0.0,0.0107027005766162,0.0,-0.0100546176309533,0.0,-0.0126218785742419,0.0,-0.0116726708130782,0.0,0.0,-0.006132334980836,-0.0091925902612324,0.0,-0.0129029152721186,-0.011107981341368,0.0,0.0,-0.010300661833378,0.0,0.0,-0.0151158347847752,0.0,0.0,-0.0084420653680604,-0.0108683429002214,0.0,-0.0149511899662662,-0.0038421473556276,-0.0138129345129178,0.0,-0.0050991583195387,0.0,-0.0107880143245716,0.0,0.0,-0.0068984459105636,0.0,0.0,0.0,0.009626132947653,-0.008823126982873,-0.0030033221702765,0.0,0.0,0.0,-0.0093678598942716,0.0177551542932324,0.0,0.0133419372781211,0.0210532729559266,0.0,0.0,0.0,0.0,0.0171393637461951,0.0,0.0110590015912496,0.0155265212742743,-0.0037101787073944,0.0,-0.0035762441934379,-0.0193940736768994,0.0,-0.0009285701532242,0.0,0.0,0.0,-0.0036062519075381,-0.0127678902896165,0.0,-0.0185081557982261,-0.0073678342280153,0.0,0.0,0.0,0.0,-0.0147120299547717,0.0,0.0,0.0122157683743372,-0.0140780601297143,-0.0064709503025989,-0.0195204950963414,-0.006482479029373,0.0,0.0,-0.0060599121605982,0.0,0.0,-0.0030496744213387,-0.0046825086239968,0.0,-0.0290721870305394,-0.0060095836073637,-0.014095964278921,-0.0134501285137613,0.0,-0.0135400547504146,0.0,-0.0107332414939207,-0.0248212761811526,-0.015450527279969
sid3359-anchor-COSINE-3904-M_close_153.wav,0.0,0.0,-0.0224904258337172,-0.0180194267306232,0.0,0.0,0.0,0.0,-0.0280611119375297,0.0,0.0,0.0,0.0,0.0253399162945216,0.0513450438144461,0.0339542142741019,0.0244136599103495,0.0234190623809461,0.0191784438372257,0.0,0.0,0.0,0.0,0.0,0.0,0.0,0.0,0.0,0.0,0.0,0.0,0.0,0.0,0.0,0.0,-0.0137358810311149,0.0,0.0,0.0,0.0,0.0,0.0,0.0,0.0,0.0,0.0,0.0,0.0,0.0,0.0,0.0,0.0,0.0,0.0,0.0,0.0,0.0,0.0,0.0,0.0,0.0,0.0,0.0,0.0,0.0,0.0,0.0,0.0,0.0,0.0,0.0,0.0,0.0,0.0,0.0,0.0,0.0,0.0,0.0,0.0,0.0,0.0,0.0,0.0,0.0,0.0,0.0,0.0,0.0,0.0,0.0,0.0,0.0,0.0,0.0,0.0,0.0,0.0,0.0,0.0,0.0,0.0,0.0,0.0,0.0,0.0,0.0,0.0,0.0,0.0,0.0,0.0,0.0,0.0,0.0,0.0,0.0,0.0,0.0,0.0,0.0,0.0,0.0,0.0,0.0,0.0,0.0,0.0,0.0,0.0,0.0,0.0,0.0,0.0,0.0,0.0,0.0,0.0,0.0,-0.0134843243298035,0.0,0.0,0.0,0.0,0.0,0.0,0.0,0.0,0.0,0.0,0.0,0.0,0.0,0.0,0.0,0.0,-0.0222098633675745,0.0,0.0,0.0,0.0
sid5417-noisy-COSINE-7408-M_array1_76.wav,0.0,-0.0272516431382727,0.0,0.0246454139640359,-0.0392004857486537,0.0070008623693139,-0.0181971314280824,0.0,0.0,0.0,-0.0225360206552797,0.0,0.0,0.0,0.0,-0.0426277868295899,-0.0248317393063608,0.0107355725041069,0.0,0.0155576099800613,0.0117565487900988,0.0144762095601891,0.0,0.0181148119590846,-0.0159152998883971,-0.0100378137655512,0.0122689702012022,0.0160842395337668,0.0,0.0243156998435255,0.0,0.0091494674113107,-0.0245092326362912,0.0,0.0,0.0,0.0195259949138258,0.0083814943021774,0.0098284981316451,0.0,0.0,0.0,-0.003368298903476,0.0,0.0,0.0,0.02088656086205,0.0,0.0,0.0,0.0,0.0053148222185846,-0.0111220879796193,0.0168892190999018,0.0285757746132408,0.009651162999496,-0.0091128833745086,-0.0091631822683388,-0.0294448796219806,0.0,-0.0229569794170564,-0.0224422958780329,-0.0276300874115966,-0.0284743820160556,-0.0070492262714528,0.0,0.0,-0.00916104033148,0.0,0.0,0.0,0.0,-0.0049176938766708,0.0,0.0,0.0,-0.0052729586325417,0.0095258154212605,0.0,0.0,-0.0057152028523992,0.0095682489827995,0.0,0.0079272861454599,0.020942827203024,0.018781447443189,0.0,0.0,0.0250717531549045,0.0,0.0,0.0,0.0,0.0084670468255794,-0.0029854658562489,0.0,0.0,0.0,-0.0125688254174466,0.0,0.0,0.0,0.0,0.0,0.0,0.0161245754592135,0.0,-0.0044156848549807,0.0,0.0,0.0,-0.0167202312829096,0.0,-0.0041725794801578,0.0,-0.0039702406522937,0.0,0.0,-0.0053458927997945,-0.0154373963571089,0.0,-0.0087713638801108,-0.0100701721621964,-0.0140267996265566,-0.0130991331945846,0.0146281523950103,0.0,0.0,-0.0190372759903129,0.0,0.0,-0.0090083217997179,-0.0208475174485773,-0.0169055433908392,-0.0210790388920634,0.0,-0.0134292458973453,0.0,0.0,0.0,0.0,-0.0066975347618284,-0.0093647328693759,0.0,0.0,0.0,-0.0080925342489751,-0.0089525357516955,-0.0045876828172925,-0.0089915061320502,0.0,0.0,0.0236396824098356,0.0,-0.0188165565536841,0.0,0.0300667854809841,0.0,0.0,0.0,0.0139693717000984
sid4331-clean-COSINE-5897-F_close_166.wav,0.0,-0.0069784262965985,0.0,0.0,0.0,0.0,0.0,0.0239540481010297,0.0,0.0182299578010232,0.0,0.0,0.0,0.0,0.0098911261426616,0.0,0.0076400045134663,0.0278429587936023,0.0,0.0116857427287422,0.0,0.0,0.0,0.0,0.0,-0.0104269499666249,0.0238098030401952,-0.016945773274869,-0.0102246867136853,0.0,0.0,-0.0040673449662635,-0.0087712517387696,0.0,0.0,0.0353803254517102,-0.0113338262113506,-0.039231312692121,-0.0348054660457451,0.0,0.0082193116920928,-0.0098349049030289,-0.0327752895218768,0.0,0.0,0.0,-0.0155986580639357,0.0,0.0,0.0,-0.0090711061427778,-0.012590595944891,-0.0269324544435154,0.0046872543009033,0.0121076006571127,0.0105887137239496,0.0,0.0,0.0,0.0,0.0067364291110162,0.0,0.0161873521756161,0.0,0.0,0.0,0.0,-0.0081711654182076,0.0083408691855587,0.0,0.0,0.0,0.0,0.0,-0.010241166876896,0.0,0.0,-0.002953966344462,0.0,0.0,0.0,-0.0098548321467839,0.0,-0.0082013744119292,0.0,0.0,0.0,0.0088660824229468,0.0044113188701043,0.0109889294962618,0.0,0.0,0.0,0.0,-0.0117633354700534,-0.0073851244156551,0.0,0.0,0.0,-0.0064968620333872,0.0,0.0,-0.0090638594905054,0.0,-0.007447700230793,0.0125359263188527,0.0,0.0,0.0,0.0,0.0,-0.0087180353584695,-0.0073312904533251,0.0,-0.0097284126753649,-0.0109695550446126,0.0,0.0,0.0,0.0,-0.0123622280982406,0.0078301927400223,0.0,-0.0083392187158882,0.0101845540973073,0.0063380945219855,0.0,0.0,0.0,0.0,0.0,0.0,0.0167717909782262,0.0,0.0,0.0,0.0104760070417999,0.0,0.0,0.0117380489245828,0.0,0.0121799480266169,0.0,0.0,0.0088443163585973,0.0,0.0,0.0,0.0,0.0,0.0,0.0,0.0,0.0,-0.0112494869409258,-0.0060592782616087,0.0,0.0,0.0,0.0,-0.0099519644432195
sid2144-noisy-COSINE-2828-M_array1_82-truncated.wav,0.0,0.0,0.0,0.0,-0.0026074319288188,-0.0097613677704853,-0.007452903456616,0.0290743577006978,0.0217265891376244,0.0,0.0,0.0,0.0,0.0,0.0,0.0,0.0,0.0,0.0,0.0,-0.0098977878551635,0.0,0.0,0.0,0.0,0.0,0.0,-0.01296096758532,-0.011030895616635,-0.0077321628815181,-0.0013610776543954,-0.0069752109748758,0.0,-0.0120363156584021,0.0,0.0,-0.0054277560714069,0.0,-0.0019190136827296,0.0,-0.0066625577249344,-0.0017710844418661,0.0,0.0,0.0,0.0,0.0,0.0,0.0,0.0,0.0,0.0,0.0,-0.0106869999299383,0.0,0.0,0.0,0.0,0.0,-0.0063656053293115,-0.0047218952848586,0.0,-0.004735566134134,0.0,0.0,0.0,0.0,0.0,0.0,0.0,0.0,0.0,0.0,0.0,-0.0063496022924176,0.0,0.0,0.0,0.0,0.0,0.0,0.0,0.0,0.0,0.0,0.0,-0.0009525089624386,0.0,-0.0026841375830032,0.0,0.0,0.0,-0.0049011278613843,-0.0069795014690394,-0.0020630633320467,0.0,0.0,0.0,0.0,0.0,0.0,0.0,0.0,0.0,0.0,0.0,0.0,-0.0053768581899593,0.0,0.0,0.0,0.0,0.0,0.0,0.0,0.0,0.0,0.0,0.0,0.0,0.0,-0.0076524156880967,0.0,0.0,0.0,-0.0013882976478088,0.0,0.0,0.0,0.0,0.0,0.0,0.0,0.0,0.0,0.0,0.0,0.0,0.0,0.0,0.0,0.0,0.0,0.0,-0.0033078291168228,0.0,0.0,0.0,0.0,0.0,0.0,0.0,0.0,-0.0025317580897886,-0.0031388418444428,0.0,0.0,0.0,-0.0070284107536095,0.0,-0.0145080588939863
sid5534-clean-COSINE-7551-F_close_96.wav,0.0,0.0,0.0,-0.0058669760341439,-0.0026225274378362,0.0,0.0,0.0,0.0,-0.006406670108838,0.0,0.0,0.0,0.0,0.0511809748785396,-0.0093073248992915,0.0,0.0,0.0098740142568995,0.0,-0.0114542929003415,-0.0007578510121642,0.0202503653873047,-0.0339656691953433,-0.0034106461976221,-0.0321552144390466,-0.0079672864201728,0.0513608097449418,-0.0200064468566053,0.0,-0.0473628342228879,-0.0428670257689159,-0.055482517219791,0.0,-0.0173761328455584,-0.0053203557113432,0.0,-0.0138443679549468,0.0,-0.0268177283034871,-0.0571795504974665,0.0,-0.0422714343098096,-0.0113479804725332,-0.0123639208692853,0.0,-0.0064912185182066,0.0,0.0,-0.0059816794570876,0.0,0.0,0.0,0.0,-0.0034956680936325,0.0,0.0,0.0,-0.0105504526166305,-0.003883136266212,-0.0034847739597197,0.0,0.0,0.0,0.0,-0.0013352558959229,0.0,0.0,0.0,-0.0096309860862355,0.0,0.0,0.0,0.0179226060035764,0.0,0.0,0.0,0.0,0.0,0.0,0.0,0.0,0.0,0.0,0.0,0.0,0.0,0.0,0.0166887718580118,0.0151414118197047,0.0,0.0,0.0,0.0,0.0,0.0,0.0,-0.0030357147979461,0.0,0.0,0.0,0.0,0.0,0.0,0.0,0.0,-0.0155917267734675,0.0,0.0,-0.0080874222087135,0.0,0.0,0.0,0.0,0.0,-0.010661267023227,0.0,0.0,0.0,0.0,0.0,0.0,0.0,0.0,0.0,0.0,0.0,0.0,0.0,0.0,0.0,-0.0187120309187841,0.0,0.0,0.0,0.0,0.0,0.0,0.0,-0.0095812883432714,0.0,-0.0135500651180533,0.0,0.0,0.0,-0.0040959564103903,0.0,0.0,0.0,0.0,0.0,0.0143421455488588,-0.0023518188585487,0.0,-0.0068846780699169,0.0,0.0,0.0,0.0,0.0,0.0
sid2565-clean-COSINE-3231-F_close_65.wav,0.0098729067407208,0.0097941066519623,0.0046775409582957,0.0081000936338961,0.0108850984432132,0.0078796072077714,-0.0071818947384781,0.0106761599244562,0.0516921012308549,0.0,-0.0032545645003525,0.0036273612491884,0.0056268468587961,-0.0030635877834373,-0.0096175059835797,-0.0057643915332509,-0.0050505796845681,0.0,0.007223392133399,-0.0028902748159154,0.0073578503811043,0.0062251958947701,0.0097777314161865,0.0159089556196034,-0.0222167871900519,0.0,0.0,-0.0044826807974773,0.0107749721572697,-0.0091718885659893,0.0,0.0083791922607676,-0.0151493950239492,-0.0102602870436038,0.0,0.0072986944802609,0.0078672457881517,0.0,0.0,-0.0115653725615139,-0.0131191786701514,0.0037778266365424,0.008284018994193,0.0,0.0,0.0038401085106572,0.0,0.0155607871978199,-0.0745914761683911,0.0047756029535528,0.0,0.0,-0.004621854742609,0.0,0.0,0.0201601988230695,0.0091336634550926,0.0120419277776278,0.0082298723480151,0.0,0.0,0.0122088010589577,-0.0059196575146732,0.0462010257334692,-0.0066708638298128,-0.0594212163430878,0.0074757713334522,-0.0262540369841202,-0.026488242422721,-0.0320429329718482,-0.0406817674850521,0.0,-0.0350418459609254,-0.0242855659870624,-0.0193332605810736,0.0070602243033916,0.0125086843784619,0.0058318724577943,-0.0344508556424206,0.0,-0.0198081682782242,-0.0098115494127745,-0.0179240993177431,-0.008673785560767,0.0077878631176161,-0.011091937159555,0.0,-0.0098018174070431,-0.0127662688020977,0.0,-0.0145778918943315,0.0,-0.0043020345418023,0.0,0.0,-0.0102753958600562,0.0,-0.0093219241683126,-0.0092565826581545,-0.0235616912300189,-0.0292217002919657,0.0,0.0,-0.0140650410367205,0.0,-0.0055947769059508,-0.0223361753103835,0.014424206003254,0.0059812822502272,0.0,0.0,-0.0261482150649539,0.0055927885339886,-0.0112552825045964,0.0,-0.0110839436241878,-0.0055894948681723,-0.0168680442734751,0.0107438931962109,-0.0117829784677995,0.0127617939386738,0.0157309229071231,0.0099435203737317,-0.0036028529709998,0.0131071471696302,-0.0048854265900592,0.0,0.0,0.0,0.0,0.0233985264688722,-0.0144345625165507,0.0,-0.0119166225799398,0.0062811842340037,-0.0134567321070418,0.0147751709381992,0.0,-0.0075665720890233,0.0220443706293325,0.0055914022501062,0.0,0.0,0.0,0.0111062946172189,0.0,0.004447824685631,0.0080072106159384,0.0,-0.0034819104386581,0.0,0.0062771130077129,-0.0138066141527555,0.0,0.0139213498227829,-0.003715408920389,0.0,-0.0042794328844839,0.0,0.0,0.0187858560144466
sid3543-clean-COSINE-3904-M_close_91.wav,0.0,0.0,0.0,0.0,0.0,0.0,0.0,0.0,0.0,0.0,0.0,0.0,0.0,0.0165149803142932,0.0,0.0,0.0413260872460784,0.0127533800522845,0.0434217942580442,0.0,0.0164054551753877,0.0200285547240464,0.0374742015569281,0.0287833530737065,0.0227641409481538,0.028771850316862,0.0083895623272443,0.0033236178618715,0.0,-0.0162332526791675,-0.0192694317783463,0.0,0.0,0.0,0.0130495167234483,0.0,0.0,0.0091018998077029,0.0,0.0151004487968748,0.0,0.0,0.0,0.0,0.0,0.0,0.0,0.0,0.0,0.0,0.0,0.0,0.0,0.0,0.0,0.0,0.0,-0.0205771270896736,-0.0147994884838913,0.0,-0.0233595979363604,0.0,-0.0181946369638978,0.0,0.0,0.0,0.0,0.0,0.0,0.0,-0.02216157680164,0.0,0.007073095185929,0.0,0.0,0.0,0.0,0.0,0.0,0.0,0.0,0.0,0.0,0.0,0.0,0.0,0.0,0.0,0.0,0.0,0.0,0.0,0.0,0.0,0.0,0.0,0.0,0.0,0.0,0.0,0.0024417768130985,0.0,0.0092215563657975,0.0,0.0,0.0,0.0,0.0,0.0,0.0,0.0075095300979946,0.0,0.0,0.0,0.0,0.0118735238220241,0.0,0.0,0.0,0.0,0.0,0.0,0.0,0.0,0.0,0.0,0.0,0.0,0.0,0.0,0.0,0.0,0.0,0.0,0.0,0.0,0.0,0.0,0.0,0.0,0.0,0.0,0.0,0.0,0.0,0.0,0.0,0.0,0.0048556693302245,0.0,0.0,0.0,0.0,0.0,0.0,0.0,0.0,0.009135022916641,0.0,0.0,0.0107743324332166
sid0876-clean-COSINE-1399-F_close_260.wav,0.0,-0.0346086214406909,0.0,0.018948209479533,-0.0049918023493487,-0.0065530979545631,-0.0128725699544683,0.0,0.0,0.0,0.0,-0.0147132190267911,0.0,0.0236191621736769,0.0159654964842448,0.0,0.0,0.0,-0.0149710548350232,-0.0172707566450854,0.0,-0.0998744860879107,0.0,0.0,-0.0742852932582175,0.0,-0.0049845477770769,0.0,0.022833713841649,-0.0064955609274732,-0.013376315116448,0.0,-0.0029622694737029,0.0379567387159482,0.00576952408534,-0.0035772575456567,0.009589019883986,0.0076789124277823,0.0,-0.0061326412576995,0.0149329786242582,0.0189609782283109,0.010941493355935,0.0271562878976304,-0.0090810042088406,-0.0101000199384175,0.0,0.0,-0.0206931354993805,-0.0277896218090037,0.0039419890996717,0.0,0.0,0.0100710433643876,0.0208067883403612,-0.0248226017268472,-0.0278706482358801,0.0,0.0191509579514304,0.0,0.0,-0.0165521947171366,0.0,-0.0223742609027451,0.0,0.0051476777008044,-0.0141443211245383,0.0,0.0185744195026586,0.0219405089499875,-0.0139700255632953,-0.0098918939840182,0.0,-0.0104240325407924,0.0089443134878953,-0.0213758487279396,-0.0230518510911702,-0.0141342299365691,-0.0206557849627155,0.0,0.0,-0.0221663777002459,0.0206889725518323,-0.0184266735197356,-0.0129631246259562,-0.008700147964638,0.0048484136308424,0.0,0.0096309627516935,-0.0071242316818904,-0.0139806896473357,0.0099310485122613,-0.0422030684589658,-0.0344350980496151,0.0068584297494898,-0.0073963529800974,-0.0154590305111212,0.0164592157846443,0.0,-0.0078983425905305,0.0087571288096141,0.0289610093517743,-0.0070014343400837,-0.0047904939865599,0.0119669395999416,0.0178247262913739,0.0102745742028755,0.0,0.0055449341109401,0.0161781791011759,0.0,0.0086294163102035,0.0,0.0115653060777796,-0.0156680709745927,-0.0106109897828704,-0.0182081869167161,0.0070863706014693,-0.0121832922149138,-0.0046670264321545,0.014295062504585,-0.0211613554481721,-0.0076358315778943,0.005606311608459,0.0147677669044975,0.0,-0.0112453220434756,-0.0258271691946491,0.0278390493958645,0.0153809384224065,0.011291826077806,0.0,0.0,-0.0174012476647488,0.0129489303777416,-0.0173491481027624,-0.0067650712888208,0.0074224158692413,-0.0158325157015071,0.0,0.0065752706083273,0.0102059430108605,0.0,0.0092268701367345,0.0,-0.0091087728779459,-0.0131075487116956,0.0214502482988821,0.0152889071168289,0.0285848697387513,0.0,0.022480560461682,0.0,0.0085153619856753,0.0054222155110103,-0.0067719102332184,0.0196830599580235,-0.0128604128861968,0.0079728512849582,-0.0041451897303335,0.0
sid5659-noisy-COSINE-8112-F_array1_59.wav,-0.0106257001277971,0.0113508803762125,-0.0049381220901943,0.0072970943672094,-0.007424163406955,0.0,0.0087254946659424,0.00811334211035,-0.0037334110919479,-0.0119203808407422,-0.0047126230754501,0.0138595552622884,0.0,0.0,-0.0049034630936275,-0.0082860781047511,0.0095104776850837,0.0,0.0069550816676338,0.0,0.0084887835618601,-0.0058682503435221,0.0,0.0448455497988462,0.0030544830143102,0.0,-0.0241309649374373,-0.0077195733028555,0.0,0.0061551317419677,-0.0136504965711468,0.0086060558907903,0.0,-0.0166070505609152,-0.0428604475831594,0.0086589981822357,0.0115180981282667,0.0041636143106253,-0.0124593577589809,-0.0125938015684903,0.0,-0.0069625286366251,-0.010136676386145,0.0,0.0123796320622041,0.0079331493524349,-0.0041432853436167,-0.0227763320881772,-0.0109108810005619,0.0149986221447204,0.0,-0.0085952199162264,-0.0027146830883332,-0.0334125287563751,0.0,-0.0087153718066068,0.0042560435910147,-0.0039298829989942,-0.0170221747432891,0.0127719489514542,0.0122556017226242,0.0,-0.0037938934475656,0.0,0.012149058168473,0.0092288447405868,0.0,0.0164705214371446,0.0,-0.0193764362093115,-0.0091769906309461,0.0086861459748575,0.0128713539874487,0.0,-0.0098647090700174,0.0,-0.0026667298039947,-0.0039751328386655,0.0,-0.0088952061175535,-0.0085131045859582,-0.016097622464272,0.0070396705631977,0.0,-0.0039280084491563,0.0,-0.0031818370206668,0.0059106085895854,0.0092001911387046,0.0069359948827746,0.0066429307109316,-0.0070472890537465,-0.0180198284420638,0.0,-0.0133901658633614,-0.0047810693023428,0.0,0.0,-0.009144995059118,-0.0159153235695835,0.0061186598936205,0.0,0.0191124618588941,0.0170828270009275,-0.0055965777194631,0.0076554478822085,-0.0052406113460101,-0.0022367566118893,-0.011270991170514,0.0,-0.0111235576334586,0.003501263628586,-0.0034895662548287,-0.0052110869580531,-0.0138614390541433,0.0,0.0,-0.0097804597043497,0.0,-0.0090229816927249,-0.0119253359293765,0.0,0.0107765441653744,0.0,0.0,0.0,-0.0098146281222984,-0.0025883677237505,-0.0067421961869457,-0.0131932615196674,-0.0127473854609637,0.0083605282528015,0.015884701503758,-0.0121167916049396,-0.0134605607018751,0.0,-0.0037052853291499,0.0,0.0063975599407733,-0.0200339779764374,-0.0029575895422314,-0.0029741478039885,0.0050143630813151,-0.0119652037350912,-0.0078507428317915,-0.0101188183360066,0.0173744211815514,-0.0222624891965101,0.0,-0.0102611826515524,-0.0270907733255911,0.0059592512354672,0.0120681391129197,-0.0023805758233099,0.0,-0.0062501264862959,-0.0027225054139618,0.0,0.0108333096820587,0.0069548634753869,0.0098806683196183
sid5793-anchor-COSINE-9472-F_close_7.wav,0.0088886257594974,-0.004828344590325,-0.0163620228320403,-0.0081429581670554,0.0,-0.006176303208351,0.0,-0.0070872289775681,-0.0077720698987498,0.0,0.0,0.0,0.0,-0.0126863553825263,-0.0048068182531749,-0.0063862538918518,0.0,0.0,0.0,-0.0026908767068698,-0.0620936756896719,-0.0367775295662958,0.0,-0.0239004312048174,-0.0512815875063496,0.0,-0.0114798620503092,0.0098656852852976,0.0235783236939313,0.0178270765695278,0.0,-0.0147441211599378,0.0107905347480815,-0.0259658971188369,-0.0147798333651402,0.0,0.0,0.0,0.0,-0.0196429460433469,0.0,-0.0199088601957759,-0.0216612938500169,0.0,-0.015829883985958,0.0,0.0,0.0,0.008168157459945,0.0,0.0059537173512092,0.0,0.0,0.015517585929421,-0.0062460305625968,0.0080302800440288,0.0,0.0,0.0,0.0,0.0,0.0,0.0137564865280285,0.0,0.0,0.0,0.0,-0.0061089600433595,0.0188602810183247,0.0,0.0128309772020199,0.0107027975407596,-0.0147094853839881,0.0159384904928958,0.0,0.006247998876912,-0.0040937442771323,0.0,0.0098652428753333,0.0,0.0,0.0,-0.0049690513237902,-0.0011299756166541,-0.0070480932475918,0.0,-0.0147137985196835,0.0,0.0152625053761405,0.0,-0.0134289460452126,0.0,0.0,0.0062253240006973,0.0203036321377733,0.0,0.0,0.0,0.0,0.0,0.0088506818014364,-0.011350478769451,0.0,-0.0087918174471246,-0.0068098895089113,0.0,0.0,0.0,-0.0087553875153595,0.0,0.0,0.0,0.0,-0.0131207233496661,0.0,0.0,0.0,0.0,-0.0157196835407838,-0.0096526913184558,0.0,0.0241091614216154,0.0,-0.0044693542373206,0.0,0.0,0.0131373346855619,0.0,0.0,0.0,0.0,0.0,0.0,0.0,-0.0054757810882042,0.0,-0.0046289346822814,0.0,-0.0081910934192076,-0.0236839363463084,0.0,0.0,-0.009630462561779,-0.011054063629415,-0.0085710758943683,0.0,-0.0069773201387657,0.0,0.0,-0.0064875678088146,0.0,0.0,-0.0160342170488419,0.0,-0.0034650645597078,-0.0145744175185318,-0.0086044378299446,0.0,0.0,0.0,-0.0132037573421333
sid0853-anchor-COSINE-1399-F_close_234.wav,0.0,0.0,0.0,0.0300812842937277,0.0065314653439117,0.0,0.0121698832843284,0.0094875166755841,0.0,0.0,0.0160221248011245,0.0,0.0,0.0,0.0433190549718831,0.0,0.0,0.0217849117278169,0.0,0.0,0.0418850592124126,0.0,0.0909179627040058,0.0469345784782312,0.0487771444833124,0.0,0.0593188484152309,0.0242079745175627,0.0284466307582927,0.0,0.0198516846919809,0.0,0.0261904450684452,0.0,0.0,0.0,0.0,-0.050272607056936,0.0063934071058079,0.0143370582610944,0.0,0.0079128829028702,0.0,0.0,0.0,0.0052383415835434,0.0,0.0,0.0,0.0,0.0,0.0,0.0,0.0,0.0081749433616563,0.0,0.0310353887871989,0.0148507480190364,0.0173596338249905,0.0,0.0,0.0,0.0,-0.0251159050095808,0.0,0.0,0.0,0.0,0.0,0.0,0.0,0.0,0.0,0.0121583291562667,0.0,0.0,0.0,0.0,0.0088587281560033,0.0,0.0,0.0,-0.0271841576684096,0.0,-0.0247211007496627,0.0092608540416364,0.0126602246683257,0.0181109349737181,0.0,0.0,0.0406259261284169,0.0,0.0,0.0,0.0,0.0063714592288416,0.012986713725881,0.0,0.0,0.0,0.0,0.0214162845569418,0.015658981045497,0.0,0.0,0.0,0.0198041796384049,0.0075750184102897,0.020244355247572,0.0185067450819136,0.0194504189339775,0.0,0.0206460666816497,0.0,0.0,-0.025582241696477,0.0,-0.0409443472664981,0.0157178299880061,0.0,0.0329264030515929,0.0,0.0,0.0,0.0112577656416092,0.0,-0.0282771967750553,-0.0308766297414476,-0.0200612369095371,0.0,0.0,0.0,-0.0320455747915084,-0.0281005612719025,-0.0313991750033316,0.0,0.0,0.0,0.0,0.0,0.0,0.0,0.0,0.0,0.0,0.0,0.0,0.0,0.0,0.0,0.0,0.0328820345255162,0.0,-0.0364102115134855,0.0038340916431812,0.0,0.0,0.0,-0.0185606977332561,0.0,0.0
sid1464-clean-COSINE-2406-F_close_103.wav,0.0,-0.0112418377559393,0.0,0.0,0.0142234645742883,-0.0086523109532507,-0.0169166075778799,0.0,0.0,0.0118086154859542,0.0168524908378444,0.0162566960081188,0.0290761960560193,0.0,-0.0166367384411219,0.0145308735867907,0.0,-0.0101094522987392,-0.003614711907317,0.0144357539974308,-0.0382138286540495,-0.0056810858578362,0.0,-0.0031572704591293,0.0250248990530952,-0.0134925387887423,0.006392461754936,0.017488948808067,-0.0321893766004476,0.0,0.0068477254521693,0.0255578251931651,-0.0146190446044354,0.0,-0.0057924270675514,-0.0065567464833005,-0.0395246985737348,-0.0084475690835033,0.0,-0.0100770167355508,-0.0201478516533842,0.0,0.0,0.0,0.0,-0.0549812099272399,-0.0203712818573851,-0.007500880807585,0.0,0.0,-0.0152222829788466,0.0,-0.0060078941436975,0.0,0.0,0.0170029425425942,0.0,0.0,0.0,-0.0108495158705694,0.0068007777133501,-0.0187123556563864,0.0,0.0142646220314169,0.0,0.0126532088935526,0.0142277811913805,-0.0107285540699186,-0.0209021692088474,0.0,-0.0156286744108529,0.0053230395177012,-0.0130011528153524,0.0,0.0,0.0084205491706396,-0.020985258568287,-0.0075418912858648,-0.0101073796810531,-0.0041811842041693,0.0088089217028471,0.0,0.0,-0.0032810284792242,0.0,0.0075454454698113,0.0,0.0,0.0,-0.0132912013064132,0.0069673978782155,0.007142007539449,0.0,0.0,-0.0031752499691961,0.0,-0.0109551926947055,-0.007091964307938,0.0094314190885074,-0.0106550116058568,-0.0087932148636421,0.0059313369698572,0.0,0.0147535493781834,-0.0044433802718169,0.0,-0.006744806515413,0.0,-0.006630134181142,0.0,-0.016994225696411,-0.0062936805543228,-0.01207517487809,-0.0086996473107417,0.0077046518268644,0.0,0.0031263937245139,0.0188160963021039,0.0211509284779823,0.0043367436164283,0.0,0.0,0.0,0.0119069015721755,-0.0029445016403538,0.0128929947232273,-0.0145130651471633,0.0143859291262702,-0.0101555538443063,0.0,0.0147404810031121,0.0179540186420978,-0.0139988103601553,0.0,0.0,0.0,0.0041554848280296,0.0,-0.0134910823692851,0.0217133599594705,0.0094717818536143,0.0,-0.0056863115692158,-0.0079237184549133,0.0105713600687197,0.0061623574516541,0.0127982954818181,0.0,0.0,0.0121029087499988,-0.0094470844596828,-0.0085120542432654,-0.0107192520831558,0.0157177697207124,0.0,0.0192445258000975,-0.0074099641244928,0.012851551161375,0.0097119910936627,0.0176833114133659,0.0
sid0018-noisy-COSINE-0100-M_array1_116.wav,0.0,0.0125631851526558,0.0155978390585586,0.0,0.0,0.0112342944100311,-0.0251215205093081,0.0,0.0044632246577951,0.0,-0.0298710873715722,0.0,0.0,0.0,0.008381905426916,0.0342633207591951,0.0,0.0,0.0,0.0,0.0,0.001667500158095,0.0240019864236333,0.0308231135742782,0.0084698178994906,0.0351479369276388,0.0353096555755676,0.0241387222995221,0.0034943179335179,0.0097183353568591,0.0,0.0359492732195671,0.0506238382090611,0.0379500706189532,0.0,0.0208468002953764,0.0,0.0,0.0054768744147819,0.0,0.0105793703298557,0.0054913070742145,0.0098423227231001,0.0,0.0,0.0,0.0,0.0143975506559036,0.0,0.0,0.0,0.0,0.0015937252125117,0.0,0.007702912398079,0.0,0.0,0.0,0.0,0.0,0.0,0.0,0.0009581946078836,0.0,0.0,0.0,0.0,0.0,0.0,0.0,0.014935014751594,0.0,0.0036918971362814,0.0,0.0,0.0022511313332882,0.0,0.0,0.0,0.0063968856170547,0.0073475701861519,0.0,0.0,0.0,0.0,0.0002017647425221,0.0,0.0,0.0066114251149247,0.0,0.0,0.0037856297321488,0.0,0.0,0.0022813316736704,0.0,0.0,0.0,0.0134061136453738,0.0065115543347082,0.0,0.0134835863516538,0.01442825612754,0.0120914700180741,0.0,0.0,0.0,0.0,0.0,0.0,0.0,0.0,0.0,0.0184979080283353,0.0069621083393365,0.0,-0.0257408666894509,0.0,0.0,0.008172902356573,0.0,0.0,0.0,0.0,0.0,0.0,0.0,0.0,0.0102147039143046,0.0,0.0002474112452032,0.0,0.006999872507954,0.0,0.0,0.0,0.0097190671756544,0.0043336664706744,0.0,0.0,0.0,0.0,0.0,0.0084313448779934,0.0185786589721405,0.0,0.0,0.0,0.0056116652937636,0.0,0.0,0.0048035768591074,0.0222216427911403,0.0,0.0125589338283621,0.0,0.0071217241454139,0.0178792560202651,0.0048141920975227,0.0,0.0044487431530628
sid4928-clean-COSINE-7000-F_close_88.wav,0.0,0.0,0.0,0.0613445299055547,-0.0106260761165782,0.0,-0.0328631062493305,0.0,0.0,0.0,0.0,0.0,-0.0337584736464378,-0.0099139302986678,-0.0073700115734861,0.0,0.0,0.0,0.0,0.0,0.0,0.0142383254092273,0.0,0.0,0.0,-0.0052326948363226,0.0,0.0,-0.0172935484425364,-0.014472831496869,0.0102295810511306,0.0143665546214518,0.0120661137967178,-0.0074306526315928,-0.0055592569437162,0.0,0.0,-0.0063867040859358,0.0,-0.0036145143333549,0.0,-0.0053028652763536,0.0,-0.0069878975395821,0.0,0.0116127933317025,0.0,0.0141445577552936,0.0,0.0,-0.0107313774110194,-0.0071825028837858,-0.0041852827498845,0.0,0.0,0.0,-0.0148373076692787,0.0,0.0,-0.0051927258587478,0.0,-0.0064094852266,0.010813456553009,0.0,0.0,0.0,0.0159800351119652,0.0,0.0,0.0,0.0,0.0,0.0,0.0,-0.0147144164308209,0.0213535840905428,0.0,-0.00038147769324,0.0,-0.0097762651604309,-0.0015490898281777,0.0,-0.0155965472417872,0.0290715824399882,-0.0167427691288658,0.0,0.0,-0.0157239509253172,0.0,-0.002764570329581,-0.0096282836721746,0.0,-0.0087507232501515,-0.0038666871530802,0.0,-0.0049480589788136,0.0,0.0,0.0171056944998292,0.0,0.0,0.0,-0.0200017255850244,-0.0212454875384247,0.0,-0.0091449178808955,-0.0080517561984633,0.0,0.0,0.0,0.0,0.0,0.0,0.0,-0.0176260341976476,-0.0264458089376266,0.0,-0.0246996274657825,-0.0043472811293814,0.0,0.0,0.0,0.0,-0.0205788089835776,-0.0361748611087245,-0.0051219489537195,0.0,-0.0091255064251579,-0.0157283831733749,-0.0068371634512895,0.0,-0.0087045624672818,0.0,0.0,-0.0100187505917794,0.0,-0.0040696960181848,-0.0076552494465054,0.0,-0.0035566385652683,0.0,-0.0123847284021345,0.0,0.0145724393181251,-0.0078456940791987,-0.0052559918506329,-0.0056037791095146,0.0,-0.0036316187864926,-0.0028418935840351,0.0,-0.0077404717933501,0.0,-0.0116288988845894,-0.0055758120495418,0.0,0.0109525380675034,0.0,0.0,0.0101572936879711,0.0
sid1434-anchor-COSINE-2145-F_close_75-truncated.wav,-0.0060716865307588,0.0,-0.0224887694277394,-0.0059842147952946,-0.0170241075505682,-0.0067744033894116,-0.0093842772250182,0.0,-0.0123234571963424,0.0071042458141866,-0.0105571294428653,0.0,-0.0216186774872268,0.0,-0.0082358879577867,-0.0047024369057535,0.0,-0.003718278560136,0.0,-0.0094287653404888,0.010485705125992,-0.0173890860787053,-0.0060478231710455,-0.0099506573721104,0.0,0.0067840209760275,-0.0165695091925362,-0.0370049111759003,-0.0122022983989397,-0.0469081888832061,-0.0262157193149516,-0.0130240415378745,0.0070443893662505,-0.0041428612340217,-0.0141351345683294,-0.0318775894847561,-0.0183008575394442,-0.0448684268192418,-0.0131586491251705,0.0108923689035835,0.0,-0.0047174905053412,0.0,0.0,-0.0059181295104969,0.0128610499031181,0.0,0.0,0.0066870634094373,0.0145862844953832,-0.0151441005515194,-0.0017520019103777,0.0225991285140036,-0.0231373492498915,0.0,-0.0211419396628561,0.0060070507355861,0.0,0.0,0.0,-0.0053284849483935,-0.0266171302443419,0.0136015178557228,0.0397005323076753,-0.0013474801363659,-0.0036308721941154,-0.0233524693934091,0.0157051064767567,-0.0016597612213647,-0.0075450516596016,-0.0050970017974669,-0.0104481588652193,0.0,0.012487539349984,-0.0031284023360886,-0.0106649035324199,0.0096864810267658,-0.0042459532270401,0.0215195177630822,0.0121692306084915,-0.0024637885738312,-0.0071274173741578,-0.011758087608544,-0.0226345746028612,-0.0014974022569363,-0.0065269671622315,0.0093337341676393,0.0,-0.0135326502238302,0.0,-0.004676092786227,0.0128216882880003,-0.0065315595231828,0.0,-0.0290014726791069,-0.0034995112086781,0.0110990348558584,-0.0171530410295238,-0.0008652433551227,0.0118886890272178,0.0,-0.0111374339486462,0.0119128396032513,-0.0050345115054532,-0.0054275732181009,0.0,0.0051022515845205,-0.0056515944852529,-0.0231493827149054,0.0,0.0147581556830542,0.031226912698505,-0.0096622812188192,-0.006078524254612,-0.0097419331970907,-0.0119098361931514,-0.0093747656689925,0.0,0.009157599013225,0.0,-0.002901967765269,0.0148368018319221,0.0,0.0087684239792095,0.005365975701964,0.0,-0.0080504310011157,-0.0039017245727459,-0.0102779375322008,-0.0195343357226679,-0.0093140259710373,0.0,0.0104149679445592,-0.0334626339303658,0.0,0.0,0.0,-0.0090158345884715,-0.0186012337228577,-0.0199919079242007,-0.007799098509786,-0.0041906106993558,-0.0101213472317577,-0.0134837479455167,0.0060904557150807,-0.0041371084856556,-0.0059392530357197,0.0,0.0152711995640828,-0.0127652746626223,-0.0099634976504739,-0.0050833392046174,0.0,0.0091875581406869,-0.0059693460543411,0.0,-0.006631941886874,0.0,-0.0076356752555243,-0.0102414148702557,-0.0120903733567888
sid2677-anchor-COSINE-3277-F_close_45.wav,0.0,0.0,0.0125022266838566,0.0340300937895766,-0.0093521076618145,0.006821469397877,0.0839920718693192,0.0,0.0,-0.0034079400956482,0.012355124016447,0.013265463299883,-0.0087313975955065,0.0195286608789655,0.0,-0.0058209964924678,0.0,0.015402399752828,0.0,-0.0101391507670735,0.0,-0.0251820797520433,-0.0064029316529358,-0.0311730231436121,0.0158211147970683,0.0,0.0,-0.0031475734805634,-0.0086582804511469,0.0,0.0105706647180434,-0.003048351148142,0.0,-0.0048415033719611,-0.0265394131659773,-0.0127354237413985,0.0,-0.0302800998974874,0.0087899123490596,-0.0217360731341207,-0.0102313166538344,0.0,-0.0042565508292647,0.0,-0.0113141961813091,-0.0098693627280677,0.0,0.0,0.0,-0.0028814370915482,0.0,-0.0032968316791278,0.0,0.0,-0.0037511947181132,0.0,0.0,-0.0028781581706874,0.0,-0.0084538427481402,-0.0066575056124731,-0.0037759287373705,-0.0112101818766279,0.0,-0.0071786415481598,0.0,0.0,-0.0058750452190724,0.0,-0.0097827976204255,-0.0034613435384713,-0.0031645310195783,0.0,0.0,0.0,0.0,0.0101334882093187,-0.0045653632227974,0.0,-0.0044025228468444,0.0,0.013903188358446,0.0,0.0,0.0,0.0,0.0,-0.0089433082203332,0.0,-0.0113835371697086,-0.0026510045446778,0.0,-0.0083975069931792,-0.0109827663598748,0.0,-0.0077376817782045,0.0,0.0,-0.0063073763174626,0.0,0.0,0.0,0.0145117793677535,0.0,-0.006629659200914,0.0,-0.0051632286316339,-0.0074579803698689,0.0,0.0,0.0,-0.0074580822136502,0.0232150163444071,0.0,0.0,-0.0106192417209545,-0.0115102050302011,0.0,0.0,-0.0086802402590205,0.0,-0.0089030563758795,0.0,-0.0041964922273289,-0.0110339924988664,-0.0023138285294714,0.0,-0.0028860184857436,0.0,0.0,-0.0023564695052855,-0.0076141739796721,-0.006521225604744,0.0,-0.006687495859883,-0.0085035050055648,-0.0204502643351551,0.0,0.0,0.0,-0.0088388751640034,0.0,0.0,-0.0068073485835112,0.0,0.0,0.0,-0.0128292894387917,0.0062557225887866,-0.0041957848898335,0.0,0.0,-0.0041936685236171,0.0,0.0,-0.0103034588778648,-0.0122850566729224,0.0,-0.0079241884800121,0.0137830490441827,-0.0034633270688124
sid2882-anchor-COSINE-3792-F_close_150.wav,0.0,0.0,0.0,0.0,0.0,0.0,0.0,0.0,0.0498018807750218,0.0156938548981137,0.0,0.0,-0.0098029804796763,0.0158091298541848,0.0410948686383474,0.0503223084476406,0.0309506009454064,0.0471560095326391,0.0,0.0238544227299862,0.044092864349164,0.0,0.0,0.0395589359429276,0.0,0.0,0.0186819346298099,0.0,0.0,0.0,0.0,0.0,0.0,0.0,0.0,-0.01917722818503,-0.016127260207753,0.0,-0.0127973789821284,-0.020447748852254,0.0,0.0,0.0,0.0,0.0,0.0,0.0,0.0,0.0,0.0,0.0,0.0,0.0,0.0,0.0,0.0,0.0,0.0,0.0,0.0,0.0,0.0,0.0,0.0,0.0,0.0,0.0,0.0,0.0,0.0,0.0,0.0,0.0,0.0,0.0,0.0,0.0,0.0,0.0,0.0,0.0,0.0,0.0,0.0,0.0,0.0,0.0,0.0,0.0,0.0,0.0,0.0,-0.0212807551287341,-0.0133097517072676,0.0,0.0,0.0,0.0,0.0,-0.0057166513474913,-0.0064653828565539,0.0,0.0,0.0,0.0,0.0,-0.00914232324764,0.0,-0.0075361760961678,-0.0131539127720849,0.0,0.0,0.0,-0.012069030729086,0.0,0.0,0.0,-0.0110259676151859,-0.0067581319768748,0.0,-0.0133612178975924,0.0,-0.0173871821246694,0.0,0.0,0.0,0.0,0.0,0.0,-0.0141008160978043,0.0,0.0,0.0,0.0,0.0,0.0,-0.0097474093024714,0.0,0.0,0.0,0.0,0.0,0.0,0.0,-0.012826266580822,0.0,0.0,0.0,-0.0101792750734855,-0.0086957779710773,0.0,0.0,-0.0042447654742019,0.0,-0.0063240865057541,0.0,0.0,0.0,0.0,0.0,0.0
sid4646-noisy-COSINE-6463-F_array1_296.wav,-0.0050944814159813,0.0,0.0182527860109621,0.0,-0.0128389477361721,0.0115881407132634,0.0,-0.0073695526511073,-0.0035581220353965,6.48195935587934e-05,-0.0029075038295798,0.0101661536384063,-0.0057353030552538,-0.0048873174159831,-0.0065990063259156,0.0,0.0,0.0121717203424348,0.0,0.0,0.0,-0.0293801884664495,0.0,-0.0080004887371876,-0.1231931694304509,0.0,-0.0428857473733785,-0.0119566614881426,-0.0145174069389662,-0.0021856161918339,0.0,-0.0087446365225379,-0.0022649906526406,-0.0009489707178028,0.0,0.0,-0.0092224305789826,-0.0410296289930257,-0.0481406538011038,0.0,0.0,0.0,0.0,0.0,-0.0315127258661184,-0.0282967244734725,-0.0027526268784338,0.0073489971242708,-0.0132364637951514,0.0,-0.0080157282751356,-0.0090011758046807,-0.007284066746035,0.0,-0.0030658155028713,-0.005271080584576,-0.0027163889251643,-0.0164984460637814,-0.0308616758520458,-0.0030383899954727,-0.0054364760016525,-0.023109871198813,-0.0239937036496533,0.0065849616157169,-0.0042601633290384,-0.007529531748761,0.0,0.0,-0.0101501104033434,-0.0145355916623801,0.0,-0.0078119833032131,-0.0008884808603632,-0.0122115804188068,-0.0066124845547726,-0.0108458142575033,-0.0046837169335338,0.0,-0.0003045102721086,-0.0111616586002513,0.0,0.0094924304092921,-0.0044533061138698,0.0047302343613038,-0.0067356870236977,0.0,0.0,-0.0033142279342705,-0.0010593951046965,0.0,-0.0021924609644288,0.0,0.0,0.0,-0.0079401861310398,0.0,-0.0038521851906016,0.0,0.0,-0.0018385432992948,0.0,0.0141289977487343,-0.0100898747805922,-0.0022390239200465,-0.0034089154273889,-0.0140865291756621,-0.0081065271066633,-0.003041155322332,0.0,-0.0096607816545613,-0.0077910518813399,-0.0069815185500001,0.0,-0.0074269950845573,-0.0073560471854827,-0.0054044717829721,0.0112611481271033,-0.0096369913997688,-0.0150131988927696,-0.0105218006096569,-0.0092650131069605,-0.0033417394923443,0.009616314834495,0.0,0.0,0.0,-0.0068726712856873,-0.0010342558144599,0.0107555996568727,-0.0051586127117476,0.0,-0.0064551184909173,-0.0044535047753978,-0.0061030661353191,0.0,0.0,0.0,0.0,-0.0051989519516482,0.0,0.0,0.0,0.0,0.0,-0.0167479261233449,-0.0001508628819358,0.0111453725035593,0.0,-0.0045007626078857,-0.0009382555938174,0.0,-0.0012775024059575,0.0,0.0,-0.0087751542811456,0.0,0.0,-0.0064515978865725,-0.0062224848588014,-0.0055908813330212,-0.0106536100289537
sid3769-anchor-COSINE-5219-M_close_54.wav,0.0,0.0,0.0,-0.0235150867713582,-0.0232378329997144,-0.0624615907025752,0.0,0.0,0.0,0.0,0.0,0.0,0.0,0.0,0.0,0.0264404360607707,0.024160107897564,0.0,0.0,0.0162501217534489,0.040502783156853,0.0,0.0,0.0117601200403333,0.0,0.0,0.0,0.0,0.0,0.0,0.0,-0.0039388303413554,0.0,0.0,0.0,0.0,0.0,0.0,0.0,0.0,0.0151159016467293,0.0,0.0,0.0,0.0,0.0,0.0,0.0,0.0,0.0,0.0,0.0,0.0,0.0,0.0,0.0150385746531928,0.0,0.0,0.0,0.0,0.0,0.0,0.0,0.0,0.0,0.0,0.0,0.0,0.0,0.0,0.0,0.0,0.0,0.0,0.0,0.0,0.0,0.0113623240970672,0.0,0.0,0.0,-0.0136466842097636,0.0,0.0,0.0,-0.0072299728470279,-0.0107339582670219,-0.0098473932665157,0.0,0.0,0.0,0.0,0.0,0.0,0.0,0.0,0.0,0.0,0.0,0.0,0.0,0.0,-0.0098390219560077,0.0,-0.01088984765311,0.0,0.0,-0.0087562793207238,-0.011274107453484,0.0,0.0,0.0,0.0,0.0,0.0,-0.0106303040431726,-0.0128446091105597,0.0,-0.0075691598474866,0.0,0.0,-0.0052400516364919,0.0,0.0,0.0,0.0,-0.0046822570824512,0.0,0.0,0.0,0.0,0.0,0.0,0.0,0.0,0.0,0.0,0.0,0.0,0.0,-0.0062368002035164,0.0,0.0,0.0,0.0,-0.0114786903788631,0.0,0.0,0.0203155747230824,0.0,0.0,0.0,0.0,0.0,0.0,0.0,0.0,0.0,-0.0036397308985348,-0.0094337600378953,0.0
sid4469-anchor-COSINE-6463-F_close_12.wav,-0.0103869451639405,-0.0271584146173711,0.0,0.0,-0.0151621169974012,-0.0006076822683025,0.0,0.0,0.0,0.0,-0.0029871213359501,-0.0035309755190061,0.0,0.0,-0.0080389065752746,-0.0133143419229914,0.0,-0.0118577479407614,0.0,0.0,0.0,0.0,-0.0093861345658187,0.0,-0.0100535186976286,0.0,-0.0276882192308543,0.0,0.0,-0.0081457131177184,-0.007836370297081,-0.008068247728911,-0.0146066992534183,-0.0064962754365672,-0.0368368305559824,0.0,-0.0405185709098344,0.0,-0.0151762846818832,0.0,-0.0217936400790736,0.0,-0.0168152894099419,-0.0076937455079846,-0.0308070507983327,-0.006795991016171,-0.0076359861314461,-0.0134603369754342,-0.00608372504451,0.0,-0.004710738659261,0.0,0.0,-0.0013322373147679,-0.0094466261661912,-0.0058582368725558,-0.006023884224793,9.29459114144835e-05,-0.0090480467423666,-0.0058092702793157,0.0,0.0,-0.002785756453237,-0.0064278854831581,0.0,-0.0094239366606092,0.0,-0.0143753578641506,-0.0021440023366229,0.0,-0.0015573429972299,0.0,-0.0060791815803595,0.0,-0.004359199346608,0.0,0.0,-0.0048322749888912,0.0,0.0,0.0,0.0,0.0,-0.0058200953160814,0.0,-0.0166218812192742,-0.0042622885218392,0.0,-0.0048251381968903,-0.0094552761045575,0.0,0.0,0.0,0.0,0.0,0.0,-0.0014354399849439,-0.0005535243881498,-0.002012004190854,0.0,-0.0063798402242617,0.0,0.0,0.0,-0.0018366606393461,0.0,0.0,0.0,0.0,0.0,0.0,-0.003604317092433,-0.0021409588034883,-0.0012088068744864,0.0,0.0,0.0,-0.0064154654543034,-6.618292380094801e-05,-0.0140557998401206,-0.0085765878160188,0.0,0.0,-0.0003627823137559,0.0,-0.0151783043208491,-0.0010616786433797,0.0,-0.0122987706923068,-0.0096995853593674,-0.0066941232023188,-0.0047254685742066,-0.0130485357823984,-0.0007262416753312,0.0,-0.0029241249537677,0.0,0.0,-0.0008220697007001,-0.0092302800751671,0.0,-0.0032006456617574,-0.0011067686303153,-0.0083873631611885,0.0,-0.0023692982253212,0.0,-0.0108147611309717,-0.0082935827225475,0.0,0.0,-0.0021520899671002,0.0,0.0,0.0,-0.0098216241065101,0.0,-0.0059869229622573,-0.0007951178183478,-0.0034779874760779,0.0
sid2753-anchor-COSINE-3381-F_close_21.wav,-0.0294089923961316,-0.0152615691607884,0.0224834293601546,-0.0170278494011894,-0.0131750520493087,-0.0472097992252324,0.0,-0.0162984725379789,-0.0435182054186511,0.0037904136377238,0.0,0.0,-0.0221108697335442,-0.0297934126915261,0.0,-0.0111826248569894,0.0109718786968034,0.0118209655677695,0.0438015639380221,0.0,-0.0030809074507005,-0.0365892767141156,0.0118017991480059,-0.017730469911491,-0.0015377107007481,-0.0218917664778581,0.0528694054622054,0.0,-0.0160259451705743,-0.0201013090955999,0.050083484755614,0.0,0.0,-0.0236398602975614,-0.0144872441263364,-0.0399671540969865,0.0512449083900115,0.0155389781684838,-0.0048325546106726,-0.0128598073952192,0.0,-0.0188431063430637,-0.0008558415864519,-0.0124314900981352,0.0263393783885065,0.0,-0.0177990274316231,0.0204323697766295,0.0,0.0317683604735941,0.0100360411865974,0.0073027433452212,0.0,0.0439790440493813,-0.0120466988300631,0.0379416868957337,0.0,0.022056415286306,-0.0196863524191636,-0.014080729116691,0.0333415977114439,-0.0193499225935007,0.0,-0.015618099834434,0.0425282009897012,-0.0104349654030167,-0.0145788826177772,-0.0317957172485686,0.0096672893708533,0.0419836764724838,-0.0047777427308079,0.0,-0.0042365712423779,-0.0235052218508099,-0.0215558401108191,0.0056553417446923,0.0153343763895561,0.0,-0.0058938017954938,0.0,-0.0216545988298882,-0.0061524439598693,0.0,-0.0093290394512856,0.0072048936549463,-0.0041749691500615,0.0,0.0,0.0,-0.0141024957760294,-0.028854758678158,-0.0224721015957815,-0.0237601610715661,0.0145610354559225,0.0157642867227903,0.009493032494773,-0.0163567701668027,-0.0117599046185522,-0.0285509820435353,-0.0114788647232676,0.0170968627822065,-0.0120997819596201,0.0,0.0281448451516178,-0.0228304249800457,-0.0196917034776387,0.0283178912359714,-0.0115472064302557,0.0066272036193848,0.0143826430046971,0.0153786974956125,0.0,-0.0110969014181614,-0.0037559473149903,-0.0146369044223835,-0.002025962867533,-0.0249908752291484,-0.0167223674631438,-0.0078936759299527,0.0,0.0115433465261031,-0.0076964390918598,0.0187999700630609,-0.0041062583075431,0.0261837272809889,-0.0100275923631466,0.0431642637293582,0.0106350495536031,-0.0254723193657147,0.0,-0.0446652221576569,0.0149610134090405,-0.026595582833705,-0.0041528312235738,-0.0312829044473537,0.0118337452957162,0.0,0.0,0.0,-0.0171921052374122,0.0,-0.0253411456098274,0.0069826413101075,0.0,0.021301748530636,0.0,-0.0072345432907176,0.0269141998978708,0.0132221997098449,0.0051698234585271,0.0,0.0202428410140916,0.0,0.0,0.0,-0.0231997130645089,-0.0134223418826365,0.0,-0.0096744123986117,-0.0289823965494419,-0.0076113879744542
sid3031-anchor-COSINE-3792-F_close_49.wav,0.0,-0.0183638182491651,0.0166251192601256,0.0110834068820098,0.0,-0.0137037725859208,0.0,0.0,0.0,-0.007819581365732,0.0,0.0443935332169357,0.0180930747200466,0.0,0.0,0.0153693477901859,0.0,0.0338286032521354,0.0,0.0140196291055018,0.0,0.0,0.0136851536819049,0.0389773636435464,0.0270196795832315,0.0,0.0237402799740364,0.0,0.0,-0.0100606125328407,-0.0129092098722501,0.0091324378632104,-0.0382401476249251,-0.019910221672825,0.0,-0.0081068746831324,-0.0132271559173487,-0.0198929822549234,-0.0228532855911172,0.0,0.0,0.0,0.0,0.0,0.0,0.0,0.0,0.0,0.0,-0.0064412141544849,0.0,-0.0142459778394173,0.0,0.0,0.0,0.0,0.0,0.0,0.0,0.0,0.0319391193118198,0.0,0.0,0.0,-0.0088943296654061,0.0,0.0,0.0,0.0,-0.008035739497826,0.0,-0.0078869631737389,0.0,0.0114279213519222,-0.0062339888102007,0.0,0.0,0.0,0.0,-0.0050522736653886,-0.0155371307682818,-0.0124332888651306,0.0,0.0,-0.0110838779799438,-0.0111567478016789,0.0,0.0,0.0,-0.0071468536768413,0.0,-0.011202288449376,0.0,0.0,0.0,0.0,0.0,0.0,-0.0097928453903985,0.0,0.0,-0.0104263542148818,-0.0137643948802726,0.0,0.0,0.0,-0.0082453049300312,0.0,-0.0056176661383669,0.0111163277388897,0.0,0.0,0.0118776881700996,-0.0188936768571349,0.0,0.0141186629377438,-0.0103083778079184,0.0,0.0,0.0,0.0,0.0,0.0,0.0,0.0,0.0,0.0,-0.0093349107428224,0.0,0.0,-0.005877654285309,-0.0054623777671861,-0.0056532568905815,0.0,0.0,0.0,0.0,0.0,-0.0044325619351623,0.0,0.0,0.0,0.0,0.0,0.0,0.0,0.0,0.0141065722761801,0.0,0.0,0.0,0.0,0.0,0.0147207841204513,-0.0040667723683632,0.0,0.0,0.0,0.0,0.0,0.0
sid1539-anchor-COSINE-2406-F_close_184.wav,-0.0049761706142844,0.0183823865597466,-0.0082668725733794,-0.025876305897228,0.0456326419091711,-0.0240358921592393,0.0175101498575351,0.0,0.0197984038863239,-0.0249680115552997,0.0369886122283393,0.115214914361318,-0.0112245118360455,0.0,-0.0017467299411438,0.0,-0.019888365428969,0.0075128872785471,0.0115297539686902,0.0133404993237172,0.0,-0.0094155906490138,0.0,0.0157789558656269,-0.0118599892480168,0.0,0.0326094486552167,-0.0216594682709504,0.0,0.0,0.0,0.0,0.0,-0.0206056075859009,0.0616973122093748,0.0333010790428838,-0.0088857428069624,0.0832459077327483,-0.0290154335490554,-0.0193577904034643,0.0205936781327945,0.0257599805084781,-0.0180918201296754,0.008072438331478,-0.023268674717487,0.0089400264354579,0.0246828716816757,0.0,0.0,-0.0061500594389639,0.0202521171862786,-0.0246797886452892,0.0,0.0095398351764171,0.0052734751224257,0.0,0.0,0.0,-0.0100485494789104,-0.0199072519442897,0.0,-0.0180139982388596,0.0103175417420449,0.0,-0.0136120552145453,0.0,-0.0194062221755596,0.0,-0.0176559951467452,0.0128863984782544,-0.0252211351812754,0.0,-0.0150393577626703,0.0085457079363277,0.0200159533344173,0.0296995913525014,0.0,0.0,-0.0051965351774801,-0.0153397109369331,-0.0074223476401981,0.0179550623094265,0.0125699424739974,-0.0124825478831141,0.0256889357881967,-0.0181684795897538,0.0,0.0115210465717409,0.0044689347593427,0.0099425577980728,-0.0169709581644777,0.0,-0.0091572088012991,0.0253067822466894,0.0,-0.0112061739757862,0.0,0.0,-0.0098854499103579,0.0,-0.0042447543774641,-0.029037222181897,-0.0130866903313485,0.0139360213614077,-0.0080698394889958,0.0062149893383829,0.0,0.0087976835380809,-0.0023134398336537,0.0109147249969365,0.0,0.02057256500629,0.0090689734837117,0.0088184832386518,0.0,0.0,0.0,-0.0096006116764856,-0.009412306984516,0.0,0.0,0.0256045541520078,-0.0074769478126673,0.0,-0.0142652035441566,0.0146856398195638,-0.040886989807195,-0.0272238969012672,0.0115644436065563,0.0056916339872002,-0.0070025546224146,0.0411898319153789,0.0061477128269968,0.0,0.0,-0.0030810626086315,0.0,-0.0172758643980137,0.0,0.0053336151909467,0.0,0.0,0.0,0.0051048190932779,0.0,-0.0141813855656058,-0.0183332134506146,0.0027804220569631,0.0073370202061831,-0.021056142764088,0.0,-0.0183948036982973,0.0087895913613025,0.0128176463639501,0.0,0.0,-0.0160442877442056,0.0174505835627745,-0.0114923364334502,-0.0178049554745004,0.0
sid3683-noisy-COSINE-5068-F_array1_35.wav,0.0,0.0,0.0066238143547049,0.0,0.0,0.0,0.0,-0.0147673433320371,-0.0087385311216548,0.0,0.0149495986928519,-0.008660877617546,0.0267651070328004,0.0103079235474259,0.1183904473093793,0.0070582983785789,0.0143959973485025,0.0,-0.0148499185895384,-0.0076296077950784,0.0,0.030284602664452,0.0163764736663729,0.0,0.0143340586111393,0.0102563551720626,-0.0081805026163713,-0.0131918043659976,0.0056414258597358,-0.0020181429216635,-0.0047895272804501,-0.0182090033994975,-0.0187381613015011,-0.0392170266280464,-0.0282069478079615,0.0,0.0,0.0,-0.0269741092094332,-0.0067409085946692,0.0118104178492072,0.0070105527960904,-0.0110847642164907,-0.0125709820883481,0.0,-0.0046170287304018,-0.011239588529121,0.0,0.0,-0.0366298466709986,-0.0045816688155772,0.0,-0.0248470362994232,0.0,0.0060277393355284,-0.0098526531552176,0.0,-0.0178893593056198,0.0,0.0,0.0,-0.0107148451883171,0.0,-0.0191793105328162,-0.0063075198853536,-0.0255009646760361,-0.0285185633838219,0.0,-0.0108775708972074,-0.0227884212708973,-0.0130869621528608,-0.0142532928527288,0.0,-0.0096715155021476,0.006514998331848,-0.0051311908206964,0.0,-0.0061065936754131,0.0,0.0182954930035277,0.0187853561305277,0.0,-0.0191442734668865,0.0053932680747177,0.0125125284889363,0.0,-0.0057926372542496,0.0,0.0046325414821411,-0.0226161401802949,0.0090614784286335,0.0,-0.0349209419591063,-0.0067430809619831,0.0,-0.0052448544000629,0.00839630833083,-0.0187988171134763,0.0077513043297579,-0.008703844372811,-0.0034326058396605,0.0,0.0,0.0,0.0,0.0101246093461339,0.0086835196052882,0.014525448151196,0.0106921326500271,-0.0092302479679393,0.0,0.0126186577784795,0.0,0.0,0.0,0.0086372756370132,-0.0124580015991369,-0.0100258102181134,-0.0119901893441127,0.0154933292979913,-0.016112799694756,0.0216115959123976,-0.0109519265767439,0.0068761850757392,0.0,0.0,0.0,0.0,-0.0060807344277766,0.0,0.0,0.0,0.0,-0.005604287564055,-0.0114654219096607,-0.0146658761975485,0.002913337047672,0.0,0.0168158440716449,-0.006954027231779,0.0085681734045112,0.0,-0.0084765846859626,0.0,-0.0097690183090781,0.0,-0.0037323251514185,0.0,0.0133136013855999,-0.0151447028994728,0.0,0.0,-0.0072880468115668,0.0095527391688254,0.0060842679171957,0.0072201536335277,0.0059082954504497,-0.0056298243332033,0.0116836220540593,0.0141547347608437,-0.005764670693277
sid5337-clean-COSINE-7408-M_close_152.wav,0.0,-0.0049546989639069,-0.0072031630942363,0.0,0.0,-0.0044492799350937,0.0,-0.0112725271560298,0.0,0.0,-0.0282471386298128,0.0,0.0,0.0,-0.0704862016926775,-0.0275997079975194,-0.0157633415498728,-0.0108805708956824,0.0,0.0149411988323546,0.0220441131771048,0.0,-0.013607519814839,-0.0214210037975392,0.0,-0.0105290511824043,0.0261781073999424,0.0207309356623166,-0.0022524235276168,0.0,0.0,0.0124442865771813,0.0,0.0,0.0142870653544255,0.0,0.0,0.0,0.0,0.0,0.0,0.0,0.0,0.0,-0.0072623337459347,0.0,0.0,0.0,0.0,-0.0191757587534798,0.0,0.0,0.0,0.0,0.0,-0.0082717426015897,0.0,0.0,0.0,0.0,0.0,0.0,0.0,0.0,0.0,0.0,0.0,-0.0040690213457221,0.0,0.0,-0.0040379207029128,0.0,0.0,0.0,0.0,0.0,0.0,0.0,0.0235805254608893,0.0120567442757791,0.0153048629992939,0.0210301391083022,0.0,0.0224935273977833,0.0,0.0,0.0,0.0,0.0,0.0,0.0,0.0,-0.0066369200509352,-0.0075782836248671,0.0,0.0121514856190274,-0.0088448202052289,0.0,-0.0061503771519705,0.0,0.0,0.0,0.0,-0.0098609051147164,0.0,0.0,0.0,0.0,0.0,0.0,0.0,0.0,0.0,0.0,0.0,0.0,0.0,0.0124042155403263,0.0,0.0,0.0,0.0,0.0,0.0,-0.0066961845665126,0.0,0.0,0.0,-0.0109705005977055,0.0,0.0,0.0,0.0,0.0171370930797514,0.0,-0.0102460762494123,0.0,0.0,0.0,0.0,0.0,0.0,0.0,0.0,0.0,-0.008876262820401,-0.0068355216851176,-0.0069330728346653,0.0,0.0,0.0,0.0,0.0,0.0,0.0,0.0,0.0,0.0,0.0,0.0,0.0
sid3330-clean-COSINE-3904-M_close_12.wav,0.0,-0.0180612634267917,0.0096948359360509,-0.0100648705676659,0.0,0.0,-0.0427874343411997,-0.007878461279532,-0.0131070858633832,-0.0338719161693985,0.0071587897527149,0.0041757943522607,0.0164689489589889,0.0,0.0084001437837802,0.0104576713757543,-0.0063967669890344,0.0071542349960913,0.0,-0.0535856465530259,-0.0143634757192355,-0.0075238916651892,0.0108704348490463,-0.0091873647891167,-0.0094331832330101,0.0114258554146953,0.0056907941363882,0.0064502101874028,-0.0262698893578378,0.0071836046747375,0.0110908924041437,-0.0027307095264478,-0.0136822643868643,0.042371149121527,-0.0048898606959375,0.0,0.0,-0.0105787198547788,0.0269690753626014,0.0152976535214398,0.0,-0.0023995856180401,0.0118124222789279,-0.0185444531563244,0.0109694322374228,0.0,0.0065097669728624,-0.0081049802241436,-0.0079514858304962,0.0111016561020861,-0.0046667354893502,0.0129304566725871,-0.0029095455457759,0.0081194318996458,-0.0195770198964456,-0.0263259953071168,-0.0144806296736517,-0.0145477820541054,-0.0109217063834365,0.0,0.0,-0.0096761057393723,0.0,-0.0093764759963531,-0.0245566852110866,-0.0145026216979368,0.0,-0.0070252707323593,0.0099754558257178,0.0103392317907096,0.0181761315734822,0.0,-0.0161834254323843,-0.0061435449904886,-0.0237844194236114,-0.0048838137406886,0.0,-0.0208797704423604,0.0071623627011174,0.012083087835796,0.0150517976106773,-0.011763120488404,0.0313854413657098,0.0,0.0,-0.0080967637498626,-0.0076034903824839,0.0158064502772976,-0.0174071779357781,0.0072749417549195,-0.0038027128373394,-0.0246715361701637,0.0,0.0054405576422534,0.0064829079323221,-0.0127633754408346,-0.0133070065652039,0.0,-0.014365989323503,0.0,-0.0111827517364408,-0.0024866326188455,0.0,-0.0066027241179713,0.0126495248711216,-0.0044466740309788,-0.0184428570558415,0.0,-0.0149364967345115,0.00518482758506,0.0,-0.0144073157543274,-0.0165380446708708,-0.0011961265805564,-0.0036843915134132,-0.0076371123726234,0.0,0.0117740545011748,-0.0132701399338367,-0.014328043642951,-0.015044280200242,0.0,0.0182118883660705,-0.0147498117195437,-0.0050680041912144,-0.0146480923843623,-0.0056073777739066,0.0085417738450228,-0.0063084463424811,-0.0308600691631335,-0.006908447554739,-0.0170543496421837,0.0034164129437973,-0.0369694466598541,0.0,0.0067854914726783,0.014018890449366,0.0,0.0,-0.0080499110733194,0.00714352697605,0.0,0.0,0.0,0.0,-0.0053034755501062,0.0,0.0,0.0,0.0,-0.0093486822543331,0.0154418755300604,0.0,-0.015762199309043,0.0112565330108602,-0.0183927531099609,0.0078236370884503,-0.0105481562058144,0.0,-0.0146442254506264,0.0
sid0361-noisy-COSINE-0622-F_array1_200.wav,0.0,0.0115343483073554,0.0,-0.0039835688236004,-0.0086155509642238,0.0,0.0,0.0,0.0,0.0,-0.0194705132464967,-0.0112936731497751,0.0089317501944684,0.0074478745446213,0.0,-0.0099348291688981,0.0,0.0,0.0108997515940946,0.0,-0.0405941392736768,-0.0166952221845144,0.0329956197601925,0.0,0.0445984486992923,-0.0097995494076489,0.0,-0.0063969523987429,-0.009383592233668,0.0,0.0068906448609022,0.0,-0.0166361362028861,-0.0121353894368436,0.0077494650926053,0.0157172398469961,0.0,-0.0197204807608153,-0.0114863158620514,-0.0630469136755119,0.0085582249913632,0.0,-0.0053768160550809,-0.002788550807672,0.0,0.0,0.010042839731609,-0.0126361339708844,0.0,0.0090060868026002,-0.0095909688553951,-0.0078262475415928,0.0048212775704807,0.0365454648930259,0.0,0.0067498047885181,-0.0116849423608103,0.0073588441681215,0.0,0.0,0.0,0.0961225802587854,0.0690400431368558,-0.0039491224043387,0.0,0.0,0.0135266500019095,0.037310976067898,-0.0069518491353794,0.0,0.0089508265665465,-0.0140627661562711,0.0261557600507943,0.0,-0.0366281649173299,-0.0089579815924718,-0.0068387020077747,0.0356944594154765,0.0174127252168275,0.0055944819828313,0.0095090013091305,0.0088576281566011,0.016114630406427,0.0231420432207826,-0.0033141525539293,0.0,0.0108435078673957,-0.0278166941392721,0.0,-0.0241691242292277,-0.0062433726551524,-0.0341319909940116,0.0,-0.0067073411090894,0.0,0.0,-0.0064036984360263,0.0,0.0,0.0065901550460246,-0.0267777400745004,-0.0036501291169828,0.0,0.0,0.0,0.0129781709485161,0.0,0.0,0.01629891846973,-0.0137237451417641,0.0,-0.0095517027621026,-0.0043739642042871,-0.0092525266285541,0.020501642211831,-0.0206056884257885,-0.0041310242964622,0.0,-0.0035602093192685,-0.0036213734413946,-0.006699834157016,0.0172316584910352,-0.011298424681613,-0.0106618845048113,0.0138208300808827,-0.0255547964584875,0.0101591442066954,0.0,0.0090183932334306,-0.0062787432264507,0.0,-0.0163120309322615,0.0,-0.0069441880012144,0.0142304606453198,0.0,0.002934631966878,0.0032222939152975,0.0,0.0,-0.0061061224928309,-0.0077257201310663,-0.0062257668398072,-0.0083080545376584,-0.0149693532250087,-0.0148465407661611,-0.0152079624508589,0.0078412604355304,0.0,-0.0419813811474796,-0.004739047494124,-0.0135201486760087,-0.0139837308666357,-0.026480961600662,-0.0015835083548089,-0.0075120847634389,-0.0055919089912489,-0.0114865987627434,-0.0215144977115156,-0.0135303415468311,-0.0189742557266664
sid1815-anchor-COSINE-2734-M_close_90.wav,0.0,0.0,-0.0123389181182961,0.0,0.0,-0.0146939455113292,0.0,-0.0125735002756277,0.0,0.0,0.0,0.0,0.0174099819903663,0.0,-0.0093760624425561,0.0,0.0,-0.028887685728491,0.0,0.0,-0.1064442561913558,0.0,-0.0148403592057401,0.0202782326213575,0.0266363784790852,0.0226355378614079,0.0542129952569723,0.0253580387220698,0.0200049599336556,0.028994725690269,0.0310076728349084,0.0121767279146041,0.0143110696698028,0.0,0.0186316542812001,0.0,0.0172661085957196,0.0,-0.0119529454933645,0.0,0.0,0.0,-0.0108277937372914,0.0,0.0,0.0,-0.0043803672096639,0.0,0.0119249628966003,0.0,0.0,0.0,0.0,0.0,0.0,-0.0109265803693204,0.0,0.0,0.0,0.0,0.0,0.0,0.0,0.0,0.0,-0.0044049049332011,0.0,0.0,0.0,0.0,-0.0250597412212128,0.0,-0.0173225625796925,-0.0047460714825011,0.0,0.0,-0.0109117140798381,-0.0055628025836167,0.0,0.0,-0.013408406584633,0.0,0.0145437723163664,0.0,0.0,0.0,0.0,-0.0098661763734422,0.0,-0.0090999209414664,-0.0131002701063885,0.0,0.0,0.0,0.0,0.0,0.0097128074132218,0.0,0.0,0.0,0.0,0.0,-0.0119744832465353,0.0,0.0,0.0,0.0,0.0,-0.0123086512301511,0.0,0.0,0.0,0.0109606610676921,0.0,0.0,0.0,0.0,0.0,-0.0127878297770536,0.0,0.0,0.0,0.0,0.0,-0.010641328453563,0.0,0.0,0.0,0.0,0.0,0.0,0.0,0.0,0.0,0.0136949140791989,0.0,0.0,0.0,0.0,0.0,0.0,0.0,0.0,0.0,0.0,0.0,0.0,-0.0069025948998305,0.0,0.0,0.0,0.0,-0.0089162945930475,0.0,0.0,-0.0148358094688873,0.0,0.0,0.0,0.0,0.0
sid1816-anchor-COSINE-2734-M_close_91.wav,-0.0045585907399941,-0.0254007168517349,0.0,-0.0081917872198259,0.0,-0.0032623707803491,0.0,0.0,-0.0203291545929838,0.0,0.0,0.0,0.0,-0.0257264549645264,-0.003879027664879,0.0,-0.0108399256302196,0.0,0.0,0.0,0.0195712292924448,0.0,0.0165998402736544,0.0137825932225776,-0.0369013621171319,-0.0080752580444131,0.0,0.0,-0.0215335633223207,-0.0414504541943569,-0.0107829869586779,0.0,0.0,-0.0113280953755208,0.0,-0.0146714053173304,-0.0051006886652012,-0.0193757874796698,-0.0148023868957067,-0.0078752310221081,-0.0121887206040601,0.0,0.0,0.0,-0.0077421397608197,0.0,0.0,0.0,0.0,0.0,0.0133017853047112,0.0177573589037777,0.0,0.0,-0.0155306210110739,0.0,-0.0035331286993818,-0.008955843638002,-0.0060718446864392,0.0,0.0,0.0,0.0,0.0,0.0,0.0,0.0,-0.005325600690333,-0.0053841511548136,-0.0084446077345206,0.0,0.0,0.0,-0.0042420019915869,0.017750538782759,0.0,-0.0045953276305754,0.0,-0.0038627326483365,0.0,-0.0037343013473754,-0.0142772250487034,0.0,0.0,0.0,0.0,0.0,0.0,0.0,0.0,0.0,0.016938684145404,0.0,0.0,0.0,0.0,0.0,0.0,-0.0024427326622874,-0.0121184955252081,0.0,0.0,0.0,0.0,0.0,0.0141822500736217,-0.0134675180507445,-0.0030097543048004,-0.0080909424914675,-0.0029495256323979,0.0,-0.0094063409382858,0.0,-0.019720465580675,0.0,0.0,-0.005762156022073,0.0,0.0117743578670655,-0.0064508855653778,-0.0105102476934328,-0.014492405734017,0.0,-0.0016513521577262,0.0,0.0,-0.0108947921996544,-0.0035848979532346,0.0,0.0,-0.0041322631364266,-0.0083686891414051,-0.003753151669784,0.0,0.0,-0.0090782396998378,-0.0050238913256393,0.0,0.0,0.0,0.0215017853932755,0.0,-0.005777229107455,-0.0050032157478758,-0.0059489796903373,0.0,0.0,0.0,-0.0021465451840141,0.0118870644548531,-0.0044056896486947,-0.0041139243704444,-0.0072465265854686,-0.0067564465466555,-0.0003151639754527,0.0179746839957542,-0.0017361224626207,-0.0115644638442016,-0.004270495584112,0.0,-0.0044165653480428
sid0961-noisy-COSINE-1399-F_array1_350.wav,0.0,0.0,0.0,0.0,0.0,0.0473028428914721,0.0143839303088066,0.0,0.0433576820602891,0.0,0.0,0.0,0.0,0.0,0.0369413159539673,0.0,0.0,0.0130981292792875,0.0,0.0148269346354054,0.0,0.0,0.02419757209396,0.0,0.0218685681284327,0.0134221038639227,0.0251858818306421,0.0453973474269519,0.0127626882753475,-0.0153165689920016,0.0,0.0222071838583953,0.0,0.0215119731915217,0.0,0.0283593734528253,0.018957198570375,0.0,0.0,0.0,0.0,0.0,0.0,0.0,0.0,0.0,0.0,0.0,0.0,0.0,0.0,0.0066633221489083,0.0,0.0,0.0,0.0,-0.0206864439314716,0.0,0.0,-0.0151178037033542,0.0,0.0,0.0,0.0,0.0,0.0,0.0044525451628236,0.0,0.0105851379187483,0.0,0.0,0.0,0.0,0.0,0.0,0.0,0.0,0.0,0.0,0.0096086667522473,0.0070064892998891,-0.0148680244772537,0.0,0.0,0.0,0.0,0.0,-0.0132422410852346,0.0,0.0,-0.0196046145752673,0.0,0.0,0.0,-0.0119322717547669,-0.0111346226925925,0.0,0.0,0.0,0.0,0.0,0.0,-0.0135123654775953,0.0,-0.0195101135956921,0.0,-0.0191743829433014,-0.0152956674312015,0.0,0.0,0.0,0.0,0.0,0.0,0.0,0.0,0.0,0.0091159956750653,0.0,0.0,-0.0135539367148287,0.0,0.0,0.0,0.0066012906645541,-0.0143649451946325,0.0,0.0,0.0,0.0,0.0,0.0091877607261101,0.0,0.0,0.0,0.0,0.0,0.0,0.0,0.0052594812037845,0.0,0.0,0.0,0.0,0.0,0.0,0.0,0.0,0.0,0.0,0.0,0.0,0.0,0.0,0.0,0.0,0.0,0.0,0.0,0.0,0.0099014585581649
sid5333-noisy-COSINE-7408-M_array1_149.wav,-0.0080293759479806,-0.0102649619198873,0.0,0.0,0.0,0.0,0.0,0.0,0.0,0.0,0.0,-0.0166748871282804,0.0,0.0,0.0,0.0,0.0187235366078553,-0.0146797267829223,-0.0016398222092292,-0.0029277676009909,0.0,0.0,-0.0247478050587907,0.0,-0.0077432768974877,-0.0250002474965337,0.0,0.0,-0.0071466986282738,-0.0007640788466072,0.0134731119461973,0.0,-0.0087804946056188,0.0,0.0,0.0147505590828112,0.0250160635587012,-0.0285557417289219,-0.0063175378744592,-0.0191179706782127,-0.0077471994662068,0.0,0.0,0.0,0.0,0.0,0.0,0.0,-0.0208903984243284,0.0,-0.0597761675762208,-0.0096887068798173,-0.0146874689066798,0.01075431756532,0.0,-0.0482639789059178,-0.0550030985276585,0.0148399854925152,0.0,-0.0350862055355473,-0.0104107630956941,-0.0120199351932261,-0.0054384528003883,0.0087682214296209,0.0122110061724979,0.0,0.0,-0.0219540513504501,-0.0127921917268981,0.0,-0.0210877612572435,0.0,-0.0092266822152655,-0.0185952422956371,0.0,0.0,0.013311203025434,0.0118239985639502,-0.0075949042981722,0.0,0.0,-0.0210868521128987,0.0,0.0113170260382839,-0.0129071158540733,0.0,0.0,-0.0093431269792577,0.0,-0.0218784085701571,0.0110282410380408,0.0,-0.0116322627392097,0.0,0.0,0.0,0.0,0.0145595377599155,0.0,0.0,-0.0063413918382425,0.0,0.0,-0.0158767741315504,0.0,0.0,0.0,-0.0056688171822328,0.0075936652311397,0.0,0.0,0.0,0.0,0.0,-0.0146973151439003,0.0,0.0165580676487036,0.0116344980116935,0.0,-0.0064964872762121,-0.0064691319599764,-0.0111664970262946,0.0085499877310258,-0.0025670791247554,0.0142491063151135,-0.0186795222301104,0.0,-0.0130274104667446,0.0,-0.0026347965561019,0.0,-0.0050944440622171,-0.0129280613804703,-0.0064952090532327,-0.0104125105701772,0.0,0.0,0.0194374890226832,0.0199630273418565,0.0,0.0,0.0,0.0072175997386434,-0.0065573140275405,-0.0050322601373885,-0.0101094191469773,0.0,0.012064394331562,-0.0106939677336035,-0.0047084437487743,0.0,-0.0134862310398807,0.0173848496051908,0.0,-0.009441333525284,0.0,-0.0090173268508324,-0.0090582301151645,0.0105174916835604,0.0,0.0095324837998306
sid4445-anchor-COSINE-5897-F_close_96.wav,-0.0076022615215684,-0.0051931609606697,-0.0127732567397828,-0.016973562059244,-0.0021428334111694,0.0100686814076276,-0.0188287725300598,-0.0190860124487951,0.0,0.0,0.0164031421435814,0.0,0.0,-0.0062926507885134,0.0098027832089931,-0.0096682354997622,0.0,-0.0190185442267582,-0.013519426157905,-0.0145943037680419,0.0,-0.0090147301261317,-0.0165320770347721,-0.0079256895288962,-0.0276183740241469,-0.0078566651164278,-0.0122376582046158,0.0077512217547825,-0.0152504425971931,0.0117478048495289,-0.0073872830567216,-0.0058385060112675,0.0,-0.0059445127768217,-0.0107829780784307,-0.0335910473280291,-0.0092809989189287,0.0,0.0,-0.0118648404316095,0.0,-0.0110277463704986,0.0,0.0,-0.0217018985780918,0.0,-0.0097414892927662,0.0,-0.0045495344820018,-0.0310252887620419,0.0077543195739841,0.0,-0.010521940599851,0.0,-0.0076156127016056,0.0,-0.0109507391563796,0.0,-0.0271560276286694,-0.0022643937860251,0.0,-0.0111945431968103,-0.0035009620697311,-0.0190170554447407,0.0,0.0,0.0,0.0,0.0,0.0,-0.0052247374118451,0.0,-0.0171391746719645,0.0,0.0119816449060787,0.0072451902187343,-0.0164928051834729,0.0086808292381505,-0.0212957324439412,0.0,-0.0111444018174134,-0.0019305354324175,-0.0327433372938157,-0.0162634891830625,0.0130411199362554,0.0149067056210069,0.0,-0.0045516793669588,0.0,-0.0114141244347674,0.0082080493578298,-0.0152572871165414,0.0,0.0,0.0104138276705693,0.0211472957723331,-0.0115804957537898,-0.0277623502284158,0.0,-0.0178084449764911,0.0,-0.0105870136717473,-0.0063316706234156,0.0218709345512591,-0.0103173976690011,0.013085208750102,-0.0130695119965165,-0.014934754947031,-0.0253863545269033,0.0,0.0075529838386883,0.0,-0.0114832745682577,-0.0201262038422744,-0.0097150128252249,-0.0097086412978616,0.0,-0.0287091040000589,-0.0144756102363205,0.0,0.0,-0.0088802061271353,-0.0338854527976128,-0.0179083929929099,0.0132753302402117,0.0,0.0212693933177,-0.0092613599211323,0.0107781794431121,-0.0017358532253662,0.0081698320298859,-0.0327561529658494,0.0,-0.0151250747777935,0.0,-0.0052909722678992,0.0,0.0098621002898322,0.016712282935376,0.0263849079964611,-0.0317242557611319,-0.0178185427266639,-0.0199575687069796,-0.0007876258283841,-0.0080238477569315,0.0,0.0,-0.0088920873809526,0.0,-0.0132803861052165,0.0069966705421813,-0.0157696696751147,0.0109029585675703,0.0077212684521127,0.0,0.0,0.0,-0.0050079073503667,-0.0193320531659773,-0.0130712684959297,0.0270012045725268
sid3114-clean-COSINE-3826-M_close_132.wav,0.0,0.0354391638171274,0.0,0.0,0.0,0.0,0.0,0.0,0.0,0.0011327754257681,0.0,0.0,0.0129966104033777,0.0442725290439555,0.0,0.0,0.0,0.0283289460424811,0.0,0.0479627504266051,0.0226240322498521,0.0,0.0213408461540319,0.0123132007878086,0.0099046652649993,0.0,0.0,0.0,0.0076363277660518,0.0029446663721477,0.0102403399856051,0.0,0.0147105811034019,0.0,0.0,0.0029865271027018,0.0,0.0,0.0,0.0,0.0,0.0,0.0,0.0,0.0,0.0,0.0,0.0,0.0,0.0,0.0,0.0,0.0,0.0,0.0,0.0,0.0,0.0,0.0,0.0,0.0,0.0,0.0,0.0,0.0,0.0,0.0056573185302606,0.0,0.0,0.0,0.0038790202074406,0.0036668495652657,0.0,0.0,0.0,0.0,0.0,0.0,0.0,0.0,0.008298285706345,0.0010391379229187,0.0,0.0,0.0,0.0,0.0,0.0,0.0,0.0012547518093581,0.0,0.0,0.0,0.0,0.0,0.0,0.0,0.0,0.0,0.0,0.0,0.0,0.0,0.0,0.0,0.0,0.0,0.0,0.0,0.0,0.0,0.0,0.0,0.0,0.0,0.0,0.0,0.0,0.0,0.0,0.0,0.0,0.0,0.0,0.0,0.0,0.0,0.0,0.0,0.0,0.0,0.0,0.0,0.0,0.0,0.0,0.0,0.0,0.0,0.0,0.0028010600458612,0.0,0.0,0.0,0.0,0.0,0.0050943487229393,0.0050837106562503,0.0,0.0021105465022518,0.0,0.0,0.0,0.0,0.0,0.0,0.0,0.0,0.0,0.0,0.0
sid4685-anchor-COSINE-6463-F_close_34.wav,-0.0070202151747307,0.0,0.0113815312722114,0.0,0.0,0.0,-0.0211481251568097,0.0,0.0,0.0,0.0,0.0,0.0113574059636018,-0.0100486845697043,0.0,0.0,0.0,0.0,-0.0059198038968471,-0.0353729630023483,0.0,-0.0280351652140855,-0.0058381063528966,-0.0158093128397114,-0.0068376563752585,0.0,-0.0111188637503991,-0.0043434114897475,-0.0198811567964441,0.0144664190565011,-0.0205327127906178,0.0250267833659552,0.0,0.0186447687527973,0.0108717095767304,0.0370330460246041,-0.012757463701958,-0.0116667196853762,0.0,0.0082276343986996,0.0,-0.0024626298664593,0.0162378279928399,-0.0077102470441376,-0.0176640624273065,-0.0089297631833663,0.0,0.0,0.0,-0.0071746498242006,-0.0255476318321072,0.0075064763821029,0.0,-0.0100980040337137,-0.0261945848039235,-0.0132485428327858,-0.0082431829303189,-0.0062585146817854,-0.0147422276872419,0.0,0.0,0.0091347760721616,0.0,-0.0101668259931848,0.0061808498203419,-0.0053590617980494,0.0,-0.0096541083428932,-0.0081519227493325,-0.0071822954211963,-0.004144220802677,-0.0038799334037539,-0.0033628658316633,0.0,0.0,0.0,-0.0203109299411566,0.0,0.0,0.0152383929657005,-0.0043607746939891,-0.0012008266221821,0.0,0.00630441576786,0.0,0.0,0.0,0.0,-0.0065676720954697,0.0,0.0,0.0,0.0,0.0,-0.0080556320354551,0.0,0.0,0.0,-0.0043798017088989,-0.0186764024615811,0.0089839241293871,-0.0085904828685212,-0.0087530014595902,-0.0083758799867037,0.0,0.0,0.0,-0.0016333143852218,0.0,-0.003003501484786,-0.0118416074111633,0.0,-0.01410039564081,0.0,-0.0038680171806051,-0.0099072890965765,-0.0103489002896474,-0.0012100439264412,0.0,-0.0150252701333245,-0.0044084600951424,0.0,0.0,-0.0130937399971858,-0.0182135783698141,0.0,0.0129610295064734,0.0,0.0,0.0,0.0,0.0,0.0,0.0,0.0104541852970903,0.0088675403899177,0.0,-0.0020718407243449,0.0143756093417096,-0.0072082544197918,0.0,0.0,0.0,-0.0072620685675512,-0.0040214758303136,-0.0103588349676836,0.0,0.0,0.0,0.0,0.0,0.0,0.0,-0.0052231856412705,-0.0117188565996879,0.0,0.0,0.0102122186644261,0.01147311488486,0.0085301270366281,0.0
sid4551-noisy-COSINE-6463-F_array1_204.wav,0.0,0.0,-0.0122233123034243,-0.0064692781820202,0.0,0.0,-0.0123134784419483,0.0,0.0,-0.0017316725181419,0.0,0.0,0.0,0.0,0.0,0.0301306596724292,0.0,-0.0056410013168354,0.0,0.0,0.0,0.0,0.0,-0.0184913084150441,0.0,0.0,0.0,0.0,0.0,-0.0165241378235445,-0.0488560252358588,0.0,0.0,-0.0311165834806004,-0.0183309306901829,-0.0131915108265723,-0.0231550980578793,-0.0429140895001967,0.0,-0.0165825056369123,0.0,-0.0023101308442537,-0.0114451241183898,0.0,-0.0102235187746078,-0.0089556281195128,-0.0019450487487736,0.0211676982723938,0.0,0.0,0.0,0.0,-0.0025275352718028,-0.0110462031847035,-0.0052155657579436,0.0,0.0,0.0,0.0,0.0,-0.0044883145971352,-0.001588154238967,0.0,0.0,0.0,0.0,0.0,0.0,0.0,0.0,0.0,0.0,0.0,0.0,0.0,0.0,-0.0041967687006576,0.0,0.0,0.0,0.0,0.0,-0.0052164373947925,-0.0010162643201465,0.0,-0.0058172733579069,0.0,0.0,0.0,0.0,0.0,0.0,0.0,0.0,-0.0062661884231972,-0.0046767045854217,0.0,0.0,0.0,0.0,0.0,-0.0129202750710481,0.0,0.0,0.0,0.0,0.0,0.0,0.0,0.0,0.0,-0.0028779347576158,0.0,0.0,-0.0051615058750537,-0.0146505646927371,0.0,0.0,0.0,0.0211887317816727,0.0,-0.0170298114948561,-0.008639019082525,0.0,0.0,0.0,0.0,0.0,0.0,-0.0026762878850997,0.0144241114229133,0.0,0.0,0.0,0.0,0.0,0.0,0.0,0.0,0.0,0.0,0.0,0.0,-0.0066551152891326,0.0,0.0,0.0,0.0,4.9265527601323006e-05,0.0,0.0,0.0,-0.0051603490022432,-0.0015035018627058,-8.11516182857353e-05,0.0,0.0,0.0,0.0,0.0,-0.007257620836909
sid0557-anchor-COSINE-1278-F_close_151.wav,-0.0099603490009957,0.0,-0.0136602022979592,0.0,0.0189137176740695,0.0,-0.0049270480038276,0.0,0.0214558873109734,0.0,0.0,0.0,0.0,0.0,0.0070297246655115,0.0,0.0663174765013586,0.0209119818704733,0.0477714225555021,0.0,-0.0097367114915443,0.0,0.0114042496466921,0.0,-0.0119766710812582,0.0,0.0137889295973891,0.0576732874740583,-0.01882475712272,0.0426599349000495,0.0186841818726551,0.0122057035826697,0.023362022298269,0.0113559216305315,0.0,0.0,0.0,0.0,-0.013481365476623,0.0,0.0,-0.0202078884912943,0.0,0.0,0.0,0.0102751292286261,-0.0101518726069579,0.0,0.0,0.0,0.0,0.0094256217553283,0.0,0.0,0.0,0.0,0.0,0.0,0.0,0.0,0.0,0.0,0.0139666876702418,0.0,-0.0174285462581061,-0.0151205812899247,0.0,0.0157520775995351,0.0,-0.0145842731283595,0.0,-0.0121241215786729,0.0,0.0,0.0,0.0,0.0,-0.0309003195817201,-0.0150793322188987,0.0,-0.0105879903713992,0.0,0.0,0.0,-0.0329403681814908,0.0,0.0,0.0107810165539045,0.0,0.0183913319616335,-0.0210837390837132,0.0,0.0,0.0,0.0,0.0,0.0,0.0,0.0,-0.0165538682554108,0.0116370831637119,0.0,0.0,-0.0103143209813336,0.0,-0.0174359821430912,0.0,0.0,0.0,0.0,0.0,0.0,0.0,-0.014963006307852,0.0,0.0281772554390037,0.0,0.0,0.0,0.0208041674468743,0.0151341160651898,0.0,0.0,0.0,0.0060207233130099,0.0,0.0087159218092115,0.0,0.0,0.0,0.0,0.0,0.0,0.0,0.0,-0.0155870388570734,0.0,-0.0111825051116169,-0.012465705383542,-0.0145706926013502,-0.0149663571173552,0.0,-0.0096252854313411,0.0,0.0,0.0,0.0,0.0,-0.0120525336037819,-0.0230291890337822,-0.0140743738272036,-0.008492092102761,-0.0175008099443084,-0.0170297343660188,-0.0229227184390674,-0.0258706750773487,0.0,0.0,0.0,0.0,0.0
sid0101-clean-COSINE-0100-M_close_202-truncated.wav,0.0,0.0,0.0,-0.0588210872831968,0.0,0.0,0.0,0.0,0.011596125839496,0.0,0.0126513919695561,0.0152346315381609,0.0,0.0,0.0,0.0,0.0,0.0,0.0,0.0,-0.0336257308437109,0.0068919716612921,0.0,0.0,0.0,0.0,0.0,0.0,0.0201167317910012,0.0127483024901181,0.0036250790362916,0.0090061241362498,0.0,0.0,0.0007504059878388,0.0,0.0,0.0,0.008009385484454,0.0038788988890391,0.0,0.0076006076910039,0.0,0.0037021050087439,0.0,0.0,0.0,0.0,0.0081003126496605,0.0,0.0,0.0,0.0090527530978752,0.0,0.0071640327271188,0.0070832928120072,0.00794573525461,0.0,0.0,0.0,0.0,0.0118998098521255,0.0022074733181084,0.0,0.0,0.0,0.0,0.0,0.0,0.0,0.0021189192400127,0.0094689814089414,0.0,0.0038683662834645,0.0064489795530987,0.0,0.0,0.0068694569849754,0.0,0.0057489491336667,0.0,0.0,0.0,0.0026972900911125,0.0,0.0050909511356665,0.0103449835420716,0.0,0.0,0.0,0.0,0.0029439998754033,0.0,0.0,0.0,0.0,0.009576805530153,0.0,0.0063288697694304,0.0,0.0,0.0,0.0,0.0,0.0017065154008302,0.0,0.0,0.0,0.0035695378869571,0.002830055590163,0.0,0.0052595654554505,0.0025354122927216,0.0,0.001177013843127,0.0,0.0,0.0,0.0006588484370449,0.0,0.0,0.0,0.0072416992281884,0.0,0.0,0.0,0.0,0.0011086793569592,0.0055755418890107,0.00185653788511,0.0,0.0,0.0,0.0,0.0,0.0,0.0,0.0,0.0,0.0,0.0,0.0,-0.0228548495514755,0.004365323174201,0.0017040794840052,0.0,0.0035644297389316,0.0,-5.111905579996164e-05,0.0,0.0,0.0,0.0036692033357085,0.0,0.0,0.0,0.0,0.0,0.0,0.0,0.0
sid1857-clean-COSINE-2794-M_close_132.wav,0.0,0.0,0.0,-0.0023378726376754,0.0,-0.0385581567079442,0.0,-0.0018842329804772,-0.020406775396018,-0.0096122166062714,0.0,0.0114315526573371,0.0,-0.0103097566872252,-0.0513458974134495,-0.0718137835424129,0.0,-0.0106980830902419,0.0336898421540293,0.0,0.0207177828643652,0.0283506436020242,0.0104499303670503,0.0,0.0143992980375755,0.014955986995939,0.0197824481469948,0.027314018618324,-0.0084212576456975,0.0111485623853006,0.0064008455448944,0.0,0.0,-0.0068071055646806,0.0,0.0,0.0,0.0,0.0,-0.0063994690714194,-0.0069067748866234,0.0225303255057987,0.0,0.0,0.0,-0.0090154306452343,0.0,0.0,0.0,0.0,-0.0089060054482763,0.0,0.0,0.0123878073894247,0.0,0.0,0.0,0.0,0.0,0.0,-0.0165565316999733,0.0,0.0,0.0,0.0,0.0,-0.0139135343171824,-0.0104740418676899,0.0,0.0,0.0,-0.0087832516691926,0.0,0.0,0.0166383699559791,0.0104892945569477,-0.0040575203049472,0.0,0.0,0.0,0.0,0.0,-0.0083432660952028,0.0,0.0,0.0,0.0,0.0126656142643472,0.0,0.0,0.0,0.0,0.0,-0.0038516145280675,0.0,0.0,-0.0038517467894101,0.0110368365799193,0.0,-0.0096305762570844,0.0130673508461049,0.0,-0.0118361409857033,-0.0055829394399758,0.0,0.0,-0.0080406646589385,0.0,-0.0136491449493411,0.0,0.0118838449374934,0.0,0.0,0.0,0.0,-0.0150373886145016,0.0,0.0,-0.0065422434342189,0.0,-0.0122915223698064,-0.0088347808717031,0.0,0.0,0.0,-0.0113028029174441,-0.0099867438322019,0.0,0.0,0.0,0.0,-0.0149708221111316,-0.0123424560459178,0.0,0.0,0.0,0.0,-0.0099964140881673,0.0085685603019334,0.0,0.0,0.0141021483658463,-0.0089970696502261,-0.0076906923458998,-0.0054748705146784,0.0,-0.0153279240667017,0.0130652994677505,-0.0159065534578153,-0.0059994998234168,-0.0033975664205749,0.0,0.0138418056240359,0.0,0.0,-0.0048336473240926,0.0,0.0,-0.0113090120138085,-0.0086182855457948,0.0
sid3179-clean-COSINE-3826-M_close_199.wav,0.0112893426024254,-0.007369939262526,0.0125159888860538,-0.0025527597658623,0.0110637921229659,0.0064178434112533,-0.0022572181006171,-0.0150553667518744,-0.0049276483736469,0.0,0.0,-0.0070079222777639,0.0075869157104008,-0.0127862861966239,0.0273242135560055,-0.0063945749784365,0.0081586794586549,0.0,-0.0062282047047346,0.0081633922792992,0.0113732146584915,-0.018159211312426,0.0127912485599766,0.0,0.0186486550550113,-0.0106664192712811,-0.0032266671440645,-0.0020007227768148,0.0,-0.0032418826517941,0.0140700611490611,0.0036923044668234,0.0119751686084129,0.0,0.03625772158709,-0.0129061727897848,0.0541683044546744,0.0120830304406693,0.0570831317972939,-0.0031668968940607,-0.0157258944524709,0.0,0.0347575868115448,0.0122069263597586,-0.0217038976647393,-0.0180273125953047,0.0,-0.0248588859380651,0.0,-0.0288812960153117,-0.0028727811213754,-0.013498849727386,0.0,-0.0125439767487335,0.0,0.0057730935330431,-0.015250299781906,0.0045751311174879,-0.0089766281654811,0.0,-0.0172486598646236,0.0,0.0,-0.0068631547602432,0.0,-0.0020651330834342,-0.0055754171847791,0.0,0.0,-0.0154937807453715,0.0,0.0104862434377299,0.0,-0.0152056445843996,-0.0045564618548629,-0.0040191520589748,0.0057165628940858,0.0,-0.0296915776341335,-0.0217745177125814,-0.0079142996006429,-0.0237624124229641,-0.0136336113235006,0.0,0.0,0.0,0.0,-0.0158625851485885,-0.0068670803398707,-0.0043704388391134,-0.0079874698214346,-0.0050926299058913,-0.0060999418563882,0.0,0.0,-0.0091902291964357,-0.0164583175559449,0.0045591895095293,-0.002493033504798,0.0093239786139263,0.0,0.0,-0.0136111305692522,0.0062736243623019,-0.0171458377679677,0.0,-0.0159644087057546,-0.0037314962427475,-0.0120676174739783,0.0,-0.0059701036878238,0.0128449485477185,0.0,-0.0057517933119786,0.0,0.0,-0.0140080608214874,0.0115498209380869,0.0,0.0,0.0,0.0,-0.008722312239486,-0.0138268870713432,-0.0036738590780807,0.0195779053494726,-0.01065462610455,-0.0103313431014163,0.0,-0.016925046739532,-0.0060970484194657,0.0098538071686745,0.0,-0.0029932430497785,0.0,0.0106813375384543,0.0041399128710618,-0.0107867329044202,0.0045457419983088,0.0,-0.0139256147890785,-0.0071897552784806,-0.0188799360593193,-0.0094090155263099,-0.010515724501575,0.0,0.0,0.0,-0.0016309020572342,0.0216319193223248,0.0069275321728271,0.0,0.0,0.0065920761563238,0.0,0.0,0.0094351208161865,0.0037544304509333,-0.0127916769824454,0.0,-0.0051037461733613
sid1453-anchor-COSINE-2145-F_close_93.wav,0.0,0.0,-0.0254300399618012,0.0118973222671891,-0.0568828205702657,0.0,-0.0604949134323021,0.0204776280677527,0.0,0.0,0.0,0.0,0.0,0.0,0.0,-0.0725874431678247,-0.0219962946272211,0.0,0.0,0.0187959824925624,0.0028114067359081,0.0,0.0,0.0105678872260346,0.0,0.0,0.0093518374166471,0.0037868221173582,0.0,-0.0196452330883225,-0.025559035611904,0.0040731853370913,0.0206737252667953,0.0443269271953527,0.0473913811810961,0.0206894792670793,0.0,0.0135016867327458,0.0,0.0,0.0069237653689035,-0.0186150955981123,0.0,0.0360328168006335,0.0042723622591433,0.0,0.0,0.0,0.0,0.0,0.005327685951966,0.0246324328664224,0.0,0.0,0.0,0.0,0.0081986772832579,0.0119605485208029,0.0,0.0,0.0,0.0,0.0,-0.0225965096172198,0.0142485683689702,0.0044030625545516,0.0208183253945426,0.0114430655861537,0.0,0.0128114877744431,0.0,0.0100702596145062,0.0120649385690937,0.0,0.0,0.0158900120354456,0.0077293570648424,0.0,0.0,-0.0139302386565839,0.0,0.0,0.0,0.0,0.0155625128783088,0.0,0.0,0.0089756083062837,0.0142664007743804,0.0,0.0,0.0,0.0074346352905508,0.0233290556153298,-0.0170633411376835,0.0076582318224915,0.0,0.0135629792120254,0.0,0.0261893632209548,0.0107173814055241,0.0,0.0081582789617318,0.0194863773622346,0.0089198002536078,0.0155715659776518,0.0132808965171605,0.0,0.0,0.0167150217461295,0.0126858783024938,0.0,0.0159562992475818,0.0,0.0,0.0275338026466212,0.0,0.0064182790575034,0.0211863304221935,0.0,0.0,0.0,0.0143674264728568,0.0,0.0,0.0,0.0,0.0,0.0,0.0,0.0,0.0,0.0,0.0,0.0,0.0,0.0,0.0,-0.021802371409125,-0.0165628211104091,0.0,0.0,0.0,0.0,0.0,-0.0338595403185447,0.0,-0.033196057533232,0.0,-0.0158927812506487,0.0,-0.0272088818129711,0.0,0.0,0.0,0.0,0.0045481636687524,0.0,0.0145620524544338,0.0098500383326881,-0.0174282133711341
sid3308-clean-COSINE-3826-M_close_99.wav,0.0,0.0317638827181367,0.0,0.0,0.0,0.0,0.0005841620775983,0.0,0.007259484751133,-0.0475825025867107,0.0,-0.0313348206372354,0.009281574676795,0.0,0.0,0.0514921674129296,0.0315158335489904,0.0,0.0259139862107836,0.005531306914052,0.0,-0.0197479833132627,0.0,0.0036628026088618,0.0,0.0043114705095057,0.0239208617670023,0.0077679048816275,0.0042626048914295,0.0,0.0022884730580788,0.0,0.0,0.0,0.0162976176516196,0.0,0.0,0.0,-0.0262952453031947,0.0,0.0,0.0,0.0,0.0015099978732363,0.0168603957459453,0.0,0.006875584974851,0.0,0.0,0.0057319928099055,0.0154151525223955,0.0054417669613555,0.007512703482408,0.0,0.0,0.0075855511804202,0.0016489337122136,0.0104718885393808,0.0,0.0,0.0,0.010266810657565,0.0,0.0,0.0050440035274746,0.0,0.0,0.0,0.0,0.0,0.0,0.0,0.0,0.0,0.0,0.0,0.0041811263293093,0.0,0.0,0.0,0.0,0.007883443394426,0.0073660340524586,0.0,0.005655723720849,0.0046954943606421,0.0,0.0,0.0,0.0,0.0,0.0044892764165301,0.0,0.0055580634378604,0.0059391517346446,0.0109170212406356,0.008951952529794,0.0,0.0044926146054923,0.0072853867474342,0.0,0.0,0.0,0.0038709416639784,0.0091412634689938,0.0,0.0,0.0,0.0,0.0,0.0,0.0,0.0,0.0,0.0068901312528407,0.0,0.0,0.0,0.0046306422065711,0.0029265552793666,0.0092101431666647,0.0,0.0063309250614753,0.0,0.0,0.0,0.006523117466286,0.0,0.0020281326848141,0.0,0.0115347579747072,0.0,0.002725891301845,0.0,0.0026136697756981,0.0,0.0,0.0060394327020659,0.0131523198088281,0.0104799498401489,0.0030172743618557,0.0054945322598327,0.0,0.0026293739491846,0.0,0.0,0.0,0.0054756108912203,0.0,0.0,0.0,0.0,0.0,0.0,0.0,0.0,0.0,0.0083612942085253,0.0,0.0035180802158648,0.00810827904474
sid2219-anchor-COSINE-2898-M_close_156.wav,-0.0089044512730563,-0.0092576620349569,-0.0072598894706856,-0.0065127870275728,0.0,0.0132439349314812,-0.0039883594569267,0.0,0.0140615527816884,0.0,-0.0079659561911237,0.0,-0.0048285812567846,-0.0039694820047987,0.0073900206711994,0.0,-0.0009618614820852,0.0114938623058337,-0.0111146319625265,0.0,-0.0058646028663895,-0.0079433138845773,-0.0039718519000692,-0.018953173645434,-0.0086016886435825,-0.0159559378041145,-0.0182678222696842,-0.002933217053232,-0.0186711263731634,-0.0887309922337948,0.0,0.0,0.0066503972421877,0.0198924531440037,-0.0767737631307145,-0.0130105352172423,0.0,0.0479773033670603,-0.0100091967209531,0.0,0.0,0.0113469657685887,0.0064301966208641,0.0,0.0,-0.0068959264811419,-0.0083351768471965,0.0218072655797058,0.0085054098545393,0.0,0.062493410770264,-0.015056203855928,0.0131144219205826,0.0046690137828984,0.0048027269500411,-0.0138261659634694,0.0249539401489976,-0.0046835009859146,-0.0122692821876883,0.0099663221823834,0.0118079211661695,0.0117085798513418,0.0206950168194174,0.0,-0.0022910914007663,-0.0087131543248784,-0.0101438115240719,0.018050536292306,-0.0071865665188125,0.018500605432521,-0.012583897211377,0.0,-0.0135091815858019,0.0080053011485208,-0.0066912492570893,0.0070938635932176,0.0,-0.0089747638497198,-0.0228998888619455,-0.0155422946406047,-0.0209552250771953,0.0132080091112542,-0.0065747185288078,-0.0113738141127423,-0.0090955533830322,0.0060057380903255,-0.0058394721066196,0.0164272333437568,-0.0034337347087387,-0.0025887444838474,0.0,0.0,-0.0172700966975156,-0.0086320526530657,0.0,0.0102793256590066,0.0,-0.0105437926526066,0.0078767256181769,0.003506795655018,0.0126322741133571,-0.0173620664104842,-0.0033622092387538,0.0161983027332086,0.0,0.0,0.0,0.0,0.0161444387673762,-0.0111256726068863,0.0116565319496205,-0.0077712649145002,-0.0166061087740619,0.0,-0.0045436135750748,-0.0166571478990843,0.0,0.0039257771641565,-0.0059596420898641,-0.0061484828141091,-0.006172872778902,0.0034626742667761,0.0185177167835182,0.013349466712973,-0.0187005155228513,0.0,0.0098178200140676,-0.0027115576811923,-0.0093135305568212,-0.00902529875985,0.0,0.0087630857328512,0.0,-0.0202513776769078,0.0,-0.0058754074435589,-0.00863637363952,-0.0075436495162565,-0.0040699657666853,0.007956124115237,0.0076072131834741,0.0,0.0171048614700651,-0.0214356457611826,-0.0082842027541449,0.0144266368407401,0.0,0.0146764905085837,0.0,-0.0131332338273482,0.0,-0.0075943740163174,-0.0132662943108418,0.0122397713435315,-0.0010075955801852,0.0158508668849614,0.0,-0.0094824192542887,0.0,0.0,0.0
sid3611-anchor-COSINE-4174-F_close_54.wav,0.0,0.0,0.0,0.0091484462535114,0.0,0.0,0.0119216325333465,0.0,0.0151824820657038,0.0,0.0,0.0,0.0,0.0095539852008613,0.0028474796085497,0.0,0.0213328747134794,0.0058254435547151,0.0,0.0093411023794788,0.0101126849527155,0.0,0.0161122548471834,0.0207422838592019,0.0,0.0956909302608018,0.0,0.0332272445764117,0.0270055918922486,0.0107205070686807,0.0365777994467261,0.01465204923646,0.0326939103966213,0.0296897623470876,0.0,0.0,0.0,0.0047444563313178,0.0068534607988969,0.0230639862953131,0.0030463841388162,0.0186002773145744,0.0,0.0218979638808839,0.0,0.0,0.0,0.0099323342447442,0.0,0.0041493415142318,0.0,0.0,0.0106881133829514,0.0,0.0,0.0,0.0,0.0,0.0,0.0,0.0,0.0,0.0,0.0179839769098733,0.0079989431622184,0.0,0.0007593831123729,0.0,0.0,0.0178648250403616,0.0033988598747425,0.0,0.0,0.0,0.0,0.0,0.0,0.0099553166989794,0.0,0.0056259022106953,0.0,0.0012830804667136,0.0,0.0050806481528628,0.0,0.0,0.0,0.0112351764828288,0.0,0.0036706782415238,0.0,0.0,0.0107196087890703,0.0,0.0,0.0,-0.0324158164585117,0.0053630145398106,0.0,0.0,0.0,0.0,0.0,0.0,0.0,0.0107472631630102,0.0,0.0,0.0,0.0,0.0044985122174225,0.0,0.0057909801073838,0.0,0.0265114108705167,0.0,0.0140831755939971,0.0,0.0,0.0076044040204193,0.0067190421340049,0.0119123573981533,0.0,0.0,0.0120175193765038,0.025945961390488,0.0145723712398245,0.0132754039208496,0.0,0.0,0.0,0.0,0.0145577243405545,0.0139723209400488,0.0,0.0,0.0,0.0,-0.0335548209921919,0.0,0.0,0.0,0.0,0.0107149181347443,0.0128475683833141,0.0160771591760995,0.0158397736717894,-0.0335640363670036,0.0,0.013126286591366,0.006536167618626,0.0065608779727756,0.0098484285244289,0.0,0.0,-0.0417764994373015,0.0,0.0,0.0115907325398465,0.0,0.0
sid5365-noisy-COSINE-7408-M_array1_23.wav,0.0,0.0,0.0,0.0119723539123116,-0.0086969680640225,-0.0088385146045493,0.0,-0.0003770933781096,-0.01188842284946,-0.0182516505236966,-0.078526272777645,-0.0078873642139479,-0.0149223850476346,-0.0186508989246843,-0.0031011742621019,-0.0082698829740782,-0.0070828724489442,-0.0006811728017305,0.0100580259352299,-0.0080158241476691,-0.0221689253287931,-0.0216011932421308,0.0,0.0,-0.0183164926887806,-0.0056299406669068,-0.0021122487041527,0.0,0.0,-0.0224631236556549,0.0,-0.0161869831636748,0.0,-0.0173507093475594,-0.0073336797697678,-0.0103116650302128,-0.0059988241165464,-0.0110335559567188,-0.0182246185169779,0.0,-0.0145524108174051,0.011591036417898,-0.0069506198248267,-0.0104850954068683,-0.0016651320262012,-0.0139644638197088,-0.002926957946481,-0.0400138404041567,-0.003224230655129,-0.0186701478570835,-0.0206722406371611,-0.0079549107164475,-0.0080012458111499,0.0,0.0,0.0,-0.0136625266955735,-0.00623787305993,-0.0068228277814715,-0.000867974394973,-0.004924324508932,0.0163836656036907,-0.0028353931631359,0.0,-0.0173572954917709,0.0,0.0117275275578868,0.0,-0.0159281555949703,-0.0064267474968215,-0.0009937624681009,0.0,0.0,0.0,-0.0037619391796907,-0.0096499085553859,-0.0124334337337641,0.0136989509349693,0.0,-0.007611900264106,0.0,-0.003265848149898,0.0,-0.0101791069959084,0.0134043615374242,-0.0185389368540844,-0.0129335771016972,0.0,0.0,0.0,-0.0067076750242644,0.0,0.0,-0.006630984288872,-0.0034842025017666,0.0,0.0,0.0,-0.0062075441741662,-0.0037303161037825,-0.0049281675523748,-0.0015913980570904,-0.01038877181052,-0.008555575296636,0.0,0.0,-0.002772215380711,0.0,-0.0037024481977297,-0.001036446036172,0.0,0.0,0.0,-0.0329631346363732,0.0,-0.0032749095517428,0.0,0.0,0.0,-0.0110922656489877,0.0,-0.0119004913590628,-0.0039609769293292,0.0,0.0,0.0,0.0,-0.0033723125957018,-0.0065856592405607,0.0,-0.0030782447792432,-0.0029565971413217,-0.0028082859440537,-0.0139408374490483,0.0,-0.0037824732305863,0.0,0.0,-0.01466968682209,-0.0153108779369981,0.0,0.0,-0.0071763298095018,-0.0146002761137144,0.0,0.0,-0.0020207016991855,-0.001168108084634,0.0,0.0096325777028305,-0.016533542322319,-0.0016654657839366,-0.0069675749354605,-0.0048051376044041,-0.003330556568546,0.0,-0.0180357759772418,-0.0037942081737076,0.0,-0.0037207650536754,0.0
sid4443-anchor-COSINE-5897-F_close_94.wav,0.0,0.0,-0.0038305649940026,0.0,-0.0059450987372836,0.0081933649276894,0.0102193324454238,-0.007733316050026,0.0,0.0,0.0,0.0,-0.0039304140212872,-0.0171941973655559,0.0448151961649893,0.0261432282336775,-0.0082023830484351,0.0,0.0146595178409059,0.0,0.0,-0.0087350257914115,-0.0646029801812937,0.0,-0.0202673160874069,-0.0071289956466601,-0.0242309748795222,-0.007825717137839,0.037592308850689,0.0233460652352702,0.0152331044011758,-0.0086930002234356,-0.006295746395319,0.0,-0.0142165705545638,0.0,0.0,0.0,0.0,0.0,-0.0198764092491595,0.0169759461696193,0.0,0.0,-0.0042732012044734,0.0133636296697703,0.0,0.0,-0.011670382086108,0.0,0.0119680112781873,0.0,0.0,-0.0150862253485223,-0.0126882167918925,0.0,0.014626850425139,-0.0194761585402474,0.0,0.0150437524366191,0.0,0.015580698774396,0.0,0.0,0.0,0.0,0.0,0.0,-0.0174321301045575,-0.017432741905871,0.0077245723384581,0.0,0.0,-0.0126854127993231,0.0,0.0,0.0,0.0,-0.0029708596347947,0.0,0.0,-0.0100624913801209,0.0159226578211943,0.0,0.0151293571291793,-0.0181432912987851,-0.0140452671849059,-0.0140589096619487,0.0147125839583802,0.0,0.0067215036611201,0.0,0.0,-0.0123907508982566,0.0,0.0074675539448843,0.0209651510623253,0.0,0.0248453823872832,0.0,0.0,-0.0029492441753385,0.0,0.0098415889832738,-0.0192390039679271,-0.0137041319615821,-0.0063110791435571,0.0,0.0,0.0,0.0,-0.019120851898643,-0.0023052585913762,-0.0047475944526448,0.0,-0.0180441077322026,0.0,0.0,0.0102332455617467,0.0,0.0,-0.0056541754666637,0.0,-0.0271450976628815,0.0,0.0,-0.0072577196214429,0.0,0.0,0.0201288311942948,0.0166536219888903,0.0,0.0202452759436495,0.0,0.0,-0.0223603028137714,0.0,0.0,0.0,0.0,0.0,0.0,0.0,0.0,-0.0117733022635189,0.0,0.0,0.0,0.0195929324145656,0.0,0.0214009315533578,-0.0067658270296324,-0.0102315391461721,-0.0085175735754429,-0.0274280377636812,-0.0103923178012849,-0.0065216414858042,-0.00630665657254,-0.0262613163726635,0.0,0.0
sid2579-noisy-COSINE-3231-F_array1_81.wav,0.0,0.0,-0.0052086245782811,-0.0086265807538788,-0.0193832661280385,0.0,-0.0041271579249853,0.0,0.0,0.0,0.0,-0.0118077092087933,-0.0052419805408687,-0.015747301779733,0.0,0.0099556248158433,0.0,0.0094626788408072,0.0141462770244817,0.0159300151379539,0.0070190337072224,0.0,0.0073621462369654,0.0,0.0504393450785775,-0.0066894054080465,0.0073907786874657,-0.079763578280987,0.0,-0.00839684845914,0.0,-0.0581393889473678,-0.0353251502946148,0.0119144833270371,0.0,0.0,-0.0586398534699306,-0.0586324360053335,0.0075326750532016,-0.0205644777020643,-0.0063511907979801,0.0102696161258878,-0.0091058530275947,0.0,0.0087746265302459,-0.0104822409549453,0.0,-0.0052071740865237,0.0,0.0,0.0,0.0079201867843115,-0.0091127185965007,-0.0097988949795297,-0.0229074264400838,0.0076027450072602,0.0083913846975325,-0.0116255177835857,0.0055586080276513,0.0035737700890625,0.006687585055596,-0.0052222115740227,0.0,-0.0165433729344176,0.0083230955586942,-0.0200445495930718,-0.0186091309142282,-0.0080297633539682,0.0026976554559292,-0.0114646895707892,-0.005812525648904,0.0,-0.0047442492739801,-0.0267306171807124,-0.0144686218183897,0.0,-0.0113052597056216,0.0,0.004450018721737,0.0083264860599672,-0.0115163978561006,0.0,0.0129468637369578,0.0,-0.0053853967139873,-0.017689829885601,-0.0160074914436623,-0.0027784162441991,-0.0149846193737017,0.0,0.0,0.0,-0.0127613029220828,-0.017259031607382,-0.0086167993435108,-0.0115922151603163,0.0,0.0054526589527958,0.0,-0.0066432881070044,0.0,0.0164873160443382,0.0097112006278331,0.0111348245442682,0.0,-0.0066893972556721,0.0084402425408964,-0.0107491138212334,0.0,0.0066222493731197,-0.0044562900200512,-0.0113665784743108,0.0134762748269645,0.0,-0.0049316434666624,-0.0115257199663918,0.0,0.0,0.0,-0.0046734412643534,0.0034815551286358,-0.0052113892195461,0.0122826695346572,0.0,-0.0232685914107712,-0.0052781707020167,0.0,-0.0127545933522609,0.0,0.0,-0.01160505987321,0.0075670535795963,0.0058586526661125,0.0115126193787732,0.0,0.0063509141083591,0.0,0.0057090398100941,-0.0160406196644927,-0.0186315726885807,0.0,0.0090609441715562,0.0137400033756981,0.0,-0.0008546475423365,-0.0045852768716986,0.0,-0.0007276974903987,-0.0051194692756139,-0.0076873625019879,0.0172806662675302,0.0182865654734891,-0.0066234490676318,-0.0037646620665292,0.0103793309968285,0.0,-0.0075942122563462,0.0138343717629529,-0.0170808189693207,-0.0051403277145703,-0.0053046420686207
sid5319-anchor-COSINE-7408-M_close_135.wav,0.0,-0.0144779183556367,0.0104686799040734,0.0,0.0,-0.018878039510852,-0.0356745598683562,0.0,-0.014324352320695,0.0,0.0,0.0103195654588032,0.0,0.0098042891607578,-0.0127630462336555,0.0049864688807901,0.0148100600780258,-0.0161201876105495,0.0,-0.0155405765166778,-0.0322974085411979,-0.0119684039348639,0.0135080282558977,0.0310141171397841,0.0,-0.0187408776730957,0.0192249913181252,-0.0259269409206051,0.0685928702857132,0.0,0.0164189184725435,-0.0121864530177974,0.0129277825054844,-0.0059159060976265,0.0,0.0,0.0461238638680263,-0.0312205245814189,0.078963945284483,0.0214641164456034,0.0,0.0553460333734101,0.0465683175366259,0.0,0.0,0.0,0.0,0.0,0.0315066068036122,0.0588667275529208,0.0,0.0,-0.0343347927233634,-0.0048028345314544,0.0385167291695724,0.0562412941354118,0.0357479214805682,0.0343509016794062,0.0256665278053028,0.0,0.0363553835078014,0.0268834489943521,0.0207382458429823,-0.0233042794737394,-0.0172503525139713,-0.0151398236070014,-0.0166087196427295,0.0,0.0,0.0,0.0,-0.0074494473409144,0.0,0.0,-0.0104687986857042,0.0,-0.0243023387978667,-0.0236485182407895,0.0,0.0,0.0,-0.0158686323826447,0.0,0.0448373021681217,0.0,0.0,0.0068948510310069,0.0,0.0,0.0201724088921364,0.0,0.0123627030721598,0.0,-0.0187328451792086,-0.0189092866117795,0.0091280551005933,0.013375342679986,0.0,-0.0354627988397027,-0.0084111945870049,0.0,-0.0170808248128953,-0.0274869530808661,0.0181484482050713,0.0211966756343348,-0.0248870103700469,-0.0167515890107958,0.0,0.0255350256040571,-0.0228440204655879,-0.0176042028217534,-0.0267168765370233,-0.0222631606497326,0.0175921302731304,0.0,-0.0266497458850172,-0.0317875734324998,-0.0144456907786193,0.0,0.0101327187736282,0.0216335678393984,-0.01099449481305,0.0,0.0,0.0,0.0,-0.0165381516943361,-0.0158589389550865,0.0,-0.0345158576804096,-0.0138780541538663,-0.0314050367395516,0.0,0.0,0.010415657505318,-0.0116406509564219,0.0,0.0,0.02853590223592,-0.0184946891632345,-0.0323569323244011,0.0177576221652691,-0.0368470031771872,-0.0127651380820457,0.0,0.0,-0.0251068405816086,0.0,0.0,0.0113755004038839,0.0,-0.0192780132779322,-0.0132185428937318,0.0,-0.0283678593457925,0.0,0.0,0.0,0.0,0.0,-0.0138943818550961
sid1295-clean-COSINE-1892-M_close_65.wav,0.0,-0.0234937418890853,0.0,0.0,0.0,-0.067748043609676,-0.024761709598618,0.0,0.0,-0.0068162312678379,0.0,0.0,0.0,0.0,-0.011733898424081,0.022102873977629,0.0,0.0,-0.0153600611123168,-0.0183553481342012,0.0,0.0,-0.0107526604687966,0.0,-0.022017816582963,0.0,0.0199032304136423,0.0,0.0,0.0,0.0189109220117791,0.0,0.0,0.0,0.0,0.0,0.0,0.0,0.0,0.0,0.0,0.0,0.0,0.0,0.0,0.0178836023176169,0.0,0.0,0.0,0.0,0.0,0.0,0.0,0.0,0.0,0.0,0.0,0.0,0.0,0.0,0.0,0.0,0.0,0.0183538936090844,0.0,0.0,0.0,0.0,0.0,0.0,0.0,0.0,0.0,0.0,0.0,0.0,0.0,0.0,0.0,0.0,0.0,0.0,0.0,-0.0087655294610411,0.0,0.0,0.0,0.0,0.0,0.0,0.0,0.0,0.0,0.0,0.0,0.0,0.0,0.0,0.0,0.0,0.0,0.0,0.0,0.0,0.0,0.0,0.0,0.0,0.0,0.0,0.0,0.0,0.0,0.0,0.0,0.0,0.0,0.0,0.0,0.0,0.0,0.0,0.0,0.0,0.0,0.0,0.0,0.0,0.0,0.0,0.0,0.0,0.0,0.0,0.0,0.0,0.0,0.0,0.0,0.0,0.0,0.0,0.0,0.0,0.0,0.0,0.0,0.0,0.0,0.0,-0.0096395602270987,0.0,-0.005669247579872,0.0,0.0,0.0,0.0,0.0,0.0,0.0,0.0
sid4073-anchor-COSINE-5289-F_close_73.wav,0.0,-0.0252636539487085,0.0,0.0,-0.0144573526944209,0.0521062999476283,0.0066422288494141,0.0,0.0,0.0,0.0,-0.0076708899817611,0.0,0.0,-0.0101114035512103,0.0,0.0503875331801491,0.0079911591250927,0.0,0.0,0.054983307108782,0.070487108875527,0.0,0.0651944897399196,0.0272904883924842,-0.0118416578095639,0.0376672989273849,0.0540262703079266,0.0430121687042973,0.018562365564811,0.0134063100566296,-0.0123765123116003,0.0,0.0,0.0116548724311503,0.0,-0.0163714661585049,0.0,0.0,0.0179112413464398,0.0,-0.0057755699298149,0.0,0.0,0.0,0.0,0.0,0.0196252437861072,0.0,0.0,0.0,0.0,-0.0217012392409587,0.0,-0.0135984340977287,0.0,0.0,0.0,0.0,0.0,0.0,0.0,0.0,0.0,0.0168095994762048,-0.0118345344224314,0.0,0.0087114843689365,0.0089399163188734,0.0,0.0179589550232671,0.0,0.0,0.0,0.0,-0.0124216072627733,0.0,-0.0071677443035201,0.0,0.0,0.0,0.0,0.0,0.0,0.0,0.0,-0.0104862342240417,0.0,0.0,0.0124116684147919,0.0,-0.015338124634566,-0.0116689387709391,0.0,0.0,0.0,0.0,0.0,0.0,0.0,0.0,0.0146156970958976,0.0,0.0,0.0,0.0,0.0,0.0,0.0,0.0,0.0,0.0,0.0128009305024952,0.0,0.0,0.0123082930284384,0.0,0.0,0.0112624168215983,0.0,-0.0193175342733254,0.0,0.0075740830494563,-0.0100284952891351,0.0120225858905193,0.0,-0.017732614203747,0.0,-0.0268542633000671,-0.0235298095958803,0.0,0.0,-0.007130028178634,-0.0108327039631386,0.0,0.0060264460063954,-0.0159604563345931,-0.0243317020090049,-0.009923073796415,0.0,0.0,0.0,0.0,-0.018759348037477,0.0133102431152876,0.0,0.0,0.0,-0.0169034265585844,0.0,-0.0073332351709636,0.0,0.0,0.0,0.0,0.0,0.0,0.0,0.0,-0.0126322699980116,0.0
sid0621-noisy-COSINE-1278-F_array1_216.wav,0.0,0.0,-0.0097630617780543,0.0,-0.0086161964031344,-0.018179659518599,0.0,0.0,-0.0145051921729576,0.0,0.0,-0.0046955078861614,0.0095178031213341,-0.0085881524419444,0.0889811110266068,-0.0358581678938923,0.046901558772194,0.0407930702549505,0.0284893170163095,0.0,0.0293350569636189,-0.0131034259712846,0.0,0.0245416282800724,0.0225093381957797,0.0511956581310735,0.0333103966567219,-0.0150809630116768,0.0379295502118993,0.0195711047064208,0.0326345165202093,0.0,0.0182677181667287,0.0,-0.0067064736295551,0.0,0.0,-0.0126336480985842,-0.0261242829396147,0.0,-0.0110299446692676,0.0,0.0,0.0,0.0,-0.0098604011287622,0.0,0.0,0.0,0.0183656423377091,0.0,0.0,-0.001885648903013,0.0,-0.0081217173450822,0.0,-0.0198533328732955,0.0,0.0,0.0,0.0,0.0,0.0,0.0193916687878044,0.0,0.0,0.0,0.0,0.0,-0.0128754265333519,0.0,0.0,-0.0057010835289557,-0.006613942294135,0.0,-0.0110706749746014,0.0,-0.0076699655175755,-0.0184329383033068,0.0,-0.0179486623065263,0.0,0.0,0.0,-0.0152074601413829,0.0,-0.0039971637039777,0.0,0.0,-0.0068346004063421,0.0,-0.0041163318547692,0.0,-0.0109469795227764,-0.0037312189697838,-0.0114578651044123,-0.0067065883261173,-0.0081943255026116,-0.0206396371734151,0.0,0.0,0.0,0.0,-0.0110656991376496,0.0,-0.01832103039927,0.0,0.0,0.0,0.0,0.0,0.0,0.0,0.0121968959171559,-0.0295998499085369,-0.0133953958963931,0.0,-0.0044460873633915,0.0,0.0,0.0,0.0,-0.0087515880673181,0.0,0.0,0.0,0.0,0.0,-0.0097948996891977,-0.0102693050608049,-0.0083307537370537,-0.0074204248047895,0.0,-0.0180872788731701,0.0157890574297859,-0.0079280789961651,0.0,-0.0064579395931887,-0.0183873810672951,0.0,-0.0028980028447426,0.0149820749214809,-0.0049135505295902,-0.02150737113652,0.0,0.0,0.0,0.0146565653133915,0.0,0.0130981084639113,-0.0029027279987805,0.0,0.0151538377160758,-0.0110297347417483,0.0,0.0,0.0,0.0,0.0187517739625156,0.0,-0.0276413395313665
sid5916-clean-COSINE-9987-F_close_216.wav,0.020722707587791,-0.0150335374993466,0.008748006245604,0.0204114037148075,0.0254348532523778,-0.0189202607573744,0.0,0.0,-0.0049719790124413,0.0,-0.0110747446591446,-0.0143037824994719,0.0105026900134738,-0.0067921550584502,-0.0059429054773822,-0.0457852522796882,-0.0052177043255848,0.0113871092373604,-0.0162105487894181,0.0213430481590842,-0.01629789561431,0.0261583774423846,0.0,0.0112376549704833,-0.0152183144575074,0.0134449423585295,0.0,0.0092057405298958,-0.0204124499763351,0.00571353569102,0.0097934931662131,-0.0050422416459833,0.0140021682971372,-0.0103068330392237,0.0,-0.0046995277122159,-0.0097611094586095,-0.020598837951543,0.0200240232712556,-0.0008567583716348,-0.0196530151829059,0.0,-0.0179483765796374,0.0093726882267222,-0.015030373059432,-0.0346630827937062,0.0091497234456527,0.0,0.0098490305938636,0.0,0.0047117580711954,-0.0066884716966862,0.0828355649586644,0.0168793406583457,-0.0080487180831753,-0.01001729150791,0.0229359695097276,0.0295037138004836,-0.0054871862613538,-0.0220441331488879,0.0182462954799976,0.0182543158509556,0.0,0.0072841633609445,-0.0138771264970721,0.0,-0.0146831311091623,-0.0263856152343602,0.0130948370414715,0.0259116325014335,0.0576034987270782,0.0079180175077621,-0.0188841313988123,0.0299414084960102,0.0115924104410912,0.0125753024109678,0.0,0.0183605152126483,-0.0161922032902822,0.0,-0.0167638094512703,-0.0103366122610069,-0.0392065710984994,0.0,0.0030070189524062,-0.0020920928592876,-0.0045099047848943,0.0,-0.0244876527539465,-0.0038178870462236,0.0580292318093178,0.0053582696863181,0.0065636685166746,0.016083063055117,-0.0115759452949923,-0.0177077193622716,-0.0143045362815752,-0.0224122788831848,-0.0079221084554481,0.0157019229846291,-0.0078397070868284,0.0138436037040823,0.0,0.0165009880819635,-0.0314017101242071,-0.0149974688856612,0.0308971124812328,-0.0042971725715639,-0.0128225736266784,-0.0118835430306395,0.0065954576662514,0.0221961943770961,-0.0091579991468564,-0.0264408029306101,0.0146251681315781,-0.0214726655333485,-0.0049339797764518,-0.0226129363282256,0.0241969394548806,-0.0183177968388254,-0.0122570218340648,0.0055223577822918,0.0,-0.0195625946555332,0.0,-0.0353024310211112,-0.0129522777347405,-0.0070611142409228,-0.0108694810754567,-0.0071011139006856,-0.0152995307874074,0.0,-0.0242786350840556,-0.0078104058276478,0.0278004901871498,-0.035432372710868,-0.012185732620586,-0.0120909109418184,0.0137270028317242,0.0,-0.0109564938555098,0.0057270299871376,0.0096638328006348,-0.0171872245557646,-0.0291043400607754,0.0274098657471496,0.0,-0.0027096068399067,0.0136549433270884,0.0145892656460612,-0.0255718413774736,0.0041749171581285,0.0197511273030854,-0.0224298281942317,0.0172292429665941,-0.0161963133574753,0.0,-0.0087391561229669,0.01350620577052,0.0191494972120636,-0.0460831685241812
sid5975-noisy-COSINE-9987-F_shoulder_74.wav,-0.0059275390142831,0.0176066586473788,-0.014617596550116,0.0,-0.0069279358373279,0.0121069282782735,0.0136494079392592,-0.0096467840324886,0.0115916622641128,-0.0080203665636631,-0.0045118375358423,-0.011725281270957,-0.0029685559469899,0.0,-0.0057857772622948,-0.0033558527289468,0.0032135461815812,-0.0044256390288683,0.0040174669007344,-0.0020789878842468,-0.0047795843281626,-0.0052930306955495,0.0292717908208865,0.0,0.0081504903235807,0.0,-0.0205092660729091,0.0,-0.0983606098988726,0.0,0.0095202142568962,-0.0626705273370758,-0.0051231179967592,0.0,0.0,-0.0395686397932546,-0.0143231319560055,0.0,-0.0137150911331535,-0.0153064731191962,-0.06280616908951,-0.0219439560952518,-0.0100535954885562,0.0049509508114499,-0.0373285264917113,-0.0041627951294708,-0.0431224229615006,-0.0277891150643106,0.0,-0.0078133626916332,0.0,-0.0060415712953333,-0.0352506218731958,0.0,-0.0147243797689947,-0.0222170801328077,0.0,0.0119805085967905,0.0,-0.0025483951036711,-0.0167368294320345,0.0068504887918196,0.0,0.0153990038010299,-0.0320417819104625,-0.0250599230907121,0.0,-0.0080852501132329,-0.0233670775338816,-0.0034235130468306,0.0133368030523252,-0.0215608629895245,0.0,-0.0212033716759537,0.0,0.0,0.0,0.0106552794982134,0.0,-0.0039603730426961,-0.0137489653963649,-0.0030154350312035,0.0072907556694698,-0.0092540087690451,0.0,0.0,0.0173157594518989,0.0287166526298353,0.0,-0.0080171523874563,-0.0010346769980874,0.0,0.0137778060553053,0.0,0.0086127855769202,0.007951065138112,0.0,-0.0130176631510263,0.0,-0.0052273086833953,0.0092636876159324,0.0,0.0,0.0134434337731638,0.0079480261004246,0.0,0.0123281617477837,0.0,0.0054410733279375,-0.0045096124523718,-0.0036578289254315,-0.0080437622394695,-0.0028338356698802,0.0,-0.0032636206639148,0.0,0.0104413646795853,-0.0055375547983738,0.0,-0.0029562055298002,0.0092520587207208,-0.0062622050306581,-0.0063818496912799,0.0162044116030823,0.0,0.0,0.0,-0.0087721253396661,-0.0213786448922354,0.0133226276496935,-0.0169952006511991,-0.006676942295444,-0.0082334183808423,-0.006389973495587,-0.0192217159419301,-0.0056735753494751,-0.0036317458153916,0.0,-0.0192360284684774,0.0,0.0,0.0,0.0,-0.0040333800278705,0.0048905437266684,0.0106335341093336,0.0121662932217646,0.0,0.0188178140251564,0.0114912995578774,0.0,0.0,0.006573665923848,-0.0071501236252549,0.0,0.0,0.0179685353199598,-0.0093415330479859,0.0099056748582793,0.0,0.0053627777317759
sid2528-anchor-COSINE-3231-F_close_27.wav,0.0,0.0,-0.0084255025852141,0.0,0.0608007158621664,0.0064479520248887,0.0128253681761751,0.0,0.0,0.0,0.0,-0.0103593846412287,0.0498827994811847,0.0,0.0452277883344983,-0.0079782542778068,-0.0212058849777306,-0.0031430695871218,0.0,0.0,0.0125741842303545,0.0458140362675264,-0.035719381858973,-0.0079270176438227,0.0541777082459894,0.0189453168624435,0.0,-0.0036174668048892,0.0,-0.0070178170391943,0.0134482131517816,0.0,0.0090270083300636,-0.0167181398385548,0.0,0.0,0.0,0.0,0.0,-0.0117059035188105,-0.0116911089638211,-0.0207762938826708,-0.0048763535179728,-0.012078269471763,0.0075110939155868,-0.0098275967795368,0.0,0.0,0.0,0.0,0.0165283115942803,0.0,-0.0115149849761916,0.0,0.0,-0.0079050454449549,0.0225549624943929,0.0165799551949013,0.0112186153400233,0.0,0.0,0.0050387511272051,0.0099582793228927,-0.0063597513031008,-0.0065281290995031,0.0,-0.0155158236149609,0.0,0.0,0.0195014940528146,0.0,-0.0025239622311,-0.0136759423067328,-0.0113249614440587,-0.013580175053228,-0.0177277424572711,0.0,-0.0054817388987313,-0.0101057109283494,-0.0025521024701028,0.0,-0.0223920976491873,-0.0124534705523062,0.0,-0.0179630958057783,0.0079332714188637,-0.012867903359788,0.0,0.0,0.0,-0.0072369889963881,0.0082288148340812,-0.0148130804854853,0.0,0.0,-0.0127933713026072,0.0,-0.0158035126349482,-0.0169523860474753,0.0,0.0,-0.0127890606476174,-0.0071703894296858,0.0,0.0,0.0,-0.0071141486813557,0.0,0.0216199908235887,0.0,-0.0049958352944099,0.0,0.0,-0.0304160312001153,0.0133435091281366,-0.0072882424944581,0.0,-0.0106353266181932,0.0,-0.0114572340497451,-0.0132808836330732,-0.0073270977475345,-0.0069378248674499,-0.0089703742563733,-0.0205212726066584,0.0,-0.0172593463641788,0.0,0.0,0.0,0.0,0.0,0.0097851977112201,0.0,-0.0041793922517848,0.01564478112562,-0.0352101826038453,0.0086592744491008,-0.0075041124049542,0.0,-0.0106431180064728,0.0,0.0,-0.0015894377758283,0.0,0.0,0.0,-0.0120188136425408,0.0,0.0,-0.0120227153097122,-0.0024424323248815,0.0,-0.0100009553559268,-0.0073176462716398,0.0,-0.0149088137702435,-0.0063745363029692,0.0,-0.0083533567434076,0.0109735153209023
sid1992-noisy-COSINE-2794-M_array1_47.wav,0.0103101882400997,-0.0047121472552903,0.0,0.0,0.0,-0.0211506000234874,0.0086300592283207,0.0,0.0,-0.0118044143525651,0.011337578695325,0.0071821346577273,0.0073909840793384,-0.0052732418471094,-0.0163025773316788,0.0,0.0,0.0,-0.0085870587590061,0.0,-0.0049764377179331,0.0264377296234277,-0.0093097031365958,-0.00141775543901,-0.0102431989972855,0.0,-0.0147315290073049,-0.0150456703557235,0.0129650356470945,0.0,-0.0109966741692538,0.0441011823232677,-0.0082813934273935,-0.0183485644242939,-0.0114995065814792,-0.0095779376197746,0.0198392450391289,-0.0032195354800524,0.0,-0.0068070448910552,0.0221493594931415,-0.0077449727764232,-0.0158465552060552,0.0,0.025691425883127,0.0,0.0110750321897323,-0.0199272520868228,-0.0025680703208058,0.0,-0.0036236756094376,0.0168925520897179,-0.0298384778977857,0.010408020157432,0.0080701369360158,0.0067073627521449,0.0,-0.0130147729616536,0.0,-0.0224473446745688,-0.0140418510418071,0.0,0.0,0.0,-0.0275861208217912,-0.0200458729980296,-0.051337706101369,-0.0047083647460297,-0.0158731470914078,-0.0269165803547661,0.0,-0.0151342409426137,-0.0642194260740386,-0.0398975573250722,0.0,-0.0596415023763,0.0,0.0171205882758387,-0.0257767667591997,-0.0084574952634309,-0.0135139916247965,0.0154096200034266,-0.0551551795644284,-0.0062188931727272,-0.0128450872318215,-0.0359808600002202,-0.0376165604002658,0.0176972681770832,-0.0235264703332506,-0.009761277970217,-0.0384543304778885,0.0102753607062893,0.0113727242357322,0.0205579164920366,-0.0145905550223988,0.0,0.0,-0.02322402789138,0.010004706053722,0.0,-0.0036294641938179,-0.0075313216649542,-0.0081097038326073,-0.0035405960166851,-0.0114122344171821,0.0054447809525128,0.0,0.0066865879102408,-0.0075704640985354,0.0,-0.0130916794938533,0.0,-0.0149628249137473,-0.0111721098907897,-0.0022782782046245,0.0,-0.0085068774133358,0.0118678817936732,-0.0116548516652559,0.0101420104697553,-0.0161416903508377,-0.0070056088282377,0.0,-0.004466050180864,0.0222768633022143,-0.0067589002777823,0.0,-0.0106807860905398,0.0,0.0,-0.0117735911501213,-0.0020141489129944,0.0131387173389766,0.0,-0.0060912344522792,0.0,-0.0060203425620551,0.0,-0.017440236050441,0.0060701289834381,-0.0174230438815539,0.0,-0.0080252827903258,0.0128292519123291,0.0169241014222443,0.0,-0.0063356537984572,0.0067632072894293,-0.0058188716455665,0.0,0.016664047385679,0.0,-0.0022179489538893,-0.0061888115439545,0.0,-0.0151109915536751,-0.0119075932419854,0.0,0.0108140539481155,0.0,-0.014682917887713
sid1188-anchor-COSINE-1892-M_close_105.wav,0.0,0.0,0.0,-0.0283043134643694,0.0,0.0,0.0,0.0,0.0,0.0096981376549743,0.003261842242413,0.0,0.0,0.0,0.0,-0.0871556317306699,0.0,0.0,0.0,0.0,0.032932773951623,0.0,0.0459443440645047,0.0080711017794913,0.0,0.0566352365855106,0.0695158910168866,0.0,0.0,0.0486682443903575,0.0,0.0529634837122076,0.0,0.0396217754163394,0.0408263195971468,0.0227399628744133,0.0060650027002522,0.0,0.0,0.0208954488154507,0.0124130144522713,0.0105384672797655,0.0,0.0,0.0,0.0051232397709565,0.0,0.0,0.0105429301540485,0.0,0.0,0.0225043416180725,0.0,0.0027337369100017,0.0,0.0133965694270495,0.0,0.0,0.0,0.0065878267265051,0.0,0.0,0.0,0.0,0.0,0.0045663055214617,0.0,0.0,0.0,0.0,0.0,0.0,0.0,-0.0242863837268786,0.0,0.0,0.0,0.0070754024929276,0.0,0.0,0.0,0.0,0.0,0.0,0.0046122332231463,0.0,0.0,0.0,0.009057863579105,0.0,0.0,0.0,0.0,0.0076871005259398,0.0026137265938156,0.0,0.0,0.0,0.0,0.0,0.0,0.0,0.0,0.0,0.0156203684579521,-8.695251927507325e-05,0.0,-0.0220501725848585,0.0,0.0,0.0,0.0,0.006703416810035,0.0005879852133446,0.0,-0.0280185789484526,0.0,0.0,0.0151640174217844,0.0,0.0,0.0,0.0,0.0,0.0,0.0029461741550408,0.0067128270716507,0.0,0.0,0.0,0.0,0.0,0.0,0.0129565192687961,0.0,0.0,0.0,0.0,0.0130374348001798,0.0,0.0,0.0,0.0,0.0,0.0,0.0,0.0,0.0,0.0,0.0,0.0,0.0,0.0,0.0066610282607872,0.0,0.0,0.0,0.0,0.0074459112576107,0.0,0.0
sid1666-noisy-COSINE-2406-F_array1_56.wav,0.0,0.0,0.0,0.0177251637891317,0.0,0.0,0.026134395330882,0.0395734440929959,0.0,0.0287408474159625,0.0,0.0,0.0229776634633038,0.0,0.0,0.0,0.0,0.0,0.0,0.0,-0.006996327784606,0.0,0.0,0.0,0.0,-0.0189700923384399,0.0,-0.0112255667129228,-0.002628167570675,0.0,0.0,0.0,0.0,0.0,0.0,-0.0193503183782597,0.0,-0.0210406687871112,0.0,-0.0076669222881446,0.0,0.0,0.0,-0.0092512785794006,-0.0102265395997564,0.0001545240447446,0.0,0.0,0.0,0.0,0.0,0.0,-0.0113702525249345,-0.0041178510568128,-0.0109020192879067,0.0,-0.0022510827969425,-0.0061222469389775,0.0,-0.0073670996182326,0.0,0.0,-0.0072151793250305,0.0,0.0,0.0,0.0,-0.0083583357192684,-0.0080464415253687,-0.0055827103560688,-0.0015187716401704,0.0,-0.0076035985791701,0.0,-0.012528709055095,0.0,-0.0034160703280147,-0.0094735756997002,-0.0056946597083188,-0.020050832444378,-0.0113487904952909,0.0,0.0,-0.006156001121916,0.0,-0.0117737797569331,-0.0059064410314434,0.0,0.0,-0.0046740878528546,0.0,-0.0016348235293762,0.0,-0.0030668600144602,0.0,0.0,0.0,0.0,0.0,0.0,0.0,-0.0020665126149837,0.0,0.0,0.0,0.0,0.0310202062589098,0.0,0.0,-0.00431563954164,0.0,0.0,0.0,0.0,-0.0122984479406001,0.0168883445621917,-0.008771043064462,0.0,0.0,0.0,0.0,0.0,-0.0045794696302859,0.0,0.0,0.0,0.0,0.0,0.0,0.0,0.0,0.0,0.0156412451650595,0.0,0.0,0.0,0.0,-0.0005581409401739,0.0,0.0,0.0,0.0,0.0,0.0,0.0,0.0,0.0,0.0,0.0,0.0,-0.0068145998356301,-0.0074294746113525,0.0,0.0,-0.0040046159787999,0.0,0.0,0.0,0.0,-0.0032402123542721,0.0
sid0689-anchor-COSINE-1278-F_close_66.wav,0.0,0.0,0.0,0.013542725922558,0.0,0.0,0.0,0.0,0.0,0.0,0.0,0.0089995910910397,0.0,-0.0419026916813998,0.0,0.0,0.0,0.0070798801840815,0.0039405973344715,0.0149111508168996,0.0031959901029283,0.0083746643743602,0.0,0.0,0.0,0.0,0.0,0.0,0.0297494466471012,0.0037220742779176,0.0165234466928308,0.0,0.0,0.0,0.0,0.0121022094625954,0.0,0.0,0.0,0.0101039677412715,0.0005588077677955,0.0098356104398252,0.0,0.0,0.0,0.0,0.0,0.0064392410550413,0.0,0.0,0.0,0.0,0.0,0.0,0.0,0.0,0.0,0.0,0.0,0.0,0.0,0.0,0.0076784158591095,0.0,0.0,0.0,0.0,0.0,0.0,0.0,0.0,0.0077399910620456,0.0,0.0,0.0,0.0,0.0,0.0,0.0,0.0,0.0,0.0,0.0,0.0,0.0,0.0,0.0,0.0,0.0,0.0,0.0,0.0,0.0,0.0,0.0,0.0,0.0,0.0,0.0,0.00512818977151,0.0,0.0,0.0,0.0,0.0,0.0026916200585056,0.0,0.0,0.0,0.0,0.0,0.0,0.0023248260402717,0.0,0.0,0.0043027580296639,0.0,0.0,0.0080539711210575,0.0,0.0,0.0031218744411048,0.0,0.0,0.0,0.0,0.0,0.0,0.0,0.0040273496721384,0.0,0.0,0.0,0.0,0.0068880647414623,0.0,0.0,8.119742483289467e-06,0.0,0.0,0.0,0.0,0.0,0.0,0.0,0.0,0.0,0.0,0.0,0.0,0.0,0.0,0.0,0.0,0.0,0.0,0.0,0.0,0.0,0.0,0.0
sid0999-noisy-COSINE-1399-F_array1_68-truncated.wav,0.0,0.0,0.0,0.0,0.0,0.0137304905270289,0.0273318649238662,0.0,-0.0154717597648568,0.0,0.0,0.0072500599429223,-0.0103589559526419,-0.0106681380528703,-0.0146058021525114,0.06590801880357,0.0064411354985296,0.0292911139491414,-0.0054406352806199,0.0,-0.0072796824025881,-0.0270880337481037,0.0,0.0,0.0,0.0,-0.0060518742389324,0.0,0.0,0.0,-0.0393710725960488,0.0145971965461484,-0.0305373278559968,-0.0102159920162268,0.0,0.0,0.0,-0.0100058884812665,-0.0184246689227716,-0.0171326936708974,-0.0104884990356857,0.0,-0.0079790708080324,0.0,0.0,0.0,0.0,0.0093295205815634,-0.0197822398542549,0.0,0.0,-0.006785915065028,-0.0094991614485091,-0.0138783983144406,0.0163967212076727,-0.0285529147108019,0.0,-0.0163690133343364,0.0,0.0,-0.0062314373800992,0.0,0.0,0.0,-0.0141818331578644,0.0,0.0,-0.0052539290242041,-0.0150662227954532,0.0,-0.0211838677377443,-0.009308482954545,-0.0161810088518565,-0.0176929756873366,0.0,0.0,0.0,0.0,0.0206721340292388,-0.0076290651540617,0.0,-0.0132011078899736,-0.0120793081405704,0.0113456854728777,-0.0024081370477536,0.0,0.0,0.0,0.0,0.0,0.0,0.0,0.0,0.0,0.0,-0.0089325558327619,-0.0087459193250478,0.0170206284703377,0.0043066070706162,0.0,0.0,-0.0078539836121571,-0.0152104440764738,0.0,0.0184922214311532,0.0,-0.0079014496475018,0.0,0.0,0.0,-0.0141589656766236,0.0,-0.0079554249859186,0.0104773450093033,-0.005038224731895,0.0,-0.0125719474377843,0.0,0.0096015359760447,0.0153360417568564,-0.0134672329270821,0.0,0.0,-0.0056513424094282,0.0,0.0,0.0,0.0,0.0,0.0,0.0,-0.012239881136002,-0.0151811633165706,0.0,0.0108651456495349,0.0,0.0,0.0167617023269309,0.0,0.0,0.0155199810327234,0.0219826070077548,-0.0149737312613757,0.0130501629103424,-0.0182187447495026,0.0266910835616798,0.0,0.0138747520774844,0.0,0.0,-0.0051303027864481,0.0103508449522881,0.0,0.0,0.0103846835734785,0.0167905247724692,-0.0051641608124295,0.0067384185845314,0.0151594650017028,0.0054169865182134,0.0167900871260579
sid3820-clean-COSINE-5289-F_close_144.wav,0.0,-0.016296134254878,0.0,0.0,0.0,0.0,0.0,0.0,0.0,0.0,0.0,0.0,0.0,0.0,0.0,0.0,0.0,0.0,0.0093644157167184,0.0,0.0,0.0,0.0,0.0111263023724668,0.0,0.019783019105831,0.015909840016621,0.0602332945486829,0.0,0.0489153826841368,0.0535973020155305,0.0701934831776331,0.033471581316233,0.0389853952011259,0.0452170790945442,-0.0113943651297187,0.0275780494861431,0.005099958477846,0.0117339651473904,-0.0346483940219569,-0.0154324408018722,-0.0253746890852831,-0.0172016692026205,0.0,-0.0103138486532347,-0.0248118091374719,-0.0122874673335903,-0.0135238284027057,-0.0203139797266539,-0.0087587161296401,0.0,0.0,0.0,0.0,0.0116919645871861,0.0,0.0126062205815319,0.0,0.0,0.0,0.0,0.0,0.0,0.0,0.0077003850943254,0.0,0.0,0.0,0.0,0.0,0.0,0.0,0.0,0.003908834028103,-0.0140586322174752,0.0,0.0,0.0,0.0,0.0,0.0,0.0,0.0,0.0,0.0,0.0,0.0,0.0,-0.0145982696653932,0.0,0.0,0.0,0.0,0.0084218903600793,0.0,-0.0108361865801912,0.0,0.0,0.0,0.0,0.0170758133756255,0.0120026581755372,0.0,0.0,0.0,0.0,0.0,0.0,-0.0133403072220878,0.0,0.0,0.0128617805312885,0.0,0.0,0.0,0.0,0.0,0.0,0.0,0.0,0.0076526476186069,0.0,0.0,0.0,0.0,0.0,0.0,0.0,0.0,0.0,0.0,0.0,0.0,0.0,0.0,0.0,0.0,0.0,0.0,0.0,0.0,0.0,0.0,0.0,-0.0105536260780914,0.0,0.0,0.0,0.0031323432555086,0.0,0.0,0.008938474327239,0.0,0.0,0.0,0.0120306777536749,0.0,0.0,0.0,0.0,-0.0114240826513816
sid5964-noisy-COSINE-9987-F_shoulder_63.wav,0.0,0.0103354423675955,-0.0014875049772096,0.0142733201247653,-0.0133262790122535,0.0,0.0,-0.0127035944700993,-0.0089721399564451,-0.0074750766391862,-0.0028933832418573,0.0075841468672686,-0.0255577966145091,-0.0050332016509621,0.0,-0.0047575718335382,-0.085196693558891,0.0090569735274438,-0.0146380998289051,-0.0747189154409992,-0.0039624550959307,0.0,-0.0047782212186328,0.0,0.0,-0.0508222318839116,0.013268683673841,0.0,0.0180384840389165,-0.0329113456033652,-0.0041826505630393,-0.0129838691317857,-0.0056412523901842,-0.0049889389148611,-0.0031733190428523,0.0,0.0,-0.0273543217891761,0.0157468753954685,-0.0053057827951994,0.0,-0.0538683126433871,-0.0122674814068982,-0.0410830429725798,-0.0035360771374715,-0.0144724234746669,-0.0031038200583666,-0.0176537184911795,0.0,-0.0350955168393019,0.0,-0.0288250338669256,0.0,-0.012159977541936,0.0,-0.0158343169941841,-0.0181181895370503,0.0,-0.0149401973460933,0.0,-0.0083024811202904,0.0,0.0,0.0,-0.0051650464474445,-0.0073997588184025,-0.0129962490188761,0.0,0.0,-0.0022550156821704,-0.0115086321501534,-0.0071030832825571,0.0117756682202929,-0.0122601862988534,0.0168299363614509,-0.0054310707446516,-0.001843640436593,0.0,0.0,0.0187184146252116,-0.0078847103701145,-0.0049252300014156,0.0,0.0,0.0,-0.0176582333290447,-0.0151998881525662,-0.0121153938220708,-0.0219724056943121,0.0,0.0,0.0,-0.0162514130882443,-0.0060748786107727,-0.0087277385313293,-0.0108868171692802,0.0,0.0,0.0,0.0,0.0090540493628039,0.0,-0.0126984130292619,0.0,0.0118213764015276,0.0,0.0,0.0,0.0113148225705038,0.0,0.0,0.0,0.0,0.0,0.0127424609207222,0.0,-0.0110533066644921,0.0,0.0,0.0,0.0,0.0,-0.0110437718188542,0.0,0.0,-0.0041547732572552,0.0,0.0,0.008743736217887,0.0228893376222204,0.0,0.0114090592500595,0.0,0.0,0.0,0.0,0.0,-0.0054058947004001,0.0,0.0,0.0,-0.0055636475447912,-0.0160854001582344,0.0,0.0,0.0,0.0,-0.0045551818425695,0.0,0.0124992530569149,0.0,-0.008857959357452,-0.0036675714179125,-0.008898352282243,-0.0036109073898217,0.0,0.0,0.0,0.0,0.0,0.0
sid3741-noisy-COSINE-5219-M_array1_28.wav,-0.0036774921634764,0.0,0.0,0.0062170687353917,-0.0095958093466483,0.0,0.0134898406149465,0.0,-0.0331917126766772,0.0,0.0,0.0,-0.0162811345378428,-0.0041986363448285,0.0,0.0,-0.0039777385708629,0.0066878339135514,-0.0081237260820328,0.0,-0.0069339238574781,0.0,0.0089368508318608,-0.008137972886492,0.0049932545009654,0.0,-0.0819592886699486,0.0,-0.0100797841069822,-0.0065316944545328,0.0081666236293892,0.0194465523468338,-0.0281548040917643,-0.0036463782145458,-0.0128924211862421,0.0334589780132158,0.0,0.0,0.0087556185829198,0.0,-0.0061934654808466,0.0,0.0,0.0,-0.0156544022467175,-5.216618680586857e-05,-0.0068293931105864,-0.0043773676618888,-0.0057075400996052,0.0067454705747406,-0.0289919824906344,-0.0318039692152957,-0.0408859944556992,0.0,0.0070850343151663,0.0,-0.0025559355245363,0.0,0.0,-0.0577391865491874,-0.023242768866506,-0.0373688289896704,-0.01115697154084,0.0,0.0,-0.0117389542087464,-0.0069164286848052,-0.0128103903151768,0.0,-0.0081994795256335,0.0,-0.0172589392845965,-0.016123068034118,0.0,-0.0060014196389282,0.0,-0.0020033035322005,-0.0103900056264503,0.0,0.0078212051968454,-0.0080507632598092,-0.0043591071082233,0.0,-0.0137554777053954,0.0,0.0059318983635501,-0.0018008919663087,0.0,0.0,-0.0016190192908949,0.0,0.0,0.0,0.0107024982006923,0.0,-0.0070800206599101,-0.00710257059003,0.0,-0.0022295492464091,0.016762655535679,0.0,-0.0142675784391173,0.0,-0.0067786617005278,0.0073402244622408,0.0,0.0125800331263271,-0.0085577844602231,-0.0096289455524551,-0.0044542859649755,-0.0030033257303055,-0.010735540934797,0.0,-0.0009076271209137,-0.0053547201231686,0.0,0.0,0.0,0.0,0.0,0.0078164467910292,-0.0068295262129734,0.0,-0.0040223514056246,-0.0122532891226707,-0.006292190396876,0.0102815051042549,-0.005824458654197,0.0078967926202685,0.0,-0.0052203561753791,-0.0014516965549293,-0.0042138299290847,0.0,0.0,-0.0052985558194537,0.0101685913902024,0.0,0.0,-0.006059995571876,0.0,0.0,-0.0087483643852398,0.0,-0.0013760388180081,0.0099552358097138,-0.0096622498008008,0.0066548957379652,0.0097166479227427,0.0035357659643672,-0.0039389056265425,0.0,0.0,0.0,0.0,0.0,0.0,0.0,0.0,0.0085352433072921,-0.0020563605918442
sid0298-noisy-COSINE-0622-F_array1_138.wav,0.0,0.0238132188173619,0.0,-0.0118408454044428,0.0,0.0,0.0,0.0,-0.0142712951994005,-0.0879763406614695,-0.0186925446533988,-0.0112168400781503,-0.0873115740893732,-0.1179624182455862,-0.0636757341945529,0.0,-0.0092482598635992,0.0,0.0,0.0,0.0,0.0,0.0,0.0,0.0,0.0,-0.0151589028540087,-0.0163537572371048,-0.015758639947284,0.0,0.0,0.0,-0.0106365111141289,0.0,0.0,0.0,0.0,0.0,0.0,0.0,0.0,0.0,0.0,0.0,0.0,0.0,0.0,0.0,0.0,0.0,0.0157189237400533,0.0,0.0,0.0166793035123507,0.0,0.0,0.0,0.0,0.0,0.0,0.0,0.0,0.0171092513596219,0.0,0.0,0.0,0.0,0.0,0.0,0.0,0.0,0.0,0.0,0.0,0.0,0.0,0.0,0.0,0.0,0.0,0.0,0.0,0.0,0.0,0.0,0.0,0.0,0.0,0.0,0.0,0.0,0.0,0.0,0.0,0.0,0.0,0.0191947382521026,0.0,0.0,0.0,0.0,0.0,0.0,0.0128080526415886,0.0,0.0,0.0,0.0,0.0,0.0,0.0,0.0,0.0,0.0,0.0,0.0,0.0,0.0157874547205927,0.0,0.0,0.0,0.0,0.0,0.0,0.0,0.0,0.0,0.0,0.0,0.0,0.0,0.0,0.0,0.0,0.0,0.0,0.0,0.0,0.0,0.0,0.0,0.0,0.0,0.0,0.0,0.0,0.0,0.0,0.0,0.0,-0.0074781105092911,0.0,0.0,-0.0113296292550126,0.0,0.0,0.0,0.0,0.0,0.0,0.0
sid0339-anchor-COSINE-0622-F_close_177.wav,-0.0085462610661584,0.0237389529847269,0.0139201059899596,0.0334064365099693,0.0176011219351142,0.0,0.0110243181053391,0.0,0.0,-0.0149923945811655,0.021378226932872,0.0262473285365116,0.0717195079198686,0.0,0.0,0.0188704796656539,-0.0426245617415971,-0.0315558202655543,-0.0066346900099583,0.0,-0.0166365397714491,0.0195633010963496,0.0315563090256864,-0.0273955041913598,0.021372342223606,-0.0112800835273083,0.0204186569163981,0.0,0.0303862991296761,-0.0215433422570251,0.0112612189153164,0.0124296773269017,-0.0153198048554882,0.0413535988933678,0.0213684189035634,0.0,-0.0364411154578115,0.012340178228965,0.0,0.0,0.0,0.0,0.0073590740659257,0.0347240936691425,0.0,-0.0316470539058053,0.0,0.0,0.0,0.0227957231847342,0.0136705272234248,0.0434090663712223,-0.0147662013828167,-0.0294990523877274,0.0127446413009876,-0.0211718662253314,0.0239199666919725,0.0180706451547184,-0.013001596391164,0.0,0.0111922601352278,-0.0240533284309031,0.0,0.0,-0.0059425519318279,-0.0205967629113178,0.0,0.0185926781860944,0.0,0.0,0.005375011905257,-0.0292363970990968,-0.0144787935658169,0.0,-0.0108726440466938,-0.0190405243057334,-0.010735814043921,0.0208922179431467,0.0,-0.0207587564840997,0.0123224516316279,0.0185555118578669,-0.0135486351962547,0.0,-0.0289782035685835,0.0,-0.0206062004872688,-0.0245857291004644,0.0458227674026199,-0.0144019282907195,-0.0326869350033451,0.0279148202487228,0.0,0.0,-0.0109930954910987,-0.0078860849729849,0.0171874689400998,0.0,-0.0166891158131345,-0.0136025615221271,0.0,0.0287737222642834,0.0,0.0141658706957877,0.0,0.007647211825154,0.0170179076000514,-0.0317908830845481,-0.0218023770823294,0.0,0.0083508381082696,-0.028031102027692,0.0298153521033141,0.0,-0.0181911974402165,0.0,0.0,0.0,0.0127779107791527,0.0257852361597343,0.016730053574788,-0.0044865474133691,0.0153875297282157,0.0089468952912663,0.0209255981027929,0.0,0.0107856844793375,-0.0083859785454576,-0.011172978782467,0.0050000896622046,0.0,0.0160979259982868,0.0,0.0,0.0132154085587908,0.0091738255530791,0.0,-0.0344554122834517,0.0207225579602733,0.0,-0.0170284344169904,0.0,-0.0175290218235685,0.0165911358680894,0.0,0.0,-0.0140315553537469,0.0,0.0197893846738632,0.0095814479962627,0.0,0.0239807211784716,0.0,0.0,0.0,-0.0135771900196519,-0.0361051060950441,0.0077195745802629,0.0286072640955663,-0.037875686959713,-0.0796098813311626
sid2066-noisy-COSINE-2828-M_array1_120.wav,0.0,-0.0046673967229643,0.0,0.0,0.0,-0.0124374601178034,-0.0070080897463802,-0.018491824366057,0.0,0.0,0.0210304956448886,0.0,0.0282141702959824,0.0,0.0,0.0,0.0,0.0,-0.0046143651047157,-0.0117137890599814,0.0,0.0272090522673124,0.0,0.0,-0.0050285268760131,-0.0213370740088399,0.0,0.0,0.0,0.0,0.0,0.0,0.0,0.0,0.0,-0.0013033768775858,0.0,0.0,0.0,0.0,0.0,0.0,0.0,-0.0029249368935263,-0.0035976858660394,0.0,0.0,0.0,0.0,0.0,0.0,0.0,0.0,0.0,0.0,0.0,0.0,0.0,0.0,0.0,0.0,-0.0045768429270163,0.0,0.0,0.0,0.0,0.0,0.0,0.0,0.0,0.0,0.0,0.0,0.0,0.0,0.0,0.0,0.0,-0.0077879285587695,0.0,0.0,0.0,0.0,0.0,0.0,-0.0126803661316506,-0.008194698259451,0.0,0.0,0.0,-0.0131857965238103,-0.0069764067228624,0.0,0.0,0.0,0.0,0.0,0.0,-0.0066493592316506,0.0,0.0,0.0,0.0,0.0,0.0,0.0,-0.0083381271648127,0.0,0.0,0.0,0.0,-0.0086088464080283,0.0,0.0,0.0,0.0,0.0,0.0,-0.0062196106141877,0.0,0.0,0.0,0.0,0.0,0.0,0.0,0.0,0.0,0.0,0.0,0.0,0.0,0.0,-0.0019623029570752,0.0,0.0,0.0,0.0,0.0,0.0,0.0,0.0,0.0,0.0,0.0,0.0,0.0,0.0,0.0,0.0,-0.0063099636845533,0.0,-0.0048309447890108,0.0,0.0,0.0,0.0,0.0,0.0,0.0,0.0
sid0661-noisy-COSINE-1278-F_array1_39.wav,0.0,0.0,0.0,0.0,0.0633001265728302,0.0,0.0,0.0,0.0233484703642087,0.0,0.0,0.0,-0.0203461777421978,0.0,-0.0413302488691477,0.0,0.0,0.0,0.0093816833583646,-0.0500887263164476,-0.0126469778221642,0.0,0.0,0.0,-0.0224455496004216,0.0,-0.043975507273011,0.0,0.0,0.0152953162998752,0.0,-0.0156547172374451,0.0,-0.0100051702414594,-0.0070603160818665,0.0,0.0,0.0103971832228176,0.0134647373878053,0.0,-0.0112337544953199,0.0,-0.0123358638526555,0.0,0.0,-0.0112488658130471,0.0,0.0,0.0,0.0,0.0093464795317303,-0.0100128353449001,0.0,0.0,-0.0116200817317306,0.0,0.0,0.0,0.0,0.0,0.0,0.0,-0.0076983498426043,0.006735947049923,0.0,0.0,0.0,0.0,0.0,0.0,0.0,0.0,0.0,0.0,0.0,-0.0157221833985184,0.0,0.007914203266028,0.0,0.0,0.0,0.0,0.0163838780512811,-0.0092292496235918,0.0085955382094846,0.0,0.0,0.0104054919618678,-0.0167920948059678,0.0,0.0,0.0,0.0,-0.0154997682341268,0.0,0.0,0.0,0.0,0.0,0.0,0.0,0.0,-0.006175558700022,0.0,0.0125097367898976,0.0,0.0,0.0,0.0,0.0,0.0,0.0,0.0122220059175637,0.0,0.0158660269486221,0.0,0.0113986155928349,0.0,0.0,0.0,0.0,0.0,0.0,0.0,0.0,0.011723360879044,0.0,0.0,0.0,0.0,0.0,0.0,0.0,0.0,-0.0076360762313798,0.0,0.0,0.0,0.0,0.0,0.0,0.0,-0.0110153364767335,0.0,0.0,0.0,0.0,0.0,0.0,0.0,0.0,0.0,0.0,0.0,-0.0125683416209815,0.0,0.0,0.0,0.0,0.011527375711953,0.0
sid5589-noisy-COSINE-8112-F_array1_149-truncated.wav,0.0,0.0,0.0,0.0,0.0,0.0,0.0,0.0162571900532774,0.0,0.0,0.0,0.02557532413543,-0.0624642897936698,0.0,0.0,-0.0350003571783703,-0.0370395489084993,-0.0271711027546391,-0.0419218066801788,0.0,-0.0055698349349678,-0.0321765217150118,-0.0197761562746666,0.0,0.0,-0.0154517542951539,0.0,-0.0108468293989868,0.0,0.0,0.0,0.0,-0.0105395934386818,0.0,0.0,0.0,0.0,0.0,0.0,0.0156648516169332,0.0,0.0,0.0,0.0,0.0,0.0,-0.0055069664768657,0.0,0.0,0.0,0.0,0.0,0.0,0.0,0.0,0.0,0.0,0.0,0.0192563508933896,0.0,0.0,0.0,0.0,0.0,0.0,0.0117812740512037,-0.0078794549005047,0.0,0.0,-0.0116809478186413,0.0,0.0,0.0,-0.0150792908899674,0.0116876590115459,0.0,0.0,0.0,0.0,0.0,0.0,0.0,-0.0052562828041777,0.0,0.0,0.0,0.0,0.0,0.0,0.0,0.0,0.0,0.0,0.0095765629071845,0.0,0.0,0.0,0.0,0.0,0.0,0.0,0.0,0.0203715308299712,0.0,0.0124139222658393,0.0,0.0,0.0,0.0,0.0,0.0,0.0,0.0,0.0,0.0,0.0,-0.0076054473520644,0.0,0.0,0.0150038481053604,0.0,0.0,0.0,0.0,0.0,0.0,0.0,0.0,0.0121043198760762,0.0,0.0,0.0,0.0,0.0125646955012676,0.0,0.0,0.0,0.0,0.0,-0.0077227777393059,0.0,0.0,-0.0085855484629086,0.0,0.0,0.0,0.0,-0.0082786550420241,0.0,0.0,0.0,0.0,0.0,0.0,0.0,0.0,0.0,0.0,0.0,0.0,-0.017190385537465
sid2872-noisy-COSINE-3792-F_array1_141.wav,0.0,0.0146612722105843,0.0041101921023979,0.0,0.0,0.0051233439948826,0.0,0.0,0.0,0.0,-0.0146540719476386,0.0057324160820718,0.0,0.0,0.0,-0.0104190347335194,0.0,0.0687723604851701,0.0,0.0,0.0307029484421047,0.0,0.0,0.0,0.013491469862821,-0.0215002908938727,0.0139801522180443,-0.0353067647427143,-0.0247052576761324,-0.0209346139653133,-0.0261038830264263,0.0,0.0,-0.0146226175348613,-0.0158303695932605,-0.0401031871380734,0.007875586857884,-0.0365444077964777,0.0137118562593694,0.0,0.0134677486903514,0.0,0.0045662273226762,0.0112184182980981,0.0,0.0,0.0,-0.0169649024912299,0.0,-0.0089601151070052,-0.0104276160464591,0.0,-0.0160204113570341,0.0,0.0,0.0,0.009267149322474,0.0,0.0,0.0,0.0,0.0,0.0,0.0,0.0,0.0,-0.0105135049999696,0.0,0.0,0.0,0.0,0.0113581079079847,0.0,0.0,0.0,0.0,0.007971909649316,0.0103413647373516,0.0,0.0,0.0,0.0,0.0094188257133943,-0.0120556499056069,0.0,0.0,0.0027791276431484,0.0110487091480445,0.0,-0.0071400281113213,0.0,0.0028354037648696,0.0,0.0,0.0,0.0,0.0,0.0114365682071677,0.0,0.0,0.0207646423291416,0.0,0.0,0.0,0.0,-0.0085078019400736,0.0,-0.0064187708938846,0.0,0.0,0.0,0.0,0.013070936861261,0.0,0.0133092545543591,0.0,0.0080874708206144,0.0,0.0,0.0085935173379352,0.0,0.0068184177745399,0.0,0.0,0.0,0.019474343170193,0.0,0.0,0.0,0.0,0.0,0.0,0.003794672753695,0.0,0.0,0.0,0.0,0.0,0.0029953457777921,0.0119945281501295,0.0,0.0,0.0,0.0,0.0,0.0,0.0172169189367874,-0.0153074697404908,0.0,0.0,0.0,0.0,0.0083421695827189,0.0,0.0,0.0,0.0,0.0,0.0,0.0,0.0
sid3479-noisy-COSINE-3904-M_array1_3.wav,0.0123164003168905,0.0152301287306814,-0.0059833522005487,0.0,-0.0035236660334963,0.0,-0.0159218202689113,0.0,0.0,-0.0022832436241141,0.0,0.0,0.0,-0.0038411314643585,0.0,-0.0109440181010494,0.0133479318248491,0.0157090769892927,0.0512915205534475,0.0071727013014423,0.0209317672993874,-0.0035595408450151,0.0871648352439441,0.0483882673390771,-0.0145520957363303,0.0105875128082312,-0.0112504493297388,0.0175234257590779,-0.0114122057684316,-0.0089388874344422,0.0643153257880062,0.0326237775444943,0.0,0.0240688853664766,-0.0086133696645946,0.0171981098293184,0.01365733905674,-0.0076220463782367,-0.0035708109075779,0.0,0.0,-0.0085477016514002,-0.0022416717847505,-0.0226353615847109,0.0,0.0115442790197883,-0.0080125136101296,-0.0040871190342508,0.0,0.0,0.0215003026374589,-0.0179010413541764,-0.0070579980281462,0.0,-0.0104449735493132,-0.0209749472064287,-0.0064052815792234,-0.0129200541728977,-0.0089547723637446,0.0,-0.010750341745599,-0.0166079586964684,-0.0068901554902573,0.0,-0.0148635076902726,0.0100540116186318,0.0,-0.0212008904460632,0.0,0.0,0.0129184515189257,0.0,-0.0063836321695716,-0.0137991695708957,-0.0108996201069539,0.0,0.0,0.0,-0.0122804803633153,0.0085804401855241,0.0,0.0081764828539732,-0.0064463957938575,-0.0067107616746126,0.0,-0.0035312496487699,0.0,0.0,0.0,0.0,-0.007241452119495,-0.0064297553896629,0.0,0.0,0.0,0.0,0.0,-0.0129149334650843,0.0,-0.0112871791679261,0.00786299769299,0.0,-0.0089647235190887,0.0,0.0,0.0095028574910841,0.0,-0.0190884930436638,0.0,-0.013085771421524,0.0,-0.0175266802090352,0.0,0.0,0.0,-0.0074907022050894,0.0,-0.0106681842150539,0.0,-0.0093396042021412,0.0,0.0114394562756648,-0.0112212764663028,0.0069141765378182,0.0,-0.0164446213474828,-0.0091887867636058,0.0106823092943096,-0.0078821198982472,-0.0179668309539342,0.0,0.0190843872969298,0.0,-0.0069219146437268,0.0,0.0,-0.0072472956111992,0.0,-0.0257548271974918,-0.0122903552560174,0.0,-0.0062214209290576,0.0,-0.0147867639644617,0.0086677763187596,-0.0092239059519272,-0.002962880622241,-0.0075006778039612,-0.0177686532429214,-0.005590633187339,0.0074474240950669,0.0,-0.0111874692814149,0.0,-0.0024721734947722,0.0,-0.005757130279326,0.0115336885120037,-0.0133453631288963,0.0,-0.0124619582883264
sid5139-clean-COSINE-7321-M_close_121.wav,0.0,0.0,-0.0057803938194682,-0.0275485732679793,0.0,0.0,0.0,0.0128299918380165,0.0062476911369549,-0.0068042953178082,0.0,0.0,0.0,0.0,-0.0104345152975864,-0.0421071677294246,-0.1271183199563104,0.0,-0.014344123975409,0.0146729357611139,-0.0082009565361249,0.0246056637077393,0.0,0.0,-0.0097045765383207,0.0290843935236459,0.0,0.0293556562436982,-0.0043913979408861,-0.0067495807759039,0.0146447250935176,-0.0139139128395455,0.0112372865172525,0.0154348252373604,0.0,0.0,0.0305253396530155,0.0217620091821071,0.0,0.0,0.0,-0.0140806674206997,0.0,-0.0077099338660638,-0.0074002178375358,0.0,0.0,0.0,0.0,0.0,0.0,0.0,-0.006380848838417,-0.0072477878206584,0.0,0.0,0.011795262152389,0.0153954381484884,0.0,0.0111515488388821,0.0,0.009200467078707,-0.0056603289597847,0.0110859610208156,0.0,-0.0055354230143649,0.0,0.0,0.0,-0.0078292430722581,0.0,-0.0087884606147608,-0.0083561733269726,0.0,0.0,0.0,-0.0084070555669527,-0.0043711349820711,-0.0167303272023566,0.0,0.0,0.0,-0.004497097938704,0.0,-0.0269105178900687,0.0,-0.0272730275528421,-0.0202572567264278,0.0,-0.0010883945290759,-0.0153290851238838,-0.0040298470208768,-0.0118463755671959,-0.0127538752924865,-0.0056056787649517,-0.0217936179804046,0.0,-0.0183049994357118,-0.0081600319303365,-0.006792053523915,-0.007953496634722,0.0,-0.0062176551022452,0.0,-0.0149771125666202,-0.0092803707230654,0.0,-0.0092610508740255,-0.0045744687300935,0.0,0.0,0.0,0.0,0.0,0.0,0.0,0.0,0.0,0.0,0.0,0.0,0.0,0.0,0.0189525378379301,0.0,0.0,0.0,0.0,0.0,0.0,-0.0074567188446823,-0.0039249746271028,0.0,0.0163305820628954,0.0,0.0,-0.0132499170692847,0.0,0.0111993618361239,0.0,0.0,0.0,0.0,-0.0045627869054945,0.0,-0.005626364526764,0.010229856920098,0.0,0.0,0.0,0.0,-0.0115632472319613,0.0110570529530647,0.0,0.0,0.0,-0.004112563854421,0.009686935912619,0.0,0.0060729309422924,0.0
sid0842-anchor-COSINE-1399-F_close_223.wav,0.0,0.0,0.0,0.0250942207903235,0.0,0.0075185482735628,0.0,0.0,0.0,0.0058216640661355,0.0,0.049243216377907,0.076785408081922,0.0691517366714656,0.0,0.0515482942299015,0.0,0.0176201548394843,0.0273105480812504,0.0,0.0,0.0,0.0,0.0075479506337579,0.0,0.0,0.0,0.0,0.0081300801780145,0.0,0.0,0.0,0.0,0.0,0.0,0.0,0.0,0.0,0.0,0.0,0.0,0.0,0.0,0.0,0.0,0.0,0.0,0.0,0.0,0.0,0.0,0.0,0.0102957712388887,0.0,0.0,0.0,0.0,0.0069580631601143,0.0100114851172378,0.0,0.0,0.0,0.0,0.0,0.0,0.0,0.0,0.0,0.0,0.0,0.0,0.0,0.0,0.0187854391221847,0.0,0.0,0.0,0.0,0.0,0.0,0.0,0.0,0.0,0.0,0.0,0.0,0.0,0.0,0.0,0.0,0.0021634807815821,0.0,0.0,0.0,0.0,0.0,0.0,0.0,0.0,0.0,0.0,0.0,0.0,0.0,0.0,0.0,0.0,0.0158925236671999,0.0,0.0097913205596252,0.0,0.0,0.0056388185024325,0.0,0.0,0.0,0.0,0.0,0.0,0.0,0.0,0.0,0.0,0.0128619304341099,0.0,0.0,0.0,0.0,0.0038955871631669,0.0,0.0,0.0,0.0,0.0,0.0,0.0,0.0078695848318986,0.0,0.0,0.0,0.0,0.0,0.0073860142017837,0.0,0.0,0.0,0.0069151688176674,0.0,0.0,0.0,0.0,0.0124483596744289,0.0,0.0,0.0034062492961175,0.0022584266153138,0.0,0.0,0.0,0.0,0.0
sid0609-anchor-COSINE-1278-F_close_205.wav,0.0,-0.0061068520207599,-0.0111076772444591,0.0152050435796902,0.0,0.0,-0.009171777735614,-0.0003723150751823,0.0132094785836673,-0.0047658894510839,-0.0111715279452716,0.0073701617880745,-0.0164967847255401,0.0,-0.0174316330616335,0.0,0.0,0.0,0.0,-0.0115535378812292,-0.0058144770427895,-0.0028825166260999,-0.0024469079557095,-0.0148937589899472,-0.0040227710099424,-0.0164938337927698,-0.0105106871539622,-0.0210855773361651,0.0196656873438094,-0.0067533444300742,0.0795028377346494,-0.0036425801406347,0.0,0.0,0.0437911345562041,0.0,0.0203813181656783,0.0362753527554104,0.0103860027767297,0.0162488596222121,0.0,0.0081573754845523,-0.0145815834491488,-0.0234756250444103,-0.0103786376067926,-0.0128439592655646,0.0131199582062964,-0.0059009794625399,-0.0255821178673196,-0.0056192066678662,0.0109778938719891,-0.0102043676802529,-0.0306864712579626,-0.020271071799742,-0.0117764437729488,-0.0114347230258201,-0.0102336310375039,-0.0026833381056507,-0.0202256930076644,-0.0119071758564604,-0.0160493567090924,-0.0121922592962559,-0.0114587542084747,-0.0097397086548781,0.0,-0.0190942160995615,0.0,-0.016261402369204,-0.006534191514509,-0.0083041780018164,0.0097591318623912,-0.0094580738984979,0.0,0.0,0.0,-0.0044161727704424,0.0062556236229891,0.0121027266830856,0.0,0.0,0.0,-0.0040469497160785,-0.0058847217586409,-0.0047451582180114,0.0152488297791144,0.0,0.0197626615381588,-0.0110257411416577,0.0,-0.0076443941864171,-0.0041674683799269,-0.0016916969005765,0.0,0.0,-0.0115321196817136,-0.0222476994077561,0.0,-0.0044708562851487,-0.023246472036247,0.0125811444935826,-0.0044274023965013,0.0,0.0,0.0,-0.003796094278221,0.0,-0.0036546477817375,-0.0078166615525584,0.0,-0.0103019003408939,-0.0010178941433452,0.0,-0.0135957326046058,0.0,0.0,-0.0214358926326432,0.0,0.0,0.0,0.011869083908112,0.0,-0.007846005327654,0.0071722205291516,0.0143042896547876,0.0,-0.0024358201491289,-0.0046480291923489,0.0,0.0,0.0,0.0,-0.0130599873763258,-0.0010847058329563,0.0115233240081562,0.0,0.0,-0.0045349390510571,0.0,-0.0129238821794027,-0.0033071170520328,0.0,-0.005691177374187,0.0,0.0094902363437769,0.0,0.0,-0.0182106160663811,0.0,-0.0124537917111685,-0.0013074623551565,0.0,0.0202084600473886,0.0,0.0,0.0,-0.0215987987680969,0.0,0.0,0.0070797887779637,-0.0037698197383278,0.0
sid4170-anchor-COSINE-5534-F_close_174.wav,-0.0142763610661117,0.0,-0.0312597353547645,0.0,-0.0161073109424548,0.0,-0.0032471090272498,0.0,-0.0134246047699275,-0.0198199801234792,-0.0128691650406765,0.0,-0.0095640759556344,-0.00407499669698,-0.0094104968381666,0.0,0.0,-0.0493588458022735,-0.0022792457260624,-0.0042833177894378,-0.0067818181214097,0.0090035685536245,0.0,0.0,0.0,0.0,-0.004098744633163,0.0138040405548212,-0.0073224259096029,0.0506194237502315,0.0,0.0259467616672148,0.0073533325205976,-0.0086814106306639,0.0077948604336667,0.014440127258094,0.010593405277146,-0.0330796900752661,0.0,0.0337183541254212,-0.0107423061911015,-0.0009001658030128,0.0,0.0163078734024589,-0.0197023695961909,-0.0225300548220747,0.0454290096815259,-0.0048582303295088,0.0651821956486157,0.0089634963874278,-0.0076905196099079,0.0,0.0443830619224827,0.0,-0.0030243389069981,0.0527590237302452,-0.0113065937304785,0.0057088010263064,0.0175134914281967,-0.0040189121656381,0.0107871781370131,-0.0073971687560275,0.0,0.0104576638314727,-0.0070597345503206,-0.0095217294489759,0.0,0.0,0.0085527515382581,0.0,-0.0209769579673933,-0.0125215621825294,-0.0112985364141123,-0.0091120848357353,-0.0159411318400133,0.0,-0.0027177503656932,-0.0252374644825902,-0.002666611856648,-0.0075072047135633,-0.0131566950568344,0.0,-0.0232948562822894,-0.0135093142934593,-0.0215348807701809,-0.008998815604026,-0.0080539262745616,-0.0241676942325551,0.0,-0.0085032345425771,-0.0082499472715835,0.0,0.0,-0.0302074259089994,0.0,0.0187320068987926,0.0138405565756883,0.0,-0.0031895303726242,-0.0060930503231196,-0.0085956781016079,0.0,-0.0090823834659658,0.0180231997444186,-0.0108316652987984,0.0,-0.0080054846686969,-0.0120520867399455,-0.008524580964353,-0.0154688902350292,-0.0076836918751703,0.009993272902414,0.0048727189432353,0.0,0.008209797672894,-0.0057475914822174,-0.0178926667278363,0.0,0.0065354085193737,0.0,0.0,-0.0077175008439387,0.0320489443951658,-0.0063611803115385,-0.0328456352626356,0.0,0.0,0.0067115469272986,-0.032306319355898,-0.0152533854588477,0.0,-0.0123098156212836,0.0,0.015488523762582,0.0,0.0,-0.0049201878549266,-0.0249410774546123,-0.0060629699614634,0.0,0.0,0.0202195834861392,0.0,-0.0105239610928095,-0.0133023806276072,0.0147949653635319,-0.0145232228692108,-0.0175069231995322,0.0,-0.0073087632369494,0.014803434442484,0.0049986521367787,0.016219728294422,-0.009630634329519,0.0,0.0193792904430539,0.0,0.0210258538542921,0.0,-0.0331410900062659,0.0
sid4431-clean-COSINE-5897-F_close_82.wav,0.0,-0.0114097748643134,0.0,0.0,0.0148756208373136,0.0,0.0,-0.0070220230968842,-0.003945581479716,0.0,0.0333144281150382,0.0227115642030412,-0.0098974865101306,-0.0048427845604739,-0.0054168018149797,-0.014231062119264,0.0,0.0,0.0096698442173583,0.0,0.007254283916425,0.0,0.0214030871915302,-0.0027707272438764,0.0,-0.0162135327347663,0.0,-0.0119786592364482,-0.0337505238066572,0.0,-0.009298926632886,0.0,0.0,0.0,-0.003450522048279,-0.0081468720083073,-0.0067678563131346,0.0,-0.0231674055519059,0.0,-0.0046978737785805,0.0138775984404625,-0.013292371625804,0.0005676785515426,-0.0315989771598327,-0.0327227513705416,0.0,-0.010563891059254,-0.0054055473364545,-0.0303848935213767,-0.0060577255465479,0.0,-0.0109759059769382,0.0,0.0,-0.0108170570075495,0.0129931443280436,0.0,0.0083106572768093,-0.0182184688057178,-0.0050086240420344,-0.0082344252216443,0.0,-0.0068538977665142,-0.0098407793592497,-0.0032277994560548,0.0,0.0,-0.0093076054218837,-0.0040031618408035,-0.0078405131818688,-0.0024523834062106,-0.0020647832272903,0.0196126883705996,0.0,-0.0189526105744558,0.0069151652536658,0.0,0.0,0.0,0.0076410648819293,0.0,-0.0024234582105669,0.0,-0.0061406765249097,-0.0122070600003193,0.0,-0.011084323510728,-0.0052044406683887,-0.0039720012968507,-0.0040106684049453,0.0,-0.0046044081156108,0.0,0.0,-0.0042061902026483,0.0,0.0,0.0,0.0181624836466679,0.0,0.0,-0.0029692150081526,0.0,-0.0057611616441673,-0.0154747932869903,0.0189584776165788,-0.0076867265511505,0.0,0.0,0.0,-0.0151870894247097,-0.0004046383392513,-0.003758378396317,-0.0126966440899545,-0.0050998689255032,0.0,-0.0033998381263377,0.0,0.0,0.0,-0.0288544297107838,0.0,-0.029250909174615,-0.0040222236110431,0.0,-0.0031143755044438,-0.005574137929891,0.0,0.0,-0.0087999284218316,-0.0033173900291649,0.0,0.0,-0.0035465815035277,0.0,-0.0186016415160335,0.0,0.0,0.0199994856887844,0.0095355308289736,0.0130237123493737,-0.0125672445528728,-0.0077911902153914,-0.0160395548734502,0.0,-0.0129692141855664,0.0,-0.0066274945256678,-0.010679211362055,0.0,-0.0124444989872349,0.0,-0.0077641988670083,-0.0036131183555897,-0.0047266126901378,0.0,0.0115339926066023,0.0,-0.0032141509965455,0.0
sid3388-clean-COSINE-3904-M_close_183.wav,0.0,0.0519960752212583,0.0,0.0,0.0,0.0,0.0315888419657487,0.0822647519609125,0.0,-0.0013812436128907,0.0,-0.0113066134058026,-0.0355282484543344,0.0,-0.0080966954585416,0.0,0.0,0.0,0.0,-0.0147986589439505,0.0,-0.0089091512597647,-0.0053170336876732,0.0,0.0,-0.01909419791699,-0.0079856644560592,0.0,0.0,0.0,-0.0073908471115457,0.0,0.0,0.0,-0.0490743350460412,-0.0433198415196873,0.0,0.0,0.0,0.0,0.0,0.0321230667901246,-0.0305025755536793,-0.0711770238799476,-0.0153875314665249,0.0,-0.0036969172078948,-0.0232788583646301,0.0,-0.0116621029211804,-0.0038551566640361,-0.0188892221542604,0.0,-0.0103800640255115,-0.0380655708942707,0.0,-0.0212938421486307,-0.0226394085290963,-0.0402748305166436,-0.0161183243447159,0.0,0.0,0.0,-0.0322048356765279,-0.0139278382675343,0.0,-0.0006330025988469,0.0,0.0,-0.0337342308817548,0.0,-0.0069297581140333,-0.004267291345808,0.0,0.0,0.0,0.0,0.0,0.0,-0.0166765898967921,0.0,-0.0134162649156342,-0.0112238699824438,-0.0140803807505195,0.0,0.0,0.0,0.0,-0.0180075078312095,0.0,0.0,0.0,0.0,0.0,0.0,0.0,-0.0174042767460729,0.0,0.0,0.0,-0.00836180215747,0.0,0.0,0.0,0.0,0.0,0.0,-0.0082780446469553,-0.0095055214378824,0.0275621451522016,0.0,0.0,0.0,0.0007883172518117,0.0,0.0,-0.0191144979447376,0.0,-0.0147753870773171,0.0273299757973327,-0.0035660858737724,0.0,0.0,0.0,-0.0075208168220663,0.0,-0.0174584618192809,0.0,0.0,0.0,-0.0058833807833639,0.0,-0.0151080948429914,0.0,0.0,0.0,0.0,0.0,0.0,-0.0198364568996071,-0.0234001324351222,0.0,-0.0086458425599849,-0.0075836350173294,0.0,0.0,0.0,0.0,0.0,0.0,0.0,0.0,0.0250220864059749,0.0,0.0,0.0,-0.0045939910690617,0.0,0.0,-0.0105416795589034,0.0
sid2611-clean-COSINE-3277-F_close_111-truncated.wav,-0.0102734217851086,-0.0094441125541715,0.0,0.0,0.0,0.0,0.0,0.0,-0.006864332720326,-0.0089269961868718,0.0,-0.0091862926709502,-0.0115897305041483,-0.0268584815889128,0.0,0.0,0.0,0.0092831013478926,0.0,-0.0057534357154501,0.0,0.0124935000535303,0.0,-0.0183422328160576,0.0128882906025432,-0.0101597074981483,-0.0441742292074262,0.0,-0.0248707709479087,-0.0081623951065135,0.0509568260859159,-0.0060614785226967,0.0376278766931671,0.0,0.0,0.0108897082458378,0.0257917494840254,-0.0228033686315905,-0.0093216911391488,-0.0131502031561201,0.0,-0.0290415782092596,0.0,-0.0145484475722377,-0.020322088102888,0.0160649600192836,0.0,-0.0365547588993193,-0.0071712897514597,0.0,-0.0112078870723692,-0.0079912822514004,-0.0263152841132328,-0.0092269317570402,0.009482604843059,-0.0263334486619538,-0.0065786637638011,0.0,-0.0228911783717334,-0.0216510154491651,-0.0019308806797013,-0.0041836213076527,0.0,-0.0053825839920725,-0.0132572455391569,-0.0040781737655454,0.0,0.0,0.0153780676682628,0.0,-0.016798514458099,-0.0045978762468578,-0.0033077068590038,0.0,-0.0136063401415056,-0.0059716782692236,0.0,0.0,0.0,-0.0108716665567636,0.0,0.0112383915795662,0.0,-0.0030708273770988,0.0,0.0,-0.0104894657687822,0.0,-0.0084868791509189,0.0,-0.0071043186596134,-0.0072310841013474,0.0,0.0,-0.0102815846613175,0.0,0.0,-0.0075247135531845,0.0,0.0,0.0,-0.0168429694972428,0.0,0.0,-0.0126679839216258,-0.0062855490179227,0.0,0.0,0.0,0.0,-0.006133323628171,0.0,0.0,-0.0032599530859532,0.0,0.0,0.0107430385614736,-0.0086162714923735,-0.0100467740871239,0.0,0.0,0.0,0.0,-0.0068021000528426,-0.0030363543686519,-0.0063498909706235,-0.0041655297498495,0.0,0.0,-0.0251047746002229,-0.0090697891714914,0.017751777280318,0.0,-0.0074653771934786,-1.3535761413058209e-05,0.0,0.0120792111541131,0.0,0.0,0.0,0.0,0.0,-0.0079186089235048,0.0,0.011007807819092,0.0,-0.0083965858140653,0.0,-0.0176886867289338,0.0129047326476319,0.0,0.0,0.0181431693413605,0.0,0.0,0.0,-0.0055570648656283,-0.0041188286607042,-0.0047157231911529,-0.0097162700165247,-0.0134833840947774
sid0925-anchor-COSINE-1399-F_close_312.wav,0.0,0.0,0.0,0.0,0.0,0.0,0.0,-0.0026420110407576,0.0,-0.0036342351805352,-0.0135383367328094,0.0405750069719734,0.0,-0.0153475998872447,0.0615660907911649,0.0851048262156742,-0.007345691718176,0.0761406153103313,0.0,0.0606130062938255,0.0573978324797772,0.0,0.0237960946163227,0.0,0.0148312929217617,0.0,0.0,0.0272593235904722,0.0,0.0,-0.0106448886828016,0.0,0.0,0.0,0.0123516620229127,0.0,0.0,-0.0103464074050211,0.0,0.0,-0.015711134665722,0.0,-0.0028452319055068,-0.0072137589959328,0.0,0.0,-0.0096186113338157,-0.0057973778470191,0.016201965431796,0.0,0.0,0.0,-0.0115124899612887,-0.0015657496118455,0.0,-0.0104521428468105,0.0,-0.0089759791116381,0.0,-0.0051286743767812,0.0,0.0,0.0,0.0,-0.0012609450539182,-0.0151448961721446,0.0,0.0,0.0,-0.0128936964580214,0.0,0.0,-0.0108238527262272,0.0,-0.0095448427476779,0.0,-0.0099441068603167,0.0,0.0,-0.0104563297434224,0.0,0.0,-0.0027343443742395,-0.0076386692982693,0.0,-0.0045303311091661,-0.0218263536217849,0.0,-0.0103570257500669,-0.0257049520792013,0.0,-0.0274079987754284,-0.0102461926055905,0.0,-0.0050021063288154,-0.0187388127466142,-0.021062232412685,0.0,0.0,0.0,0.0,0.0,0.0207842778366722,-0.0091977837737785,0.0,0.0,-0.0010602328975479,-0.0011873899546784,0.0,-0.0089005589985825,-0.0139051400915836,-0.0264406952775334,0.0168964962030196,-0.0107453288718907,0.0,0.0,-0.005077224093524,-0.0188105222701091,0.0,-0.0112435426247571,0.0,0.0,0.0,-0.0073835849428787,0.0,0.0194745520971972,-0.0129738344344526,0.0,0.0,-0.017117356694032,0.0014940158258017,-0.0068810475627789,-0.0108803570642193,0.0,0.0,0.0,0.0,-0.0112727158840604,0.0,0.0,-0.0113718098905001,0.0,0.0,-0.012977539787008,0.0,0.0,0.0181548405910532,-0.0123506461541203,0.0,0.0,0.0262909434676612,0.0,-0.0111138437530564,0.0,0.0,-0.0131838192472076,0.0,-0.0130681042571967,-0.0109659320312098,0.0,-0.011893533490825
sid5663-noisy-COSINE-8112-F_array1_64.wav,0.0,0.0,-0.0036929398907326,0.0,0.0880438690486187,0.0,0.0,0.0,0.0,0.0,0.0,0.0,0.0344720317245209,-0.0138781368286841,0.0,0.0101071315915147,0.0,0.0,-0.0065436144596866,-0.0135776581803466,-0.0259166888774323,0.0160068176923579,-0.0180641759456632,0.0155699954318185,0.0202543647731379,0.0262899430164511,0.0397260398460721,0.0,-0.0239454818311553,-0.0147531217703805,0.0273085321812011,0.0,0.0127380794666985,0.0052888106393376,0.0,0.0,-0.007058180057444,0.0,0.0,0.0,-0.017598265253703,-0.0140996853006476,0.0,-0.0121801249381391,0.0,0.0,0.0,0.0,0.0,0.0,0.0,0.0,0.0,0.0,0.0,0.0,0.0,0.0,-0.0077908705265872,0.0,0.0,-0.0084942395014717,-0.0093318535951936,-0.0067837461745572,0.0,0.0,-0.0094932987705756,-0.015652767308892,-0.0165350597882397,-0.0083893873426991,0.0,0.0,-0.0160776836437941,-0.0061861943300537,0.0,0.0,0.0,0.0,-0.0049960447348758,0.0,-0.0091772779573,0.0,0.0,0.0,0.0,0.0,0.0,-0.0064338944564805,0.0,0.0,0.0167037023747548,0.0,0.0,0.0,0.0,0.0,-0.0031479347068013,-0.0077412370025481,-0.0045484263189722,0.0,0.0,0.0,0.0,0.0085670253034994,0.0,0.0,0.0,-0.0082776623376143,-0.0113563070884678,0.0,-0.0214181600596989,0.0,-0.0071035105426841,0.0,-0.0107184405111535,-0.0400659589420311,0.0,0.0097981020556494,0.0,0.0,0.0113547483442502,0.0,0.0,0.0,0.0,0.0,-0.0284513132713083,0.0,0.0,0.0,0.0,0.0098834821741651,0.0,0.0202899787438251,0.0118762791193299,0.0,0.0121297012934646,0.0090235278968502,-0.013482355141241,0.0,0.0,-0.0097775164731228,0.0,0.0,0.0,0.0,-0.0066621228730963,0.0,0.0,0.0,0.0,0.0173083066130989,0.0,-0.0008090939473743,0.0,-0.0121439636613117,-0.0091652169058855,0.0119754057516465,0.0,0.0,0.0103767900094627
sid2553-noisy-COSINE-3231-F_array1_54.wav,0.0,0.0,0.0,0.0,0.0,0.0180493227623209,0.0,0.0,0.0,0.0812880345207166,0.0,0.0258833018764896,0.0030892657489472,0.0,0.0,-0.0226782002874177,0.0,0.0,0.0021995176860723,0.008965967752564,0.0,0.0270742644947316,0.0,0.0,0.0,0.0040698641056308,0.0,-0.0296991778631078,0.0,0.0018018782706031,0.0,0.0,0.0,0.0,0.0,0.0,0.0,0.0,0.0,0.0,0.0036357093819879,0.0,0.0,0.0,0.0,0.0,0.0,0.0,0.0,0.0,0.0,0.0,0.0,0.0,0.0,0.0,0.0,0.0,0.0,0.0,0.0026208101075246,0.0036076344333824,0.0,0.00875140764602,0.00663855873464,0.0,0.0,0.0,0.0,0.0,0.0,0.0050698663182172,0.0,0.0,0.0,0.0,0.0,0.0,0.0,0.0,0.0,0.0,0.0,0.0,0.0,0.0,0.0106315080927661,0.0,0.0,0.0,0.0,0.0,0.0,0.0,0.0,0.0,0.0,0.0,0.0,0.0,0.0,0.0,0.0,0.0046598671201824,0.0,0.0,0.0,0.0,0.0,0.0,0.0,0.0,0.0,0.0,0.0,0.0,0.0,0.0014883655036594,0.0,0.0,0.0,0.0,0.0,0.0,0.0,0.0,0.0,0.0,0.0,0.0,0.0,0.0,0.0,0.0056157216942324,0.0,0.0,0.0,0.0,0.0,0.0,0.0,0.0,0.0,0.0044067491515231,0.0,0.0,0.0,0.0,0.0022361661939572,0.0,0.0,0.0,0.0,0.0,0.0,0.0,0.0,0.0,0.0,0.0,0.0
sid4090-clean-COSINE-5289-F_close_92.wav,0.0116929221538385,-0.0071181732142268,-0.0127800569861136,0.0045971639602035,0.0077179422121359,-0.0081618970816453,-0.011281324193953,0.0,0.0063110683244482,0.0128393196584842,0.0,0.0,-0.0014417951210058,0.0,-0.0057123992636823,-0.0052751828235145,-0.0215026131233537,-0.0044376005994792,0.0,-0.0193229001939839,0.0082613029968895,-0.0061227267315484,0.0283744242186618,-0.0148745517406428,0.0,0.0,0.0086391558972169,0.0119873492410099,-0.0126313263291087,0.0049687868609418,-0.0046228294442522,-0.0114205988688123,-0.0202451655489041,0.0022717294649119,-0.0067315654971965,0.0,0.0,-0.0057799213615608,-0.0231622408628304,-0.0063359438421345,-0.0125201635488194,0.0395919298500801,0.0121565494336379,0.021954173801489,0.0126016058193502,0.0079815799566787,0.0189445403223675,0.0,0.012378524257904,-0.0109626651552992,0.015903888821944,0.0073786258295582,-0.0057358367975166,-0.0031358828299538,-0.0056777858814061,0.0060327929816482,0.0148265750960683,0.0125959331236062,0.0,0.0155092823984421,0.0197282744352344,-0.0071347593901854,0.0115106319755047,-0.0243820210683754,0.0401372697764482,0.0123859690367782,0.0,0.0028658551529333,0.0,0.0233290086704438,0.0054103740088012,-0.0133853396087266,-0.0524935111022412,-0.0081243111668691,-0.0551072851932436,-0.0124623751196989,0.0,0.0184863883517962,-0.0022592850150313,0.0,-0.0081016591229398,-0.0103831604538678,0.0087015117616027,0.0035234724728356,0.0055563797267461,-0.0061980680354408,-0.0366413038833862,0.0065047728128011,-0.0152175546878652,-0.0068526895459461,0.0132318057483755,0.0134434055642954,-0.006102511638886,-0.0060493282958156,-0.025171040761202,-0.0224226437366442,0.0,0.0146669561233391,0.0020169640546467,0.0125633036942564,0.0,0.0039613670483046,-0.0020549303773929,-0.0124787253603666,-0.0138710458373862,-0.0117455124470411,0.0,-0.0182572080641126,0.0088328227869454,-0.0271293760755184,0.0108228383195537,0.0084029152071522,-0.0184541982246932,-0.0090422918113523,0.0,-0.0129326789261383,0.0,-0.0191295913043871,0.0202029543293541,0.0081288284597568,-0.0157281634326735,-0.0081244866583664,-0.0045976112954138,0.0113143286048995,-0.0057844538193319,-0.0166874047101887,-0.0090658869756524,-0.0028527827894505,0.0,0.0135149145567714,-0.0155126703188385,0.0087572980586032,-0.0083553998306776,0.0,-0.0095800888066294,-0.0078087738119525,-0.0200500983989429,0.0140919670106395,0.0118299148926891,-0.019677773290108,-0.0035744840034329,-0.0111180295761714,0.014275783529142,-0.0005941385431881,-0.0064672709977762,0.0,0.0058697456938889,0.0026127504214899,-0.0213784020528568,0.0,0.0,-0.0134114593864389,0.0206904702463429,0.0092148050892901,0.0325893512962379,-0.0340743409616098,0.0,-0.0085543616960076,-0.0210625372940995,0.0038220719444054,0.0
sid5030-noisy-COSINE-7275-F_array1_13.wav,0.0,0.0,-0.0036055150939874,-0.0028410416154549,0.0507106742357366,0.0,-0.0146108300972455,-0.0134592913727617,0.0,0.0,0.0,0.0,0.0,-0.0050112908738275,0.0,0.0,0.0133032858740979,0.0,0.0808833228754097,0.0,0.0195634932830498,-0.0038656429662484,0.0176801121104685,0.0,0.0,-0.007356901347543,-0.0146068451420875,0.0,0.0,0.0,-0.0372665842859393,0.0,0.0,-0.0193301719039819,-0.0244631627165727,0.0,-0.0191569447439602,-0.0200161451756664,0.0,-0.0044496114017777,-0.0037385491420324,0.0139921581954249,-0.0202770621515046,-0.0404242718805906,0.0181919755822207,0.0,-0.0077178551917488,0.0,-0.0091402897003372,-0.0106197014019568,0.0,-0.0179964685329319,0.0,-0.0060890657535257,0.0,0.0,0.0,0.0,-0.0207343329616761,0.0,-0.0057666554712751,-0.0104789276902247,-0.0099333484254026,0.0,-0.0175291285323748,-0.0061331753029513,-0.0020940141426935,0.0,0.0,-0.0053097489748733,0.0,0.0,0.0,0.0,-0.0185638472163266,0.0102857533396557,0.0121745967542307,0.0,0.0,0.0,0.0,0.0,-0.0041710029450834,0.0,0.0166892296536744,0.0118557104995295,0.017722108439246,0.0,0.0,0.0,0.0,0.0,0.0,0.0,0.0,0.0,-0.0015633067188695,0.0137002836886243,0.0,0.0,0.0,-0.0070600945503103,0.0,0.0,0.0,0.0088749002625262,0.0,0.0,-0.0101494894657089,0.0,0.0,0.0,0.0,0.0,-0.0040582563904434,0.0,0.0,0.0,0.0,0.0,0.0,0.0,-0.0197465257935614,0.0,-0.0077670375963438,-0.0165317437626455,0.0,-0.0056774707262186,-0.0052510799268812,0.0,-0.0062049971960503,-0.0147941930735612,-0.0118422759909195,0.0,-0.0009828789391357,0.0,0.0,0.0,0.0,0.0,-0.0090929636191638,-0.0082435519578941,-0.0124487578261889,0.0103736553571738,0.0,0.0,0.0,0.0,0.0,0.0,-0.0042269277268008,0.0,0.0095374651977165,0.0,0.0,0.0111136793707765,0.0,0.0,0.0,0.0,0.0
sid3058-clean-COSINE-3792-F_close_78.wav,0.0,0.0058860232336349,0.0,0.0108682561201211,0.0,0.0,0.0,0.0,0.0842574100411891,0.0,0.0,0.0,0.0,0.0,0.0065427704673346,0.0243384280866276,0.0,0.0,0.0041192660451562,0.0592171703599897,0.0,0.0042364877918373,0.0,0.0694661509491516,0.0,0.0,0.0349837874286133,0.0,0.0036813442784517,0.0011186249549061,0.021163903699501,0.0019480175980271,0.0,0.0029451960898006,0.0070953235537061,0.0017309536937192,0.0,0.0025313766844806,0.0,0.0062390901751013,0.0,0.0,0.0065980367584264,0.0,0.0,0.0,0.0,0.0031313903450299,0.0,0.0,0.0,0.0,0.0,0.0,0.0,0.0,0.0,0.0,0.0,0.0,0.0,0.0,0.0,0.0,0.0,0.0018853788631643,0.0,0.0,0.0,0.0,0.0,0.0,0.0,0.0,0.0,0.0,0.0,0.0,0.0033230383069237,0.0,0.0,0.0,0.0,0.0,0.0,0.0,0.0,0.0,0.0,0.0,0.0,0.0,0.0,0.0,0.0,0.0,0.0,0.0030426933599011,0.0,0.0,0.0,0.0,0.0,0.0,0.0,0.0012265505132945,0.0,0.0,0.0,0.0115196016977945,0.0,0.0,0.0046767139975501,0.0,0.0,0.0,0.0,0.0,0.0,0.0,0.0040606996905856,0.0,0.0,0.0,0.0,0.0,0.0010741561287126,0.0,0.0008201237404131,0.0079133173004043,0.0,0.0024231164475101,0.0024233342911419,0.0,0.0,0.0,0.0,0.0,0.0010861043898518,0.0086335270137088,0.0,0.0049510710885647,0.0063155236863913,0.0050106892229858,0.0,0.0035894814071253,0.0017147635432629,0.0042396412223202,0.0012282482572043,0.0,0.0,0.0,0.0,0.0,0.0,0.0,0.0010727182935043,0.0,0.0056627096860648,0.0,0.0
sid2253-clean-COSINE-2898-M_close_19.wav,0.0,0.0,0.0,-0.016056687743253,0.0,-0.0099509145916455,0.0,0.0165808783175702,-0.0274152889116169,0.0,0.0,0.0,0.0,0.0,0.0,0.0291920372292664,0.0,0.0504465126536049,0.0,-0.0106129739223909,0.0,0.0088476577291799,0.0108436374756316,0.0,0.0,0.0073124523104355,0.0404057692722256,-0.0278808029270925,0.0,-0.0145497884981321,-0.0096013641508756,0.0364696824086766,-0.0134836732474118,0.0,0.0,-0.0395714077674881,-0.0211782139540181,0.0,0.0,-0.0224985383593714,0.0,-0.0166852903100121,-0.0196027447030105,0.0,0.0047069998543552,0.0,-0.0131674811926945,-0.0248328629732256,-0.0285616613197983,0.0,0.0048308793814302,0.0042136517197404,0.0,-0.0098912079782761,0.0049573594726501,-0.0078601312284373,0.0,-0.0106890065480059,-0.0092584220391408,0.0,0.0,-0.0083966554254778,0.0,0.0,0.0,0.0,0.0,0.0201274787466781,0.0,0.0,0.0,0.0,0.0154213736060423,0.0,0.0156535786665078,0.0089902228091723,-0.0095307419902232,-0.0135470039511484,0.0,0.0,0.0098341788342678,0.0,0.0118476446286831,0.0236345317336655,0.0,0.0,0.0,0.0029150718892703,-0.0101792069397468,-0.0169396333099836,0.0107587409581411,0.0096706292444158,0.0111696923830407,0.0,0.0,0.0,0.0,-0.018329633406276,0.0,-0.0226121426630576,0.0,-0.0064746453816501,0.0082374549459995,0.0,0.0,-0.0182606109837466,0.0353240531520726,-0.0119410043700875,0.0,0.0090652969319633,0.0,-0.0159572948855801,0.0,0.0,0.0,0.0,0.0138057470828462,0.0106539489043686,0.0,0.0049228347659924,0.0,0.0050573439331522,0.0258795684506426,0.0,-0.0048750946247851,0.0,0.0,0.0,0.0187511568545147,-0.0032547969020248,0.0150272017296304,-0.0039777451137166,-0.0150008956639109,0.0063229140766244,0.0,0.0,0.0,0.010712986597983,0.0092007952167366,0.0,0.0,0.0141674776968188,0.0104534516839559,0.0,0.0,0.0,0.0,0.0,0.0,0.0,0.0,0.0063935043462281,0.0,0.0,0.0,0.0,0.0060607105076672,0.0,-0.0096849887732299,-0.0057938482247357,0.0
sid4715-noisy-COSINE-6463-F_array1_69.wav,-0.0123067866929662,0.0118626213247509,-0.0075763117099348,0.0,-0.0144106243882888,0.0050719361624394,-0.0106974866499434,0.0,0.0,0.0093723034085353,-0.0037115212804683,-0.0145149607021226,0.0057276397418129,-0.0021387547337978,-0.0051882995747984,0.0,0.0150964483027957,-0.0144228953233267,-0.022602759539656,-0.0040872047265516,0.0059633548745063,0.0077744429755732,-0.0014742095178383,-0.0323583898599756,-0.020919013453978,0.0081203783837871,-0.0078742276989834,-0.0118571314098585,-0.0139817814191996,0.0,-0.0034760852954672,-0.0331623884390999,-0.0113076610714546,0.0,-0.0111458800300229,-0.0185095341002034,-0.0493589745020675,-0.02025348398287,-0.0216189292037637,-0.0645181085815735,-0.0041144474907561,-0.0032332116548184,0.0,-0.0012945657878679,0.0069604457364823,0.0120285197036269,-0.0233532279713583,-0.0214024031602998,0.005213270467989,-0.0110956225199501,-0.0275816163083888,-0.0035614116062831,0.0,-0.0074097140508519,0.0,0.0004092387549147,0.008220114530603,-0.0316758683148135,-0.0110123197540288,-0.0036282195909875,0.0040458735845037,-0.0063327389116755,-0.0060952750911169,0.0031164003794864,-0.0278895918281406,-0.0029115556477117,-0.0049705049535295,-0.0087951362167977,-0.0050654785454379,-0.0055942147068112,0.0,-0.0216866716176412,0.007179949539278,-0.0228328718297435,-0.0018304654070707,-0.0076082251173224,-0.014994501020124,-0.0074526980741308,-0.0119745482817452,0.0092234892590334,-0.0089144230249452,0.004504025489817,0.0036566532745334,-0.0033010100077475,0.0,-0.0193291900674078,-0.0223502388396826,-0.0098185441142676,0.0044846511350555,-0.0259629295728156,-0.0114176775941793,-0.0035965654133371,0.0099639384833752,-0.009929933795578,-0.0031098036905291,-0.0167029717850167,0.0120426891520372,0.0,0.0,-0.0114621901151069,0.0,0.009951442169181,0.0,0.0062979184306993,-0.0172182584418074,-0.0092700640237785,-0.0027355822579819,0.0,-0.0166302684065085,-0.0090216993563731,-0.0123864649211968,0.0,-0.0428771610440216,-0.0038037870185884,0.0,-0.0134465797878019,-0.0107720982104794,-0.008352880075338,0.0,0.0054636844076107,-0.0198973029407653,-0.0258804061188887,-0.0193967386882809,0.0035585314641992,0.0,-0.0118062684641194,0.0111469180476915,0.0,0.0044996069648162,0.0049004464392542,-0.0084659525169018,-0.0038153396779578,-0.0068591178694208,-0.0126516940928264,0.0217786755061483,-0.0181834923506688,0.019998295763818,-0.0123755238257637,-0.0104578068173208,0.0171822922929267,0.0192683463558782,0.0083562113041484,0.0099605629976007,-0.0052516843610191,-0.0123298244505372,-0.0058126515379182,-0.0017272135716229,-0.0109819644237509,-0.0150980114133421,-0.0127047332120988,-0.0139465631175732,-0.0141649465883686,0.0,-0.0250714747545026,-0.0091526496318398,0.0,-0.0302711030364104,-0.0180683266998809,-0.0374008559411834,-0.0079181672831949,-0.0146228764506137
sid0597-clean-COSINE-1278-F_close_193.wav,0.0,0.0,-0.0314820355430632,-0.0191279702503688,0.0,0.0172181525536869,0.0,0.0,0.0,0.0,0.0104211208549997,0.0191006374694444,0.0,0.0,-0.0171109439206745,0.0,0.0396420346657397,0.026440670314839,0.0,0.0,0.0129238450267014,0.0202568151013709,0.0192108470809203,0.0,0.0,0.0,0.0174345506592634,0.0,0.0,0.0,0.0,0.0,0.0,0.0,0.0,0.0089808893357834,0.0,0.0,0.0,-0.0131901536946958,-0.0142496232836493,0.0,0.0,0.0,0.0,0.0,0.0,0.0,0.0,-0.0174645880620155,0.0,0.0,0.0,0.0,0.0159721399313962,0.0,0.0,0.0,0.0,0.0,0.0,0.0,0.0,0.0,0.0,0.0,0.0,0.0,0.0,0.0136811848726339,0.0,0.0,0.0,-0.0157173135097791,0.0,0.0,0.0,0.0,0.0,0.0,0.0,0.0,0.0,-0.021711677915285,0.0,0.0,-0.0087202679470368,-0.0247201194912354,-0.0163190252081709,0.0,-0.0133903728856804,0.0,0.0,0.0,0.0,0.0,0.0,0.0,0.0,0.0,0.0,0.0,0.0,0.0,0.0,0.0,-0.0112362439713834,-0.0190497359816023,0.0,0.0,0.0,0.0,0.0,0.0,0.0095668966477473,0.0,0.0,0.0,0.0,0.0,0.0,0.0,0.0,0.0,0.0145120838707021,0.0,0.0,0.0,0.0,0.0,0.0,0.0,0.0,0.0,0.0,0.0,0.0,0.0,0.0,0.0,0.0,0.0106159861078485,0.0,0.0,0.0,0.0,0.0,0.0,0.0,0.0,0.0,0.0,0.0,0.0,-0.0115413437194456,0.0102312573312049,0.0,0.0,0.0,0.0,0.0
sid1155-anchor-COSINE-1777-F_close_74.wav,0.0,0.0,0.0,-0.0089387293506742,0.0146171864377003,-0.0097116642011865,0.059345172273673,-0.0157194897725284,-0.0048952910176869,0.0,0.0149551294915667,0.0,0.0,0.0,0.0,-0.0153034255406859,0.0,0.0,0.0,-0.0115053418105961,-0.0118961456668295,0.0,0.0,0.0144221497965752,0.0,0.0,-0.0075571237948122,-0.0082356664180546,0.0613938500101476,0.0,0.0502556606154886,-0.0095640520490128,0.0180442824186916,0.0,0.0318151518905913,0.0349584864412278,0.041948948578891,0.0234566164746748,0.0,0.0,0.0,0.0207558021918963,0.0,0.0197265010266322,-0.0090419686287575,0.0,0.0,0.0173946222154578,0.0091145057264484,0.0,0.0,0.0,0.0064228030363642,0.0,0.0109829702736192,0.0,0.0,-0.0187778778411183,0.0,0.0,0.0,0.0,0.0,0.0,0.0,-0.0106380824152459,0.0,0.0098884969592621,0.0,0.0,0.0,0.0,0.0,0.0113626400353765,0.0,0.0,0.0,0.0,0.0,0.0,0.0,0.0,0.0,0.0,0.0,0.0,0.0,0.0,-0.0111464337018364,0.0098145467659688,0.0,0.0,-0.0088581278129558,-0.0047633022102828,-0.015173913060964,0.0,-0.0146564602773154,-0.0055363774686318,0.0,-0.0060517651561274,0.0,0.0,0.0,0.0,0.0,0.0,0.0,0.0,0.0,0.0,0.0,-0.0114000696921411,0.0,0.0109709698160576,0.0,0.0,0.0,0.0,-0.0056915971548162,0.0,0.0,0.0,0.0,0.0,0.0,-0.0085586630832313,0.0,0.0,0.0129006854286476,-0.0095880491892684,0.0,-0.0059942439854409,-0.0145502986601241,0.0,0.0,-0.0159383344858773,0.0,0.0,0.0,0.0,0.0,-0.0097573224303035,-0.0086045681559927,0.0,0.0,0.0,0.0,-0.0094853217909292,-0.0143888815716981,-0.0137708241380923,0.0,-0.0116164177487251,-0.0064123696447637,0.0,-0.015705592937596,-0.0103419076382427,-0.00989550965231,-0.0218161247691604,0.0,0.0,0.0
sid2837-anchor-COSINE-3792-F_close_108.wav,0.0,0.0,0.0,0.0,0.0,0.062718306962366,0.0,0.0,0.0433459142251499,0.0,0.0,0.0,0.0,0.0290217374626323,-0.0231671929998772,0.0,0.0,0.0608984658828666,0.0771268190211346,0.0,0.0165531647278991,0.0712711420847765,0.0794593036657516,0.0243707184698913,0.0,-0.0164475860075459,0.0129076973110499,0.0,0.0,0.0,0.0,0.0,0.0,0.0,0.0,0.0,0.0,0.0,0.0,0.0,0.013909570865396,0.0,0.0,0.0,0.0,0.0,0.0,0.0,0.0,0.0,0.0,0.0,0.0,-0.0202261411717301,0.0,0.0,0.0,0.0,0.0,0.0,0.0,0.0,0.0,0.0,0.0,0.0,0.0143717900820335,0.0,0.0,0.0,0.0,0.0,0.0,0.0,0.0,0.0,0.0,0.0,0.0,0.0,0.0,0.0,0.0,0.0,0.0,0.0,0.0,0.0,0.0,0.0,0.0,0.0,0.0,0.0,0.0,-0.0123971999716904,0.0,0.0,-0.0258181037991655,0.0,0.0,0.0,0.0,0.0,0.0,0.0,0.0,0.0,-0.0203253305823528,0.0,0.0,0.0,0.0,0.0,0.0,0.0,0.0,0.0,0.0,0.0,0.0,0.0,0.0,0.0,0.0,0.0,0.0,0.0,0.0,0.0,0.0,0.0,0.0,0.0,0.0,0.0,0.0,0.0,0.0,0.0,0.0,0.0,0.0,0.0,0.0,0.0,0.0,0.0,0.0,0.0,0.0,0.0,0.0,0.0,0.0,0.0,-0.0177986635573099,0.0,-0.0203377000278137,-0.0177764011403983,0.0
sid5044-anchor-COSINE-7275-F_close_3.wav,0.0,0.0,0.0,0.0,-0.0113232062803097,0.0,0.0,0.0,0.0,-0.0115097955530335,0.0,-0.0114819407444014,0.0297370846331031,0.0298614327099467,0.0,0.0250030651329184,0.0245638690757837,0.0661550040407406,0.020025827378014,0.0359128221694955,0.0208347462081949,0.039771212402899,0.0173259752367363,0.0,-0.011979847520653,0.0,0.0,0.0,0.0166023561186559,0.0,0.0,0.0,0.0,0.0,0.0,0.0,0.0,0.0,0.0130919932324316,0.0,-0.0222149734195727,0.0,0.0,0.0156355529496475,0.0,0.0,0.0,0.017638688478009,0.0,0.0,0.0,0.0,0.0,0.0,0.0,0.0,0.0,0.0,-0.0083831185893233,0.0,0.0,0.0,0.0,0.0,-0.0139536803154127,0.0,0.0,-0.0066503024682823,0.0,0.0,0.0,0.0,0.0,0.0,0.0,-0.0093570336691981,0.0,0.0,0.0,0.0,0.0,0.0,0.0,0.0,0.0,0.0,0.0,0.0,0.0,0.0,-0.0122172998053184,-0.0134954222322661,0.0,0.0,0.0,0.0,0.0,0.0,0.0,0.0,0.0,0.0,0.0,0.0,0.0,-0.0089351732239201,0.0,0.0,0.0,0.0,0.0,0.0,0.0,-0.0129584785296245,0.0,0.0,0.0,0.0,0.0,0.0,0.0,-0.0081819923486387,0.0,-0.0123719675821668,0.0,0.0,0.0,0.0,-0.0066821091916205,0.0,0.0,0.0,0.0,0.0,-0.0224454806747347,0.0,0.0,-0.0096160160477836,-0.0059991819687887,-0.0266340266192474,0.0,-0.0087251922998139,0.0,-0.0191752363512687,0.0,-0.0062270807844164,0.0,-0.012223730111191,0.0,0.0,-0.014919031023413,0.0,-0.0100022166875528,-0.0103047086783284,-0.0195812617249224,-0.0130917455919556,-0.0051245920200219,0.0,0.0,-0.0100507627949145,0.0
sid3071-anchor-COSINE-3792-F_close_90.wav,0.0,0.0,0.0,0.0,0.1079001224792405,0.0,0.0,0.0042696181769615,0.0282150658191715,0.0,0.0,0.0,0.0,0.0,0.0556916392599752,0.0099859733702408,0.0857917277020762,0.0,0.0,0.0,0.0151768278817678,0.0143988737802327,0.0,0.0,0.0,0.0380992609082684,0.0199167897912666,0.0,0.001365779394708,0.0,0.0,0.0,0.0,0.0,0.0,0.0,0.0031263551378202,0.0121608604388678,0.0,0.0,0.0155220992692524,0.010326689386242,0.0044578038910003,0.0,0.0001269301862758,0.0,0.0,0.0,0.0,0.0067167503949366,0.0,0.0,0.0,0.0045072126453217,0.0,0.0,0.0,0.0,0.0105947794101255,0.0007922113170659,0.0,0.0,0.0,0.0,0.0,0.0,0.0,0.0,0.0,0.0,0.0153996996146797,0.0,0.0,0.0,0.0033250184453603,0.0,0.0,0.0106339026646031,0.0,0.0077120681836244,0.0,0.0172826311326365,0.0,0.0196707437104631,0.0,0.0,0.0,0.0,0.0,0.0,0.0,0.0,0.0059358287021706,0.0,0.0,0.0,0.0,0.0,0.0,0.0,0.0019582208665557,0.0,0.0024239712685099,0.0,0.0,0.0019027404396018,0.0,0.0,0.0,0.0,0.0016709563746469,0.0,0.0003208353178885,0.0,0.0118515787790569,0.0,0.0,0.0,0.0,0.0010134629200699,0.0,0.0,0.0,0.0,0.0,0.000716524493856,0.0,0.0,0.0,0.0,0.0,0.0,0.0,0.0107595788172162,0.0,0.0,0.0,0.0,0.0,0.0,0.0,0.0,0.003433679295151,0.0,0.0,0.0,0.0059565422540115,0.0,0.0,0.0,0.0,0.0,0.0,0.0026305816765219,0.0,0.0,0.0,0.0,0.0,0.0,0.0020025184939512
sid2837-clean-COSINE-3792-F_close_108.wav,0.0,0.0,0.0,0.0,-0.0004684405812018,0.0055365068121722,0.0,0.0067029281042275,0.0058453807001277,0.0,0.0,0.0087471112267452,0.0089912985742919,0.036514943005126,0.0,0.0,0.0420788670649261,0.022845629131133,0.0229755063461646,0.0363894711242901,0.036242340367176,0.0035598348537326,0.0188583640125533,0.0440884579537027,0.0364300224945838,0.0133288964502334,0.0,-0.0270908159629002,0.018457952129192,0.0,0.0,0.0,0.0,0.0,0.0,0.0,0.0,0.0,0.0,0.0,0.0,0.0,0.0,0.0058083585368743,0.0,0.0,0.0,0.0,0.0,0.0,0.0,0.0,0.0,0.0036772247970976,0.0,0.0,0.0,0.0,0.0064658808943388,0.0,-0.027960828781575,0.0,0.0,0.0,0.0,0.0,0.0,0.0,0.0,0.0,0.0,0.0,0.0,0.0,0.0,0.0,0.0027189586459967,0.0064018574505262,0.0,0.0,0.0,0.0,0.0,0.0089306832302398,0.0,0.0,0.0,0.0,0.0,0.0,0.0,0.0,0.0,0.0,0.0,0.005848425203765,0.0,0.0,0.0,0.0,0.0068688395467092,0.0,0.0,0.0,0.0,0.0,0.0,0.0,0.0,0.0,0.0,0.0,0.0,0.0,0.0,0.0,0.0,0.0,0.0,0.0,0.0,0.0,0.0,0.0,0.0,0.0,0.0,0.0,0.0,0.0,0.0,0.0,0.0099044585738644,0.0,0.0,0.0,0.0,0.0,0.0,0.0,0.0,0.0,0.0,0.0,0.0,0.0,0.0,0.0104009850834587,0.0,0.0,0.0,0.0,0.0073178072519641,0.0,0.0,0.0,0.0,0.0,0.0,0.0,0.0
sid3629-clean-COSINE-4174-F_close_72.wav,0.0034782151385803,0.0,0.0,0.0061209546682468,0.0106402102040775,0.0,0.0194814003843115,0.0,0.0517712723942141,0.0191873378950294,0.0,-0.0003188192900399,0.0,0.0,-0.0289253683233808,0.0,0.0,0.0,0.0234542000433266,0.0,0.0,0.0,0.0,0.009607073462443,0.035074811904075,0.0,0.0,0.010539722536025,0.0,0.0228169085610816,-0.023911474545134,0.0,0.0,-0.0200575189879965,-0.0209323307555437,0.0,0.0,0.0,0.0,0.0040039285978457,0.0,0.0,-0.0151613510696879,0.0,0.0,0.0,0.0063673644686011,0.0,0.0,0.0,0.0,0.0,0.0,0.0,0.0,0.0,0.0,0.0,0.0,0.0,0.0,0.0,0.0045016457560013,0.0,0.0086897520199302,0.0,0.0,0.006660798159471,0.0,-0.0175121347720259,0.0,0.0,0.0,0.0,0.0060171733915143,0.0,0.0,0.0,0.0,0.0,0.0092908434728205,0.0,0.0,0.0,0.0084524495688684,0.0,0.0052430376147763,0.0073740832072211,0.0,0.0,0.0,0.0,0.0024340162627735,0.0,0.0,0.0,0.0,0.0,0.0,0.0,0.0,0.0,0.0,0.0087843320947749,0.0028058106533562,0.0,0.0,0.0,0.0040717518026132,0.007877113982809,0.0,0.0096477717125586,0.0097061545089353,0.0045841839606457,0.0,0.0102934133036082,0.0,0.0,0.0,0.0,0.0,0.0,0.0,0.0,0.0,-0.0134941257189763,0.0,0.0,0.0,0.0,0.0,0.0,0.0,0.0,0.0,0.0,0.0,0.0,0.0,0.0,0.0,0.0,0.0044152878557007,0.0,0.0,0.0,0.0,0.0,0.0,0.0,0.0,0.0,0.0,0.0033062517974466,0.0,0.0,0.0,0.0,0.0,0.0,0.0
sid1490-anchor-COSINE-2406-F_close_132-truncated.wav,0.0,0.0,0.010176512188215,-0.0112123376851637,0.0081065173885296,0.0049289794033464,0.0832026024558418,0.0,0.0,-0.0131888172711962,-0.0146791896152698,0.0,0.0181932309856702,0.0443239546425715,0.0083223291257591,0.0,0.0,0.0,0.0243925149780699,0.0201194802136851,-0.017929658452843,0.0,0.0155889096222046,0.0,-0.0200610811279728,-0.0187661133951701,-0.0198967946462046,0.0,0.0,-0.0201982749314199,-0.035611772861924,-0.0093580786432539,0.0116338672829171,0.0,0.0,0.0,0.0,0.0,0.0,0.0,-0.0361307059733973,0.0118853277268963,0.0093592337487144,-0.0457792409270389,0.0,0.0,0.0,0.0,0.0,0.0155649538209496,0.0116204858459143,0.0,-0.0112448539657943,0.0,0.011954638882215,-0.0178049974584679,0.0127400532050396,0.0110120565380842,-0.0082158101392489,-0.0219386652077428,0.0,0.0,0.0092118369712128,0.0,-0.0145219587995061,0.0,0.0112255043189091,0.0,-0.0211761917861745,0.0,0.007720066157618,0.0101293877907875,0.0264280276013434,-0.0162131022433077,0.0150988049289929,0.0182391945625472,0.0,0.0,0.0,0.0084630002034722,0.0,0.0,0.0180684614234077,0.0,0.0196301552382083,0.0,0.0086877969699885,0.0,-0.0099104424883468,0.0,-0.022788013385579,0.013409191592057,0.0111167723465248,0.0,0.0,-0.0115621498191147,0.0,-0.0110341521995284,-0.0120946866881461,0.0,0.0,-0.0164479922344406,0.017188455397857,0.0,0.0309682372948595,0.0,0.0,0.0,-0.021038013693697,-0.0070522735151891,-0.0162030121412472,0.0,0.008026514304857,0.0,0.0198683750568382,0.0,-0.0070083011281452,0.0,-0.0082278722212578,0.0189545058266219,-0.0114082387851258,0.0,0.0,-0.0164800158566297,0.027382198042386,0.0,0.0091800133912903,0.0,0.0,0.0,-0.0171533992702857,0.0,0.015676234146161,0.0,0.0072460479957454,0.0,0.0,0.0145245700570085,0.0116777833259061,0.0100787147995208,0.0,-0.0038273301400363,-0.0164188582271697,-0.015509673869863,0.0115024644532381,0.0,0.0,0.0,0.0,0.0,-0.0293950432538309,0.0,0.0,-0.0093149227311734,0.0,0.0,-0.0229938750997701,0.0,0.0,0.0242537336373675,-0.0111148859936655
sid2117-noisy-COSINE-2828-M_array1_51.wav,0.0,0.0,0.0,0.0,0.0,0.0510497627970176,0.0,0.015567915119165,-0.0103938332056126,0.025312892503994,0.0,0.0,0.0105599505061163,0.0127273475555525,0.0293105059970453,0.0379817786100577,0.0,0.0,0.041696082766671,0.0,0.0,0.0,-0.0142724030624751,0.0,-0.0115293041172743,0.0227344121322068,0.0202918291663926,0.0129259699956541,0.0,0.0,0.0,0.0,0.0125361171197994,0.0,0.00722477187148,-0.0081410477252718,0.0,0.0,-0.0142497089102383,-0.0102184682163969,-0.0255316292892002,0.0,0.0,0.0,0.0,0.0,0.0,0.0,0.0,0.0,0.0,0.0,-0.0057297435076386,0.0083201121193757,0.0,0.0,-0.0123408040781774,-0.0127981526775413,0.0,0.0,-0.0120356781441784,0.0,0.0,0.0,0.0,0.0136133182953914,-0.011314039934044,-0.0150276222924298,0.0,0.0,0.0,0.0,0.0,0.0,0.0,0.0055343169672993,-0.0043640002180959,0.0,0.0,0.0092243575230493,0.0,0.0,0.0103645287605704,0.0,0.0,0.0,-0.008582932996181,0.0,0.0,-0.0110871972168827,0.0,0.0,0.0,0.0,0.014261453240547,0.0,0.0,-0.0218341740517096,-0.0091135603343171,0.0,0.0,0.0,0.0,0.0,-0.0092700555449371,0.0,0.0,0.0,0.0,0.0,0.0,0.0,0.0,0.0,0.0,0.0098061935390506,-0.0071615279978956,0.0,0.0,0.0,0.0,0.0,0.0,0.0163204610687782,0.0,0.0,0.0,0.0,-0.0138884016730407,0.0,0.0,-0.0081780872654567,-0.0062065290982191,0.0,0.0,0.0,0.0,0.0,0.0104404622342947,0.0,0.0,0.0,-0.0046310777699459,0.0,0.0,0.0,-0.0091943228084311,0.0,0.0143176291455559,0.0,0.0,0.0,-0.0126946724190751,0.0,0.0,0.0,0.0116400833527737,0.0,0.0,0.0,0.0
sid3314-clean-COSINE-3904-M_close_104-truncated.wav,-0.0146412405035891,-0.0063507184942553,0.0,-0.0044317245522943,0.0183582337490881,0.0,0.0,0.0,-0.0093039983827754,0.0217315202644143,0.0,0.0,0.0203576379267126,0.0463034935246006,-0.0097855522408793,0.0,0.0,-0.0221484642239085,0.0,-0.0046134887234044,-0.0124930828258089,0.012790556093177,0.0350077774278651,-0.0161483624018054,0.0,-0.0059598605786358,-0.0120717440551667,0.008393342055926,0.017848438286628,-0.0114393673786248,-0.036849820059582,-0.0219051312747668,-0.0201914902657765,0.0,0.0,-0.0453158123057358,0.0243716890354245,0.0,-0.0216772606509265,-0.0273764484638334,0.0,-0.0079241296377214,-0.0209259693370603,0.0058078118536755,0.0144027798174959,0.0194991394132122,0.0,-0.0054574809023108,0.006315696893002,0.0,0.0112192487442694,0.0014899704540222,0.0,0.0108614730642374,0.012699115054791,0.0057818318888166,-0.011619162369812,-0.0256287522341762,-0.0108148028166478,0.0,-0.0222531120519647,-0.032200132694545,0.0,-0.0189297495584176,0.0,0.0,0.0,-0.0169143438406315,-0.0170541218136685,-0.0145650675430279,-0.0224088355215489,-0.0108902162495415,-0.0036822004224506,0.0153150939784699,-0.0058832189537852,0.0,-0.0086633137436401,0.0,0.0,0.0,-0.0129672441384057,-0.0188811871180378,-0.0027298372901274,-0.0376234354331534,-0.0083860805217652,-0.0128694452988604,-0.0282183792270209,0.0,-0.0153252029704603,0.0,-0.0194512881473138,-0.0115673725188495,-0.0122551247566651,-0.0339361723136064,0.0,-0.0168028441775508,0.0082693461465559,0.0118988880998288,0.0226838860492789,0.0293237850878814,0.0,0.0,0.0,0.0,-0.0083099458345117,-0.0096729713989068,-0.0029768210183982,-0.0079698428941623,0.0156386300069764,0.018147907775199,0.0,-0.0084995039196582,0.0,-0.0146463423048475,0.0,0.0151731836356633,0.0,-0.0099984985396621,-0.0067441429350208,0.0,0.0,-0.0116390964990934,0.0211626424460067,0.0,-0.0019130861317735,-0.007192848831724,-0.0109796320780106,0.0,-0.0141591766432498,0.0,0.0,0.010076031222162,-0.0025835052560935,0.0050603646724339,-0.0278168011265348,-0.0067981859544616,-0.0201524949956043,-0.0210787292806128,-0.006172643292803,0.0099529090268493,-0.0063926538539067,-0.0091202353243102,0.0,-0.0271912181306138,-0.0046944431187909,0.0077054484122601,-0.0233426908090216,0.013862860404003,0.0236684610192646,0.0,-0.0291090022600155,-0.0056975946594381,0.0,0.0,0.0129973802333859,-0.0050062471281421,-0.0050376878968725,-0.0208452571566952,-0.0160402350322367,-0.0025408711813288,-0.020364196716085
sid4977-anchor-COSINE-7111-M_close_49.wav,0.0,0.0,-0.0066970638473627,0.0,0.0,0.0,0.0,-0.0107014887350296,0.0,-0.007835517391913,0.0,0.0,0.0180255280292925,0.0,-0.0351893705745738,-0.0667166831575548,-0.0240646120692062,-0.0261247158965536,0.0004003867898268,-0.0230417361062728,-0.0277135845738345,-0.0132581802204451,0.0,-0.0224544040189494,-0.0025922742963564,0.0171215414050326,-0.0041057498651816,0.0265595575272308,0.0194203312066488,0.0288118910321693,0.0,0.0,0.0,0.0,0.0,0.0,0.0,0.0,-0.0114176541051115,0.0,0.0,0.0,0.0,-0.0065766721515262,0.0,0.0222934879463472,0.0,0.0,-0.0118949594997133,0.0,0.0,-0.0043719604633051,-0.0074165771883736,0.0,-0.0117064530064123,0.0,-0.0112229933080941,-0.002861920499639,0.0,0.0,0.0,-0.0121116451307576,0.0,0.0,0.0,-0.0045875682851857,-0.0223376617061336,-0.0091744921881601,-0.0044617966701303,-0.0088968194170752,0.0,0.0,0.0,0.0,0.0,-0.0061155355679025,-0.0041123767761627,-0.0110771033389958,-0.0075967627003279,0.0,-0.0014150268927612,0.0,-0.0067209139048277,0.0,0.0,-0.0032428004112614,0.0,-0.0030495962452961,0.0,0.0,-0.0176733217693645,-0.0059917536953104,-0.0080530280536325,0.0,-0.0022647174086465,0.0,0.0,-0.0033371647100957,-0.0001374752977893,0.0,0.0,0.0,0.0,0.0,-0.0017658464796632,-0.0049834843144447,-0.0137949625666789,0.0,0.0,0.0,-0.0072089176062056,-0.0063295758922155,-0.0072050419325546,-0.0079280490955816,0.0,0.0,0.0152114846743641,0.0,0.0,-0.0129656731352678,-0.0127975353563564,-0.0044011737497773,-0.0017968196379592,0.0,-0.0120716006599936,0.0,0.0,0.0,0.0,-0.0032135713033087,-0.0086033418060579,0.0,-0.0043417215092412,-0.0008731935969197,0.0,0.0,-0.0219760463066204,-0.0023720140874502,-0.0055731573005599,0.0,-0.0057178503831408,-0.0108700024939658,-0.0031752995581604,0.0,0.0001680660181259,0.0,0.0,-0.0077910655110333,-0.0128021743058076,-0.0110906739129922,-0.0020605617822887,0.0,0.0,0.0,-0.0060024398543805,-0.0071561477692113,0.0,0.0,0.0,-0.0087528315635617,-0.0081148356457762
sid2938-noisy-COSINE-3792-F_array1_206.wav,-0.0121598098619653,0.0,0.0,0.0,0.0,0.0172096833136483,0.0,0.0,0.0168195655008109,0.0,0.0,0.0706905387942365,0.0,0.0159143630903517,-0.0056843883867592,0.0,0.0,-0.0239975653963071,0.0149255484536208,0.0,0.0,0.0,0.0,0.0,-0.0255843304621699,-0.015583381158489,0.0,-0.0074234429554165,0.0,0.0163383607369563,0.0,0.0,0.0169961472010538,-0.0037376585766981,0.0,0.0,0.0,-0.0058589106601529,0.0,-0.0235493481246812,-0.0030523021085788,-0.0058822462736154,0.0,-0.0202255260924645,0.0,0.0,-0.0055891136058295,-0.0172946026239124,0.0,0.0,0.0,0.0,0.0,-0.0100944568710133,0.0,0.0,0.0,0.0,0.0,0.0,0.0,0.0130101766459641,0.0,0.0,0.0,0.0164962228275457,0.0118488030320778,0.0,0.0,0.0,0.0,0.0,0.0,0.0130839892482584,0.0,0.0,0.0,0.0,0.0,0.0,0.0,0.0,-0.0048858921841247,0.0,0.0,0.0,0.0,0.0,0.0,-0.0089261818577736,0.019674903543524,-0.0179057329431007,0.0,0.0,0.0,-0.0149729684500366,0.0,0.0,0.0,0.0,0.0,-0.0012177965374783,0.0,0.0,0.0,0.0,0.0,0.0,0.0,-0.0025783438690156,0.0,0.0,-0.0059962838108236,0.0,0.0,0.0,0.0133010335371598,0.0,0.0,0.0,-0.0048253569624171,0.0,0.0,0.0,0.0,0.0,0.0,0.0,0.0,0.0,0.0,-0.0109629877605801,0.0,0.0,0.0,0.0,0.0,0.0161039410531083,0.0,0.0,-0.0115835306986941,-0.0089837513486702,0.0,0.0,-0.0075073243672237,-0.0052793955921153,0.0,0.0,-0.0141252677853174,-0.0095047942124909,-0.0030852670285411,-0.0077494165596878,0.0,0.0,0.0,-0.0105115939838789,0.0,0.0,-0.005443536528549,0.0,0.0
sid5175-anchor-COSINE-7321-M_close_157.wav,0.0,-0.0272531760019453,0.0120384074099418,0.0106597493154312,-0.0133096259132161,0.0,0.0,0.0095230490436825,0.0,-0.094213022991129,0.0131510600674853,-0.0143980458627566,-0.0081125260943608,0.011582249873243,-0.0321990165114718,0.0,-0.0051205639598442,0.0117172011739104,0.0,0.0,-0.0136486559905593,-0.0057228620490604,0.0,0.0143877621607949,-0.0102935717715756,-0.0068481811422349,0.0,0.0,-0.0134285215703014,-0.031936330398723,0.0,0.0,0.0,0.0354431133651279,0.0,0.0137934937074414,0.0097921916143443,-0.0046629768503673,0.0,-0.0030097430002204,-0.0119846468652514,0.0110144131026067,0.0,0.0,0.0,0.0365525317113474,0.0,-0.0078397993825786,0.0,-0.0103619890070257,0.0,0.0,-0.0166970738403281,0.0,-0.0333991145102732,-0.0393006685278884,-0.0065351499594014,-0.0436129742876621,-0.0032079708605802,0.0,-0.052173192400705,-0.0045450991584625,-0.0009680665715887,-0.0670874151230432,-0.0582853879899192,0.0157224223037301,-0.0474070501754754,0.0184352125233366,0.0128987856477038,-0.0384947949653371,-0.0485126123102837,-0.0123992658019058,-0.0063030485742435,0.0,0.0063333565735124,-0.0144080583896043,-0.0343945713308308,-0.0075300229607915,-0.0290688417788698,-0.0038134661308256,-0.0042418654996112,0.0,-0.0137147323529777,0.0283226708710433,0.0,0.0127006475867193,-0.0105171859579702,0.0,0.0192585789736822,-0.0178131987078446,0.0,0.0157556089690185,-0.0116328757390628,-0.0223653846731295,-0.0267526824314746,-0.0132942943679147,0.0,-0.0140290815499241,0.0,0.0211755857046155,-0.0210506455095946,0.0122764809668882,-0.0185242335703284,0.0113358790949807,-0.0148336741890605,0.0,-0.0141488221203401,-0.0064694546448721,0.0,-0.0085809796401424,-0.0009114528379931,0.0,0.0,0.0086438342103347,-0.0072266950754433,0.0,-0.0199033656832453,-0.0080768052056048,-0.0210060688096611,0.0,-0.014072098035939,0.0167931326329445,0.0,-0.0065177442130626,-0.0060447447214361,0.0,0.0,-0.0021119244412729,-0.01679190179191,0.0,0.0,-0.0325003243493315,0.0,0.0,-0.0010181145525597,-0.0052128071048463,-0.0151287045936468,0.0,-0.0291418902654857,0.0,0.013555100567647,-0.0050144931707144,0.0,0.0,0.0141841349288297,0.0,0.0,-0.0065311166448688,0.0244238249399558,0.0073008588357188,-0.0016346863630983,-0.0150487403567933,0.0,0.0095533466767814,-0.0162384216794875,-0.0032289897604117,0.0,0.0,-0.002167634766117,-0.0076685821035874,0.0
sid3188-anchor-COSINE-3826-M_close_206.wav,0.0,0.0,0.0269286018223013,0.0,0.0,0.0,-0.0050223500267665,0.0,0.0141641588084126,0.0,0.0,0.0,-0.0145191900181329,0.0,0.0,0.0,0.0,0.0,-0.0058379454288444,0.0296157834493615,0.0,0.0393752521960793,0.0208823987101934,0.0771333828071571,0.0641242175360635,0.0229612178620459,0.0,-0.0162762566566867,0.0,0.0190010194836226,-0.00253417616069,-0.0084179557720568,0.0,-0.0025096543079192,0.0,-0.0235273156824215,-0.0342551737997981,-0.020349983465417,-0.0198530824396022,0.0,-0.01797684567183,0.0,0.0,-0.0062585015047877,0.0,-0.0126386495200157,0.0,0.0,-0.0133891820241477,0.0,0.0,0.0,0.0,0.0,0.0,-0.0066969597114316,0.0,0.0,0.0,0.0,0.019197442871623,0.0,-0.0060157458512243,0.0,0.0,0.0,0.0,0.0,0.012432509967556,0.0,0.0,-0.0128791394069973,-0.0083822042017619,-0.0137204928616867,-0.0083606367953337,-0.0037547418101856,0.0,0.0,0.0,-0.0116473729799377,0.0170624853757198,0.0,0.0,0.0,0.0,0.0,0.0,0.0,0.0,0.0,0.0227004373750062,0.0,0.0,-0.0136531178866299,-0.0075933115910125,0.0,0.0116237187323446,0.0,0.0,0.0,0.0,0.0,0.0,0.0,0.0,0.0,0.0,0.0,-0.007448518074502,0.0,-0.0151932671184233,0.0,0.0,-0.0086289011542339,0.0,-0.0071624379639874,0.0,0.0,0.0,0.0,0.0,0.0,-0.0034917712946183,0.0,-0.0131502837201237,0.0,0.0,0.0,0.0,0.0,0.0,0.0,-0.0061599409965746,0.0,0.0,0.0,0.0224702553187302,0.0,0.0,-0.0175725990911281,0.0,0.0,-0.0063372034840654,0.0,0.0,0.0,0.0,0.0,0.0,0.0,0.0,0.0,-0.014592098696342,0.0,0.0,0.0111307550913334,0.0,-0.0069461801885182,0.0,0.0,0.0
sid2789-noisy-COSINE-3381-F_array1_57.wav,-0.0050556665710392,-0.0045472285898088,0.0,-0.0149513985194151,0.0,0.0,0.0,0.0,0.0,-0.0251329893932378,-0.0067711971335465,-0.0213599734708634,0.0,0.0,-0.0311741456607414,-0.0613611730759087,-0.0050162530322849,-0.0503953030528869,-0.044330004846007,0.0,-0.0052848269038348,0.0,0.0261994519496084,0.0,0.027361955544206,0.0,0.0,0.0,0.0,0.0,0.0,-0.0050573284070543,-0.0018177269741663,0.0,0.0,0.0,-0.0038931022383467,0.0,0.0,0.0,0.0,0.0,0.0,6.361177409266914e-05,0.0,0.0,-0.002788507353725,-0.0058902432718344,0.0,0.0,0.0,-0.0087982321819723,0.0,0.0,-0.0056380718468107,0.0,0.0,-0.001921441718176,0.0,0.0,0.0,0.0,0.0,0.0,0.0,0.0,0.0,0.0,0.0,0.0,-0.0035286343672349,0.0,0.0,0.0,0.0,0.0,-0.0032594421132087,0.0,0.0,0.0,0.0,0.0,0.0,0.0,0.0,0.0,0.0,0.0,0.0,0.0,0.0,0.0,0.0,0.0,0.0,0.0,0.0,0.0,0.0,0.0,0.0,0.0,0.0,0.0,0.0,0.0,-0.0039744167756506,0.0,-0.0042271050125721,0.0,0.0,0.0,0.0,0.0,0.0,0.0,0.0,0.0,-0.0021588297332532,0.0,0.0,0.0,0.0,0.0,-0.0077086454385367,0.0,0.0,0.0,0.0,0.0,0.0,0.0,0.0,-0.0030115945486711,-0.0069271375984065,-0.0051540566033229,0.0,0.0,0.0,0.0,0.0,0.0,0.0,-0.0013470582660903,0.0,0.0,0.0,0.0,0.0,0.0,0.0,-0.0050994276298052,0.0,0.0,0.0,-0.0052256307037093,0.0,0.0,0.0,0.0,-0.0043933466843745
